{
  "hypervolume": 1.1910353079549256,
  "r2_indicator": -0.27010749323730066,
  "avg_pairwise_distance": 0.2971919481677594,
  "spacing": 0.10487768054008484,
  "spread": 1.3534034965012667,
  "tds": 0.6223020887678009,
  "mpd": 0.9090808908403872,
  "mce": 0.2667608682669086,
  "num_modes": 4,
  "pmd": 0.0,
  "pfs": 0.0011416202701609191,
  "pas": 0.2971919481677594,
  "rbd": 0.6060332075332079,
  "fci": 0.47500999600159943,
  "qds": 0.5786628927264739,
  "der": 8.03684361964333,
  "num_parameters": 68103,
  "training_time": 1954.734501,
  "final_loss": -2.470787286758423,
  "seed": 486,
  "exp_name": "entropy_05_seed486",
  "capacity": "medium",
  "hidden_dim": 128,
  "num_layers": 4
}