{
  "loss": [
    12.313085556030273,
    -2.5220229625701904,
    -2.6649370193481445,
    -2.62856125831604,
    -2.7374513149261475,
    -2.611746072769165,
    -2.554870128631592,
    -2.470787286758423
  ],
  "base_loss": [
    13.093161582946777,
    0.0627107247710228,
    0.07378879189491272,
    0.09307558089494705,
    0.10384657979011536,
    0.1086513102054596,
    0.13512638211250305,
    0.11721757054328918
  ],
  "reg_term": [
    -0.7800760269165039,
    -2.5847336873412132,
    -2.7387258112430573,
    -2.721636839210987,
    -2.841297894716263,
    -2.7203973829746246,
    -2.689996510744095,
    -2.588004857301712
  ],
  "log_Z": [
    -0.0009999999310821295,
    -0.062177445739507675,
    -0.13248339295387268,
    -0.230631023645401,
    -0.3571005165576935,
    -0.5175561308860779,
    -0.714323878288269,
    -0.9447749853134155
  ],
  "iteration": [
    1,
    501,
    1001,
    1501,
    2001,
    2501,
    3001,
    3501
  ]
}