{
  "hypervolume": 1.1941006575887376,
  "r2_indicator": -0.2704561490660364,
  "avg_pairwise_distance": 0.4922032422657424,
  "spacing": 0.17847684025764465,
  "spread": 1.505768123199515,
  "tds": 0.5564193796141005,
  "mpd": 0.9242125410656474,
  "mce": 0.4569913659416098,
  "num_modes": 14,
  "pmd": 0.0,
  "pfs": 0.002256972874356887,
  "pas": 0.4922032422657424,
  "rbd": 0.5567424163939388,
  "fci": 0.41788533317016463,
  "qds": 0.6413418965740411,
  "der": 10.357299682119182,
  "num_parameters": 68103,
  "training_time": 2512.08416,
  "final_loss": -0.06334798038005829,
  "seed": 42,
  "exp_name": "standard_seed42",
  "capacity": "medium",
  "hidden_dim": 128,
  "num_layers": 4
}