{
  "loss": [
    12.544403076171875,
    -0.059057921171188354,
    -0.07039296627044678,
    -0.0561157688498497,
    -0.054060038179159164,
    -0.05901692435145378,
    -0.06629076600074768,
    -0.06334798038005829
  ],
  "base_loss": [
    12.482868194580078,
    0.0046129305846989155,
    0.002557217376306653,
    0.0009024468017742038,
    0.004631925839930773,
    0.0014037443324923515,
    0.0008533414802514017,
    0.0005229737143963575
  ],
  "reg_term": [
    0.061534881591796875,
    -0.06367085175588727,
    -0.07295018364675343,
    -0.057018215651623905,
    -0.05869196401908994,
    -0.06042066868394613,
    -0.06714410748099908,
    -0.06387095409445465
  ],
  "log_Z": [
    -0.0009999999310821295,
    -0.025173386558890343,
    -0.02331533096730709,
    -0.023138703778386116,
    -0.024422189220786095,
    -0.027192674577236176,
    -0.031152568757534027,
    -0.03583045303821564
  ],
  "iteration": [
    1,
    501,
    1001,
    1501,
    2001,
    2501,
    3001,
    3501
  ]
}