{
  "loss": [
    12.27357292175293,
    0.009021533653140068
  ],
  "base_loss": [
    12.27357292175293,
    0.009021533653140068
  ],
  "reg_term": [
    0.0,
    0.0
  ],
  "log_Z": [
    -0.009999999776482582,
    -0.3058968782424927
  ],
  "iteration": [
    1,
    501
  ]
}