{
  "hypervolume": 1.1734945536488595,
  "r2_indicator": -0.2680909681331855,
  "avg_pairwise_distance": 0.05973107706900628,
  "spacing": 0.10727933049201965,
  "spread": 1.7023878726559556,
  "tds": 0.4352554922041776,
  "mpd": 1.1703612213045584,
  "mce": 0.06217842422950663,
  "num_modes": 2,
  "pmd": 0.0,
  "pfs": 2.969095288571819e-13,
  "pas": 0.05973107706900628,
  "rbd": 0.4354144374144406,
  "fci": 0.43722190177982867,
  "qds": 0.5023400780808407,
  "der": 1.354926801082677,
  "num_parameters": 68103,
  "training_time": 2330.347942,
  "final_loss": 0.0007976951892487705,
  "seed": 42,
  "exp_name": "pref_dirichlet_high_seed42",
  "hidden_dim": 128,
  "num_layers": 4,
  "conditioning": "concat"
}