{
  "loss": [
    12.624512672424316,
    0.04969704523682594,
    0.011602427810430527,
    0.0070775654166936874,
    0.002533091465011239,
    0.0027587800286710262,
    0.006608282215893269,
    0.0007976951892487705
  ],
  "log_Z": [
    -0.0009999998146668077,
    -0.02374085783958435,
    -0.02809840999543667,
    -0.03348754346370697,
    -0.038135528564453125,
    -0.041435930877923965,
    -0.04575101286172867,
    -0.05140460655093193
  ],
  "iteration": [
    1,
    501,
    1001,
    1501,
    2001,
    2501,
    3001,
    3501
  ]
}