{
  "hypervolume": 1.1909610166891182,
  "r2_indicator": -0.2700896814515758,
  "avg_pairwise_distance": 0.49400909417908734,
  "spacing": 0.17634117603302002,
  "spread": 1.515256361498987,
  "tds": 0.5440735986307231,
  "mpd": 1.0370601246657472,
  "mce": 0.4575100150269111,
  "num_modes": 4,
  "pmd": 0.0,
  "pfs": 0.0012924750052593697,
  "pas": 0.49400909417908734,
  "rbd": 0.5470715221927459,
  "fci": 0.39656518345042935,
  "qds": 0.6419223193621069,
  "der": 11.2164428571685,
  "num_parameters": 68103,
  "training_time": 2328.177314,
  "final_loss": -0.061739806085824966,
  "seed": 42,
  "exp_name": "reward_shaping_diversity_seed42",
  "capacity": "medium",
  "hidden_dim": 128,
  "num_layers": 4
}