{
  "loss": [
    11.708124160766602,
    -0.05945960059762001,
    -0.06338007003068924,
    -0.06621946394443512,
    -0.06159449368715286,
    -0.05518729239702225,
    -0.06201586127281189,
    -0.061739806085824966
  ],
  "base_loss": [
    11.590356826782227,
    0.0034709349274635315,
    0.0024672402068972588,
    0.0006435191608034074,
    0.0006629523704759777,
    0.005620159208774567,
    0.0009152299026027322,
    0.0015672785229980946
  ],
  "reg_term": [
    0.117767333984375,
    -0.06293053552508354,
    -0.0658473102375865,
    -0.06686298310523853,
    -0.06225744605762884,
    -0.060807451605796814,
    -0.06293109117541462,
    -0.06330708460882306
  ],
  "log_Z": [
    -0.0009999998146668077,
    -0.02540631592273712,
    -0.022983470931649208,
    -0.02242228016257286,
    -0.02380521222949028,
    -0.026484277099370956,
    -0.030661914497613907,
    -0.035728394985198975
  ],
  "iteration": [
    1,
    501,
    1001,
    1501,
    2001,
    2501,
    3001,
    3501
  ]
}