{
  "hypervolume": 1.1734945536488595,
  "r2_indicator": -0.2680909681331855,
  "avg_pairwise_distance": 0.09254572848868348,
  "spacing": 0.1856544315814972,
  "spread": 1.765689253935496,
  "tds": 0.4053659919793678,
  "mpd": 1.2182664677199901,
  "mce": 0.06682567632435844,
  "num_modes": 3,
  "pmd": 0.0,
  "pfs": 1.5584683483682978e-12,
  "pas": 0.09254572848868348,
  "rbd": 0.40575820363699594,
  "fci": 0.48002735140431096,
  "qds": 0.5128871065086255,
  "der": 2.1019545104209727,
  "num_parameters": 68103,
  "training_time": 2327.390851,
  "final_loss": 0.0015016659162938595,
  "seed": 42,
  "exp_name": "pref_dirichlet_low_seed42",
  "hidden_dim": 128,
  "num_layers": 4,
  "conditioning": "concat"
}