{
  "loss": [
    13.735549926757812,
    0.02377512864768505,
    0.02423548325896263,
    0.0073331850580871105,
    0.008340251632034779,
    0.004223697353154421,
    0.004542974755167961,
    0.0015016659162938595
  ],
  "log_Z": [
    -0.0009999999310821295,
    -0.02289774641394615,
    -0.026682930067181587,
    -0.03268781304359436,
    -0.03734288737177849,
    -0.04413187876343727,
    -0.05030243471264839,
    -0.05667982995510101
  ],
  "iteration": [
    1,
    501,
    1001,
    1501,
    2001,
    2501,
    3001,
    3501
  ]
}