{
  "hypervolume": 0.1099999814460865,
  "r2_indicator": -0.04536363568894863,
  "avg_pairwise_distance": 0.0,
  "spacing": 0.0,
  "spread": 1.0,
  "tds": 0.16175404842071509,
  "mpd": 3.1780538303479458,
  "mce": 0.0,
  "num_modes": 1,
  "pmd": 0.0,
  "pfs": 0.0,
  "pas": 0.0,
  "rbd": 0.16175404842070898,
  "fci": 0.6343384818007662,
  "qds": 0.04545453778763904,
  "der": 0.0,
  "num_parameters": 9351,
  "training_time": 6117.188648,
  "final_loss": 0.03990992158651352,
  "seed": 375,
  "exp_name": "medium_low_seed375",
  "condition_name": "medium_low"
}