{
  "loss": [
    237.45281982421875,
    4.937253475189209,
    2.736010789871216,
    0.10005713999271393,
    1.0035755634307861,
    0.6420199871063232,
    0.24374458193778992,
    0.03990992158651352
  ],
  "base_loss": [
    232.25778198242188,
    1.0028226375579834,
    3.04913330078125,
    0.1170167475938797,
    2.1699941158294678,
    0.4791591763496399,
    0.2757835388183594,
    0.1277039796113968
  ],
  "reg_term": [
    5.195037841796875,
    3.9344308376312256,
    -0.3131225109100342,
    -0.01695960760116577,
    -1.1664185523986816,
    0.16286081075668335,
    -0.03203895688056946,
    -0.08779405802488327
  ],
  "log_Z": [
    -0.0009999999310821295,
    -0.04896237328648567,
    -0.05029751732945442,
    -0.05184813588857651,
    -0.05275999382138252,
    -0.05410780757665634,
    -0.05638211593031883,
    -0.062035467475652695
  ],
  "iteration": [
    1,
    501,
    1001,
    1501,
    2001,
    2501,
    3001,
    3501
  ]
}