{
  "hypervolume": 1.1941044513107946,
  "r2_indicator": -0.2704561490660364,
  "avg_pairwise_distance": 0.4863571056779346,
  "spacing": 0.17646530270576477,
  "spread": 1.4703095933886698,
  "tds": 0.5386959265015928,
  "mpd": 0.9999070796304229,
  "mce": 0.4504648375228444,
  "num_modes": 10,
  "pmd": 0.0,
  "pfs": 0.0024532195251866142,
  "pas": 0.4863571056779346,
  "rbd": 0.5416149865846882,
  "fci": 0.41436847258485643,
  "qds": 0.6394628771081403,
  "der": 10.570996250161643,
  "num_parameters": 68103,
  "training_time": 2432.067386,
  "final_loss": -0.06033535301685333,
  "seed": 375,
  "exp_name": "standard_seed375",
  "capacity": "medium",
  "hidden_dim": 128,
  "num_layers": 4
}