{
  "loss": [
    11.971863746643066,
    -0.07273554056882858,
    -0.06448984891176224,
    -0.0687360018491745,
    -0.06433355063199997,
    -0.05739639699459076,
    -0.0580764003098011,
    -0.06033535301685333
  ],
  "base_loss": [
    11.293110847473145,
    0.010340339504182339,
    0.01718297228217125,
    0.004821726121008396,
    0.0013408948434516788,
    0.0008209882071241736,
    0.003174236975610256,
    0.001424270449206233
  ],
  "reg_term": [
    0.6787528991699219,
    -0.08307588007301092,
    -0.08167282119393349,
    -0.0735577279701829,
    -0.06567444547545165,
    -0.05821738520171493,
    -0.06125063728541136,
    -0.061759623466059566
  ],
  "log_Z": [
    -0.0009999999310821295,
    -0.026402251794934273,
    -0.02520844340324402,
    -0.025138819590210915,
    -0.02573610655963421,
    -0.02735651284456253,
    -0.030679160729050636,
    -0.036419276148080826
  ],
  "iteration": [
    1,
    501,
    1001,
    1501,
    2001,
    2501,
    3001,
    3501
  ]
}