{
  "hypervolume": 1.1692031143482569,
  "r2_indicator": -0.26797693666319056,
  "avg_pairwise_distance": 0.08598404555951411,
  "spacing": 0.1272609531879425,
  "spread": 1.7059490132026849,
  "tds": 0.43890761968981795,
  "mpd": 1.4206644125052226,
  "mce": 0.1844745689018252,
  "num_modes": 2,
  "pmd": 0.0,
  "pfs": 0.0,
  "pas": 0.0,
  "rbd": 0.43900841750842523,
  "fci": 0.4172573720025923,
  "qds": 0.5107781017380747,
  "der": 330.57386482529716,
  "num_parameters": 519,
  "training_time": 1804.199269,
  "final_loss": 0.004196068737655878,
  "seed": 456,
  "exp_name": "small_concat_seed456",
  "capacity": "small",
  "hidden_dim": 32,
  "num_layers": 2,
  "conditioning": "concat",
  "alpha": 1.5,
  "preference_sampling": "dirichlet",
  "loss": "trajectory_balance"
}