{
  "loss": [
    14.597040176391602,
    0.05376717075705528,
    0.013785009272396564,
    0.008101715706288815,
    0.008460684679448605,
    0.010697059333324432,
    0.008073030970990658,
    0.004196068737655878
  ],
  "log_Z": [
    -0.0010000000474974513,
    -0.1191028580069542,
    -0.11988285183906555,
    -0.12001867592334747,
    -0.12034211307764053,
    -0.1200433224439621,
    -0.12006145715713501,
    -0.12065927684307098
  ],
  "iteration": [
    1,
    501,
    1001,
    1501,
    2001,
    2501,
    3001,
    3501
  ]
}