{
  "loss": [
    13.578405380249023,
    0.039330001920461655,
    0.03714846074581146,
    0.016436349600553513,
    0.004489079117774963,
    0.0003866121405735612,
    0.0013321584556251764,
    0.005069104954600334
  ],
  "log_Z": [
    -0.0009999999310821295,
    -0.023544108495116234,
    -0.028284737840294838,
    -0.03334252908825874,
    -0.038734953850507736,
    -0.042580608278512955,
    -0.04685316979885101,
    -0.053299710154533386
  ],
  "iteration": [
    1,
    501,
    1001,
    1501,
    2001,
    2501,
    3001,
    3501
  ]
}