{
  "hypervolume": 1.1906514717438734,
  "r2_indicator": -0.27005408811418696,
  "avg_pairwise_distance": 0.11441622286443148,
  "spacing": 0.10519180446863174,
  "spread": 1.782494405259795,
  "tds": 0.3581479432834613,
  "mpd": 1.231826776626443,
  "mce": 0.3112268913124868,
  "num_modes": 2,
  "pmd": 0.0,
  "pfs": 6.298283658427662e-13,
  "pas": 0.11138258469114688,
  "rbd": 0.35828676262009906,
  "fci": 0.5031153602582175,
  "qds": 0.5199165496363498,
  "der": 6.261834782617371,
  "num_parameters": 9863,
  "training_time": 6669.287964,
  "final_loss": 0.0032519265078008175,
  "seed": 456,
  "exp_name": "medium_film_seed456",
  "capacity": "medium",
  "hidden_dim": 64,
  "num_layers": 3,
  "conditioning": "film",
  "alpha": 1.5,
  "preference_sampling": "dirichlet",
  "loss": "trajectory_balance"
}