{
  "hypervolume": 1.1692031143482569,
  "r2_indicator": -0.26960278698967566,
  "avg_pairwise_distance": 0.09712862493269137,
  "spacing": 0.08667632937431335,
  "spread": 1.7122555763008598,
  "tds": 0.40868838538367186,
  "mpd": 1.3312540799747945,
  "mce": 0.11999780856137547,
  "num_modes": 4,
  "pmd": 0.0,
  "pfs": 0.003984691578448627,
  "pas": 0.09702469736479888,
  "rbd": 0.4088417508417574,
  "fci": 0.42616621305145896,
  "qds": 0.5143601052145498,
  "der": 16.68711886461619,
  "num_parameters": 9863,
  "training_time": 2124.512783,
  "final_loss": 0.003027670318260789,
  "seed": 456,
  "exp_name": "medium_film_seed456",
  "capacity": "medium",
  "hidden_dim": 64,
  "num_layers": 3,
  "conditioning": "film",
  "alpha": 1.5,
  "preference_sampling": "dirichlet",
  "loss": "trajectory_balance"
}