{
  "loss": [
    12.544815063476562,
    0.09626572579145432,
    0.029053881764411926,
    0.02351720817387104,
    0.022315002977848053,
    0.010620903223752975,
    0.004691132344305515,
    0.003027670318260789,
    0.008408489637076855,
    0.006298921070992947,
    0.00536804273724556,
    0.0033794164191931486,
    0.0075360313057899475,
    0.014803708530962467,
    0.003919760696589947,
    0.00471812579780817,
    0.004228976555168629,
    0.004116843454539776,
    0.002874820725992322,
    0.0032519265078008175
  ],
  "log_Z": [
    -0.0009999999310821295,
    -0.03417063131928444,
    -0.03485165163874626,
    -0.03609660267829895,
    -0.03801140561699867,
    -0.040993209928274155,
    -0.04306785389780998,
    -0.04616321250796318,
    -0.047904856503009796,
    -0.05005798116326332,
    -0.05279940366744995,
    -0.05538255721330643,
    -0.05748598277568817,
    -0.05971593037247658,
    -0.06126069277524948,
    -0.06288786232471466,
    -0.06497181951999664,
    -0.06656879931688309,
    -0.06748521327972412,
    -0.06831718236207962
  ],
  "iteration": [
    1,
    501,
    1001,
    1501,
    2001,
    2501,
    3001,
    3501,
    4001,
    4501,
    5001,
    5501,
    6001,
    6501,
    7001,
    7501,
    8001,
    8501,
    9001,
    9501
  ]
}