{
  "loss": [
    12.544815063476562,
    0.09626572579145432,
    0.029053881764411926,
    0.02351720817387104,
    0.022315002977848053,
    0.010620903223752975,
    0.004691132344305515,
    0.003027670318260789
  ],
  "log_Z": [
    -0.0009999999310821295,
    -0.03417063131928444,
    -0.03485165163874626,
    -0.03609660267829895,
    -0.03801140561699867,
    -0.040993209928274155,
    -0.04306785389780998,
    -0.04616321250796318
  ],
  "iteration": [
    1,
    501,
    1001,
    1501,
    2001,
    2501,
    3001,
    3501
  ]
}