{
  "hypervolume": 1.1940840760051674,
  "r2_indicator": -0.2704561490660364,
  "avg_pairwise_distance": 0.4563975332069343,
  "spacing": 0.16131407022476196,
  "spread": 1.4267525677686663,
  "tds": 0.5926772365852497,
  "mpd": 1.0321089915847723,
  "mce": 0.46160518892409985,
  "num_modes": 11,
  "pmd": 0.0,
  "pfs": 0.0015862957521592634,
  "pas": 0.4563975332069343,
  "rbd": 0.5883277715550589,
  "fci": 0.44661466268511174,
  "qds": 0.6298335058100976,
  "der": 9.548523246733065,
  "num_parameters": 68103,
  "training_time": 2526.639818,
  "final_loss": -0.3133930563926697,
  "seed": 42,
  "exp_name": "entropy_005_seed42",
  "capacity": "medium",
  "hidden_dim": 128,
  "num_layers": 4
}