{
  "loss": [
    11.599068641662598,
    -0.30402839183807373,
    -0.31198590993881226,
    -0.29866212606430054,
    -0.3079177141189575,
    -0.2878587245941162,
    -0.2707849144935608,
    -0.3133930563926697
  ],
  "base_loss": [
    11.868125915527344,
    0.004104664083570242,
    0.006209523882716894,
    0.003145052818581462,
    0.0034970594570040703,
    0.0029175924137234688,
    0.004232991021126509,
    0.003068526741117239
  ],
  "reg_term": [
    -0.2690572738647461,
    -0.308133055921644,
    -0.31819543382152915,
    -0.301807178882882,
    -0.3114147735759616,
    -0.2907763170078397,
    -0.2750179055146873,
    -0.3164615831337869
  ],
  "log_Z": [
    -0.0009999999310821295,
    -0.026995988562703133,
    -0.029448501765727997,
    -0.037143774330616,
    -0.04721294716000557,
    -0.060040637850761414,
    -0.07704721391201019,
    -0.09823720157146454
  ],
  "iteration": [
    1,
    501,
    1001,
    1501,
    2001,
    2501,
    3001,
    3501
  ]
}