{
  "hypervolume": 0.05501855654526357,
  "r2_indicator": -0.09842458183448047,
  "avg_pairwise_distance": 0.5624378143265585,
  "spacing": 0.10635235905647278,
  "spread": 1.2034422313933457,
  "tds": 0.9001506963209313,
  "mpd": 0.6931471805599453,
  "mce": 0.19564966025661215,
  "num_modes": 63,
  "pmd": 0.0,
  "pfs": 0.05732707911265907,
  "pas": 0.5624378143265585,
  "rbd": 0.8941274651274664,
  "fci": 0.28959561727374594,
  "qds": 0.6476016470472106,
  "der": 135.54475833114952,
  "num_parameters": 3745,
  "training_time": 3988.801854,
  "final_loss": -0.07119660824537277,
  "seed": 486,
  "exp_name": "small_high_seed486",
  "condition_name": "small_high"
}