{
  "loss": [
    11.008208274841309,
    0.10503001511096954,
    0.02176995575428009,
    -0.038192689418792725,
    0.0031133145093917847,
    -0.026220470666885376,
    0.08365465700626373,
    -0.06749028712511063,
    0.00030305981636047363,
    0.028096631169319153,
    -0.1028047502040863,
    -0.014295563101768494,
    -0.09080156683921814,
    -0.03894531726837158,
    -0.04378020763397217,
    -0.10624969750642776,
    -0.1062922477722168,
    -0.06957168877124786,
    -0.11002729833126068,
    -0.07119660824537277
  ],
  "base_loss": [
    8.849800109863281,
    0.268937349319458,
    0.21392373740673065,
    0.1690894216299057,
    0.14590108394622803,
    0.08085628598928452,
    0.12514609098434448,
    0.1499060094356537,
    0.1013183444738388,
    0.20397891104221344,
    0.08775545656681061,
    0.23810884356498718,
    0.07011361420154572,
    0.131453737616539,
    0.09526441246271133,
    0.08054940402507782,
    0.10283755511045456,
    0.10965122282505035,
    0.11428491026163101,
    0.1069452315568924
  ],
  "reg_term": [
    2.1584081649780273,
    -0.16390733420848846,
    -0.19215378165245056,
    -0.20728211104869843,
    -0.14278776943683624,
    -0.10707675665616989,
    -0.04149143397808075,
    -0.2173962965607643,
    -0.10101528465747833,
    -0.1758822798728943,
    -0.1905602067708969,
    -0.2524044066667557,
    -0.16091518104076385,
    -0.17039905488491058,
    -0.1390446200966835,
    -0.18679910153150558,
    -0.20912980288267136,
    -0.17922291159629822,
    -0.2243122085928917,
    -0.17814183980226517
  ],
  "log_Z": [
    -0.0009999998146668077,
    -0.09655673056840897,
    -0.0822903960943222,
    -0.08123680204153061,
    -0.06744026392698288,
    -0.056585729122161865,
    -0.04550159350037575,
    -0.05277469754219055,
    -0.05304859206080437,
    -0.05015010014176369,
    -0.052928924560546875,
    -0.050705112516880035,
    -0.05026399716734886,
    -0.04474635049700737,
    -0.03495517745614052,
    -0.03834502771496773,
    -0.03650836646556854,
    -0.028514696285128593,
    -0.03648538142442703,
    -0.02619357593357563
  ],
  "iteration": [
    1,
    501,
    1001,
    1501,
    2001,
    2501,
    3001,
    3501,
    4001,
    4501,
    5001,
    5501,
    6001,
    6501,
    7001,
    7501,
    8001,
    8501,
    9001,
    9501
  ]
}