{
  "hypervolume": 1.1826522566072544,
  "r2_indicator": -0.2691423180090131,
  "avg_pairwise_distance": 0.0601134367264177,
  "spacing": 0.06597409397363663,
  "spread": 1.593719154370858,
  "tds": 0.4866288437842742,
  "mpd": 1.1501004830671853,
  "mce": 0.08455663292131178,
  "num_modes": 2,
  "pmd": 0.0,
  "pfs": 2.2941110442252217e-14,
  "pas": 0.06103653298131799,
  "rbd": 0.48683164983165755,
  "fci": 0.4835575955734406,
  "qds": 0.5024629731292988,
  "der": 230.09993584775262,
  "num_parameters": 519,
  "training_time": 1812.133558,
  "final_loss": 0.01218485739082098,
  "seed": 123,
  "exp_name": "small_concat_seed123",
  "capacity": "small",
  "hidden_dim": 32,
  "num_layers": 2,
  "conditioning": "concat",
  "alpha": 1.5,
  "preference_sampling": "dirichlet",
  "loss": "trajectory_balance"
}