{
  "loss": [
    14.773225784301758,
    0.026610903441905975,
    0.02766384370625019,
    0.012142162770032883,
    0.008449036628007889,
    0.007516530342400074,
    0.008120068348944187,
    0.01218485739082098
  ],
  "log_Z": [
    -0.0009999999310821295,
    -0.11097550392150879,
    -0.1122334823012352,
    -0.11243750154972076,
    -0.11247549206018448,
    -0.11217322200536728,
    -0.11195909231901169,
    -0.11220432817935944
  ],
  "iteration": [
    1,
    501,
    1001,
    1501,
    2001,
    2501,
    3001,
    3501
  ]
}