{
  "hypervolume": 1.2099999913821327,
  "r2_indicator": -0.2722222212533583,
  "avg_pairwise_distance": 0.012424546724436441,
  "spacing": 0.030878446996212006,
  "spread": 1.4974515645939441,
  "tds": 0.34794612794612795,
  "mpd": 2.6491586832740186,
  "mce": 0.02125898115498199,
  "num_modes": 2,
  "pmd": 0.0,
  "pfs": 0.00803301401102305,
  "pas": 0.012424546724436441,
  "rbd": 0.3479461279461061,
  "fci": 0.4778399933749944,
  "qds": 0.5039933167108186,
  "der": 0.06146471160117704,
  "num_parameters": 68103,
  "training_time": 10685.404392,
  "final_loss": 1.209428310394287,
  "seed": 42,
  "exp_name": "high_tb_seed42",
  "condition_name": "high_tb",
  "pfs_metadata": {
    "recalculated": true,
    "recalculation_date": "2025-12-02T01:02:14.306986",
    "old_value": 0.0,
    "method": "extended_pfs_with_manifold_projection"
  }
}