{
  "loss": [
    254.38363647460938,
    4.929288864135742,
    18.405475616455078,
    7.696864128112793,
    1.6046143770217896,
    7.057971000671387,
    0.5171573758125305,
    1.209428310394287
  ],
  "base_loss": [
    254.38363647460938,
    4.929288864135742,
    18.405475616455078,
    7.696864128112793,
    1.6046143770217896,
    7.057971000671387,
    0.5171573758125305,
    1.209428310394287
  ],
  "reg_term": [
    0.0,
    0.0,
    0.0,
    0.0,
    0.0,
    0.0,
    0.0,
    0.0
  ],
  "log_Z": [
    -0.0009999998146668077,
    -0.02253335900604725,
    -0.02295624651014805,
    -0.023150205612182617,
    -0.02356000430881977,
    -0.02464016154408455,
    -0.02859015390276909,
    -0.031922709196805954
  ],
  "iteration": [
    1,
    501,
    1001,
    1501,
    2001,
    2501,
    3001,
    3501
  ]
}