{
  "hypervolume": 1.4641000000000006,
  "r2_indicator": -0.07028279757740775,
  "avg_pairwise_distance": 0.2660179542775457,
  "spacing": 0.0005917040398344398,
  "spread": 0.4178635061873909,
  "tds": 0.6683080808080808,
  "mpd": 0.6931471805599453,
  "mce": 0.5333292705085989,
  "num_modes": 100,
  "pmd": 0.0,
  "pfs": 0.0,
  "pas": 0.2660179542775457,
  "rbd": 0.6683080808080808,
  "fci": 0.3728111718275653,
  "qds": 0.5604586259721694,
  "der": 2.633589841419681,
  "num_parameters": 70923,
  "training_time": 5127.175863,
  "final_loss": 0.21671804785728455,
  "seed": 42,
  "exp_name": "medium_subtb_seed42",
  "condition_name": "medium_subtb"
}