{
  "hypervolume": 1.4641000000000006,
  "r2_indicator": -0.07028279757740775,
  "avg_pairwise_distance": 0.27586826474522846,
  "spacing": 0.0005917040398344398,
  "spread": 0.41739479368054117,
  "tds": 0.6626767676767676,
  "mpd": 0.6931471805599453,
  "mce": 0.5440421963424934,
  "num_modes": 112,
  "pmd": 0.0,
  "pfs": 0.0,
  "pas": 0.27586826474522846,
  "rbd": 0.6626767676767676,
  "fci": 0.3744058500914078,
  "qds": 0.5626973328966428,
  "der": 2.6459606250319365,
  "num_parameters": 70923,
  "training_time": 5292.169787,
  "final_loss": 0.4516622722148895,
  "seed": 42,
  "exp_name": "medium_subtb_seed42",
  "condition_name": "medium_subtb"
}