{
  "loss": [
    82.72163391113281,
    7.052781105041504,
    6.924832344055176,
    2.011335611343384,
    0.8655203580856323,
    1.555142879486084,
    0.5723827481269836,
    2.2008376121520996,
    1.2207025289535522,
    1.7769795656204224,
    0.5847344398498535,
    0.31760233640670776,
    0.3024458885192871,
    0.20568227767944336,
    0.3984082341194153,
    0.21671804785728455
  ],
  "base_loss": [
    78.73185729980469,
    6.213518142700195,
    8.196869850158691,
    2.52230167388916,
    1.1222889423370361,
    2.0545148849487305,
    0.5183236598968506,
    1.6509464979171753,
    0.6856389045715332,
    1.8272833824157715,
    0.5533698797225952,
    0.37249717116355896,
    0.4595677852630615,
    0.30264565348625183,
    0.3268967270851135,
    0.17745603621006012
  ],
  "reg_term": [
    3.989776611328125,
    0.8392629623413086,
    -1.2720375061035156,
    -0.5109660625457764,
    -0.2567685842514038,
    -0.4993720054626465,
    0.05405908823013306,
    0.5498911142349243,
    0.535063624382019,
    -0.05030381679534912,
    0.0313645601272583,
    -0.054894834756851196,
    -0.15712189674377441,
    -0.09696337580680847,
    0.07151150703430176,
    0.039262011647224426
  ],
  "log_Z": [
    -0.0010000000474974513,
    -0.011054175905883312,
    -0.009163986891508102,
    -0.008808331564068794,
    -0.01670132204890251,
    -0.021202867850661278,
    -0.023748144507408142,
    -0.01982158236205578,
    -0.0188156571239233,
    -0.002860818523913622,
    0.0033799048978835344,
    0.00918955821543932,
    0.017693638801574707,
    0.01816989667713642,
    0.01999790407717228,
    0.02090367116034031
  ],
  "iteration": [
    1,
    501,
    1001,
    1501,
    2001,
    2501,
    3001,
    3501,
    4001,
    4501,
    5001,
    5501,
    6001,
    6501,
    7001,
    7501
  ]
}