{
  "loss": [
    71.49551391601562,
    3.780117988586426,
    4.8191375732421875,
    2.1388649940490723,
    0.654294490814209,
    2.467681884765625,
    0.41416120529174805,
    2.447903633117676,
    0.40253087878227234,
    1.8483365774154663,
    0.3731957972049713,
    0.6230315566062927,
    2.1364083290100098,
    0.30857470631599426,
    0.31575465202331543,
    0.4516622722148895
  ],
  "base_loss": [
    92.12434387207031,
    3.8697710037231445,
    7.244348526000977,
    3.1107077598571777,
    0.6076245307922363,
    0.8670880794525146,
    0.30333274602890015,
    1.670159101486206,
    0.33143332600593567,
    0.736409068107605,
    0.4655866026878357,
    0.7241525650024414,
    2.2839391231536865,
    0.3586943745613098,
    0.4041183292865753,
    0.37909045815467834
  ],
  "reg_term": [
    -20.628829956054688,
    -0.08965301513671875,
    -2.425210952758789,
    -0.9718427658081055,
    0.046669960021972656,
    1.6005938053131104,
    0.1108284592628479,
    0.7777445316314697,
    0.07109755277633667,
    1.1119275093078613,
    -0.09239080548286438,
    -0.10112100839614868,
    -0.14753079414367676,
    -0.05011966824531555,
    -0.08836367726325989,
    0.07257181406021118
  ],
  "log_Z": [
    -0.0010000000474974513,
    -0.007424491923302412,
    -0.011569475755095482,
    -0.021152207627892494,
    -0.025346454232931137,
    -0.02520260401070118,
    -0.023758985102176666,
    -0.021060237661004066,
    -0.022627806290984154,
    -0.0139844361692667,
    -0.006830978207290173,
    -0.0038451103027909994,
    0.0026797910686582327,
    0.007897904142737389,
    0.009088994935154915,
    0.011400765739381313
  ],
  "iteration": [
    1,
    501,
    1001,
    1501,
    2001,
    2501,
    3001,
    3501,
    4001,
    4501,
    5001,
    5501,
    6001,
    6501,
    7001,
    7501
  ]
}