{
  "hypervolume": 1.1910353079549256,
  "r2_indicator": -0.27010749323730066,
  "avg_pairwise_distance": 0.4364547373548497,
  "spacing": 0.16135212779045105,
  "spread": 1.4038804331040118,
  "tds": 0.4169104463527413,
  "mpd": 1.236956107669991,
  "mce": 0.5650451902412158,
  "num_modes": 47,
  "pmd": 0.0,
  "pfs": 0.1023072612442791,
  "pas": 0.4364547373548497,
  "rbd": 0.41714270914271473,
  "fci": 0.40119020418337037,
  "qds": 0.6234236484542666,
  "der": 15.72222672422336,
  "num_parameters": 68103,
  "training_time": 1467.443586,
  "final_loss": 0.0009006296168081462,
  "seed": 42,
  "exp_name": "off_policy_25_seed42",
  "hidden_dim": 128,
  "num_layers": 4,
  "conditioning": "concat",
  "pfs_metadata": {
    "recalculated": true,
    "recalculation_date": "2025-12-01T16:18:27.217422",
    "old_value": 0.0011453827545454653,
    "method": "extended_pfs_with_manifold_projection"
  }
}