{
  "loss": [
    13.026372909545898,
    0.02453092858195305,
    0.008010005578398705,
    0.003877052804455161,
    0.011204076930880547,
    0.00640514399856329,
    0.004022194072604179,
    0.0009006296168081462
  ],
  "log_Z": [
    -0.0009999999310821295,
    -0.025179529562592506,
    -0.02840486168861389,
    -0.0341397188603878,
    -0.03827112540602684,
    -0.04139582812786102,
    -0.04572385549545288,
    -0.05021071806550026
  ],
  "iteration": [
    1,
    501,
    1001,
    1501,
    2001,
    2501,
    3001,
    3501
  ]
}