{
  "hypervolume": 1.4641000000000006,
  "r2_indicator": -0.07028279757740775,
  "avg_pairwise_distance": 0.2775953413168736,
  "spacing": 1.2083729572509583e-08,
  "spread": 0.4004820833161269,
  "tds": 0.6424747474747474,
  "mpd": 0.6931471805599453,
  "mce": 0.5574821413004867,
  "num_modes": 99,
  "pmd": 0.0,
  "pfs": 0.0,
  "pas": 0.2775953413168736,
  "rbd": 0.6424747474747474,
  "fci": 0.37183706392417837,
  "qds": 0.5630898502992895,
  "der": 142.184222942476,
  "num_parameters": 2443,
  "training_time": 2876.999579,
  "final_loss": 7.504948616027832,
  "seed": 42,
  "exp_name": "small_veryhigh_seed42",
  "condition_name": "small_veryhigh"
}