{
  "loss": [
    146.2726287841797,
    10.040042877197266,
    9.912266731262207,
    8.892637252807617,
    8.731104850769043,
    4.937488079071045,
    6.4284796714782715,
    6.365963459014893,
    4.049503326416016,
    6.069462299346924,
    6.3118720054626465,
    5.96569299697876,
    3.483020305633545,
    8.258011817932129,
    5.24839973449707,
    7.504948616027832
  ],
  "base_loss": [
    192.4615936279297,
    9.967986106872559,
    11.508764266967773,
    6.431896686553955,
    7.2646708488464355,
    6.601834774017334,
    5.850469589233398,
    9.655380249023438,
    4.498456001281738,
    8.817679405212402,
    6.450084209442139,
    6.531371593475342,
    3.2911746501922607,
    8.347003936767578,
    4.048639297485352,
    4.985013961791992
  ],
  "reg_term": [
    -46.18896484375,
    0.07205677032470703,
    -1.5964975357055664,
    2.460740566253662,
    1.4664340019226074,
    -1.664346694946289,
    0.578010082244873,
    -3.289416790008545,
    -0.44895267486572266,
    -2.7482171058654785,
    -0.1382122039794922,
    -0.565678596496582,
    0.19184565544128418,
    -0.08899211883544922,
    1.1997604370117188,
    2.51993465423584
  ],
  "log_Z": [
    -0.0009999998146668077,
    -0.08078088611364365,
    -0.030377434566617012,
    0.012674996629357338,
    0.027808137238025665,
    0.022425901144742966,
    0.014087584801018238,
    0.022287642583251,
    0.032684776932001114,
    0.041310496628284454,
    0.06341569870710373,
    0.07474099099636078,
    0.07421556115150452,
    0.09145375341176987,
    0.0849875882267952,
    0.08518928289413452
  ],
  "iteration": [
    1,
    501,
    1001,
    1501,
    2001,
    2501,
    3001,
    3501,
    4001,
    4501,
    5001,
    5501,
    6001,
    6501,
    7001,
    7501
  ]
}