{
  "hypervolume": 1.1909430055728751,
  "r2_indicator": -0.2700896814515758,
  "avg_pairwise_distance": 0.2138560571662646,
  "spacing": 0.09394534677267075,
  "spread": 1.3794422917245963,
  "tds": 0.6284051291142232,
  "mpd": 0.8755840310593992,
  "mce": 0.21733341019595986,
  "num_modes": 5,
  "pmd": 0.0,
  "pfs": 0.0017936749750651513,
  "pas": 0.2138560571662646,
  "rbd": 0.584095743201804,
  "fci": 0.602181889660595,
  "qds": 0.5518777228885738,
  "der": 58.096650527744835,
  "num_parameters": 68103,
  "training_time": 194.583817,
  "final_loss": 0.0074882786720991135,
  "seed": 153,
  "exp_name": "trajectory_balance_t5.0_seed153",
  "capacity": "medium",
  "hidden_dim": 128,
  "num_layers": 4
}