{
  "loss": [
    12.309268951416016,
    0.0074882786720991135
  ],
  "base_loss": [
    12.309268951416016,
    0.0074882786720991135
  ],
  "reg_term": [
    0.0,
    0.0
  ],
  "log_Z": [
    -0.009999999776482582,
    -0.3243037164211273
  ],
  "iteration": [
    1,
    501
  ]
}