{
  "hypervolume": 0.02813048976483544,
  "r2_indicator": -0.09422508908992629,
  "avg_pairwise_distance": 0.5420926957208764,
  "spacing": 0.0940803661942482,
  "spread": 1.2601695871553504,
  "tds": 0.9043948578595318,
  "mpd": 0.6931471805599453,
  "mce": 0.18224238431754478,
  "num_modes": 43,
  "pmd": 0.0,
  "pfs": 0.021189614241180318,
  "pas": 0.5420926957208764,
  "rbd": 0.8965358345358344,
  "fci": 0.2910659261231787,
  "qds": 0.6422624380909899,
  "der": 138.85489302672977,
  "num_parameters": 3745,
  "training_time": 3752.865899,
  "final_loss": -0.03966088593006134,
  "seed": 153,
  "exp_name": "small_veryhigh_seed153",
  "condition_name": "small_veryhigh"
}