{
  "loss": [
    11.1226224899292,
    0.22835692763328552,
    0.17076635360717773,
    0.022571712732315063,
    0.05124548077583313,
    0.020203933119773865,
    0.05110509693622589,
    -0.024201199412345886,
    -0.0048543959856033325,
    -0.026271775364875793,
    -0.029494106769561768,
    -0.04353050887584686,
    0.007657691836357117,
    0.01240105926990509,
    -0.0052163004875183105,
    -0.005986139178276062,
    -0.017683178186416626,
    -0.06300222128629684,
    -0.051461413502693176,
    -0.03966088593006134
  ],
  "base_loss": [
    11.266081809997559,
    0.29449889063835144,
    0.2945667505264282,
    0.1769062578678131,
    0.2886009216308594,
    0.1847011297941208,
    0.09872215986251831,
    0.11686717718839645,
    0.16833190619945526,
    0.18531517684459686,
    0.1283431053161621,
    0.1307138353586197,
    0.08896118402481079,
    0.19873085618019104,
    0.1243189126253128,
    0.18488261103630066,
    0.12016373872756958,
    0.10711147636175156,
    0.106249138712883,
    0.15326005220413208
  ],
  "reg_term": [
    -0.14345932006835938,
    -0.06614196300506592,
    -0.12380039691925049,
    -0.15433454513549805,
    -0.23735544085502625,
    -0.16449719667434692,
    -0.04761706292629242,
    -0.14106837660074234,
    -0.1731863021850586,
    -0.21158695220947266,
    -0.15783721208572388,
    -0.17424434423446655,
    -0.08130349218845367,
    -0.18632979691028595,
    -0.12953521311283112,
    -0.19086875021457672,
    -0.1378469169139862,
    -0.1701136976480484,
    -0.15771055221557617,
    -0.19292093813419342
  ],
  "log_Z": [
    -0.0009999998146668077,
    -0.08952252566814423,
    -0.10349331051111221,
    -0.10554523766040802,
    -0.10660450905561447,
    -0.11255250871181488,
    -0.10971757769584656,
    -0.10411833971738815,
    -0.10511571913957596,
    -0.10520049929618835,
    -0.10034438222646713,
    -0.09449596703052521,
    -0.08508453518152237,
    -0.08787856251001358,
    -0.07959172129631042,
    -0.07960527390241623,
    -0.07717122882604599,
    -0.0748165026307106,
    -0.06313756108283997,
    -0.06297702342271805
  ],
  "iteration": [
    1,
    501,
    1001,
    1501,
    2001,
    2501,
    3001,
    3501,
    4001,
    4501,
    5001,
    5501,
    6001,
    6501,
    7001,
    7501,
    8001,
    8501,
    9001,
    9501
  ]
}