{
  "hypervolume": 1.2099997972135246,
  "r2_indicator": -0.27222219941107134,
  "avg_pairwise_distance": 0.004394993311471975,
  "spacing": 0.04633704945445061,
  "spread": 1.5585131109786163,
  "tds": 0.028760622093955426,
  "mpd": 0.8958797346140275,
  "mce": 0.01514579568530939,
  "num_modes": 2,
  "pmd": 0.0,
  "pfs": 0.0,
  "pas": 0.004394993311471975,
  "rbd": 0.02876062209395679,
  "fci": 0.5779749645478247,
  "qds": 0.5014125198784499,
  "der": 5.5483425975180545,
  "num_parameters": 519,
  "training_time": 5494.524212,
  "final_loss": 9.127458572387695,
  "seed": 264,
  "exp_name": "small_tb_seed264",
  "condition_name": "small_tb"
}