{
  "loss": [
    252.0001220703125,
    30.889734268188477,
    6.645616054534912,
    1.5390708446502686,
    1.4346734285354614,
    6.154505252838135,
    5.2424211502075195,
    0.49098777770996094
  ],
  "base_loss": [
    252.0001220703125,
    30.889734268188477,
    6.645616054534912,
    1.5390708446502686,
    1.4346734285354614,
    6.154505252838135,
    5.2424211502075195,
    0.49098777770996094
  ],
  "reg_term": [
    0.0,
    0.0,
    0.0,
    0.0,
    0.0,
    0.0,
    0.0,
    0.0
  ],
  "log_Z": [
    -0.0009999999310821295,
    -0.09253536909818649,
    -0.10889165848493576,
    -0.11863779276609421,
    -0.11980803310871124,
    -0.12045950442552567,
    -0.12063194811344147,
    -0.12072855234146118
  ],
  "iteration": [
    1,
    501,
    1001,
    1501,
    2001,
    2501,
    3001,
    3501
  ]
}