{
  "loss": [
    251.95655822753906,
    46.3590202331543,
    12.99531078338623,
    3.8250958919525146,
    0.5690587759017944,
    4.79741096496582,
    4.734216690063477,
    9.127458572387695
  ],
  "base_loss": [
    251.95655822753906,
    46.3590202331543,
    12.99531078338623,
    3.8250958919525146,
    0.5690587759017944,
    4.79741096496582,
    4.734216690063477,
    9.127458572387695
  ],
  "reg_term": [
    0.0,
    0.0,
    0.0,
    0.0,
    0.0,
    0.0,
    0.0,
    0.0
  ],
  "log_Z": [
    -0.0009999998146668077,
    -0.09905935078859329,
    -0.11708077788352966,
    -0.1316819190979004,
    -0.1333545297384262,
    -0.13514791429042816,
    -0.13557156920433044,
    -0.13616809248924255
  ],
  "iteration": [
    1,
    501,
    1001,
    1501,
    2001,
    2501,
    3001,
    3501
  ]
}