{
  "hypervolume": 1.1940840760051674,
  "r2_indicator": -0.2704561490660364,
  "avg_pairwise_distance": 0.4808816203344403,
  "spacing": 0.18524684011936188,
  "spread": 1.5074674094152036,
  "tds": 0.5066192422923093,
  "mpd": 0.9904170595290885,
  "mce": 0.4507440862713391,
  "num_modes": 44,
  "pmd": 0.0,
  "pfs": 0.000689699029330292,
  "pas": 0.4808816203344403,
  "rbd": 0.5101484172393357,
  "fci": 0.40637621163166404,
  "qds": 0.6377029894641983,
  "der": 13.019274254863163,
  "num_parameters": 68103,
  "training_time": 1952.484793,
  "final_loss": 0.0009855886455625296,
  "seed": 486,
  "exp_name": "kl_uniform_01_seed486",
  "capacity": "medium",
  "hidden_dim": 128,
  "num_layers": 4
}