{
  "loss": [
    13.783432960510254,
    0.010230883955955505,
    0.002249070443212986,
    0.010796922259032726,
    0.0016611628234386444,
    0.0017483497504144907,
    0.0007840108009986579,
    0.0009855886455625296
  ],
  "base_loss": [
    13.286327362060547,
    0.007077769376337528,
    0.0020240615122020245,
    0.016821544617414474,
    0.0017991699278354645,
    0.0015135235153138638,
    0.0009115368593484163,
    0.0012786933220922947
  ],
  "reg_term": [
    0.49710559844970703,
    0.003153114579617977,
    0.00022500893101096153,
    -0.006024622358381748,
    -0.00013800710439682007,
    0.00023482623510062695,
    -0.0001275260583497584,
    -0.00029310467652976513
  ],
  "log_Z": [
    -0.0009999999310821295,
    -0.026318345218896866,
    -0.02395104058086872,
    -0.021598832681775093,
    -0.01911432296037674,
    -0.016652343794703484,
    -0.014627133496105671,
    -0.012681214138865471
  ],
  "iteration": [
    1,
    501,
    1001,
    1501,
    2001,
    2501,
    3001,
    3501
  ]
}