{
  "hypervolume": 1.1940614442919735,
  "r2_indicator": -0.2704561490660364,
  "avg_pairwise_distance": 0.4912337124742798,
  "spacing": 0.17965355515480042,
  "spread": 1.4702353494103093,
  "tds": 0.5154574039789591,
  "mpd": 0.9982530234059218,
  "mce": 0.44379090300608287,
  "num_modes": 4,
  "pmd": 0.0,
  "pfs": 0.0015725047176638107,
  "pas": 0.4912337124742798,
  "rbd": 0.5181209620906654,
  "fci": 0.4468241856548967,
  "qds": 0.6410302778967203,
  "der": 14.750632994310244,
  "num_parameters": 68103,
  "training_time": 1760.409744,
  "final_loss": 0.00028497364837676287,
  "seed": 153,
  "exp_name": "base_loss_comparison_subtrajectory_balance_09_seed153",
  "capacity": "medium",
  "hidden_dim": 128,
  "num_layers": 4
}