{
  "hypervolume": 1.4641000000000006,
  "r2_indicator": -0.07028279757740775,
  "avg_pairwise_distance": 0.25646746018111427,
  "spacing": 0.0005917039816267788,
  "spread": 0.41212497736182296,
  "tds": 0.6623232323232323,
  "mpd": 0.6931471805599453,
  "mce": 0.5441014756613968,
  "num_modes": 73,
  "pmd": 0.0,
  "pfs": 0.784977471266748,
  "pas": 0.25646746018111427,
  "rbd": 0.6623232323232323,
  "fci": 0.3748892951452367,
  "qds": 0.5582880591320715,
  "der": 1.7270339222606328,
  "num_parameters": 70923,
  "training_time": 7537.838112,
  "final_loss": 0.09451143443584442,
  "seed": 42,
  "exp_name": "medium_low_seed42",
  "condition_name": "medium_low",
  "pfs_metadata": {
    "recalculated": true,
    "recalculation_date": "2025-12-02T00:00:32.680449",
    "old_value": 0.0,
    "method": "extended_pfs_with_manifold_projection"
  }
}