{
  "loss": [
    83.4165267944336,
    3.269907236099243,
    4.338072776794434,
    1.9504101276397705,
    1.0608536005020142,
    2.1603262424468994,
    0.26130613684654236,
    1.5649664402008057,
    0.6263567209243774,
    1.2637253999710083,
    1.4423935413360596,
    0.6231786608695984,
    0.6627525091171265,
    0.13879436254501343,
    0.08143039792776108,
    0.09451143443584442
  ],
  "base_loss": [
    82.25723266601562,
    3.096749782562256,
    3.7940874099731445,
    0.5134642124176025,
    1.267467737197876,
    2.6217308044433594,
    0.3742273449897766,
    2.1171483993530273,
    0.48451313376426697,
    2.4577460289001465,
    0.8565881848335266,
    0.7530351877212524,
    0.8110529184341431,
    0.20898877084255219,
    0.6467688083648682,
    0.2022368609905243
  ],
  "reg_term": [
    1.1592941284179688,
    0.1731574535369873,
    0.5439853668212891,
    1.436945915222168,
    -0.20661413669586182,
    -0.46140456199645996,
    -0.11292120814323425,
    -0.5521819591522217,
    0.14184358716011047,
    -1.1940206289291382,
    0.585805356502533,
    -0.12985652685165405,
    -0.1483004093170166,
    -0.07019440829753876,
    -0.5653384104371071,
    -0.10772542655467987
  ],
  "log_Z": [
    -0.0009999999310821295,
    -0.01240727212280035,
    -0.014128724113106728,
    -0.01677583158016205,
    -0.018975848332047462,
    -0.022859586402773857,
    -0.02492430992424488,
    -0.03528280556201935,
    -0.03144174814224243,
    -0.029875081032514572,
    -0.030123401433229446,
    -0.025157785043120384,
    -0.025565234944224358,
    -0.02204880863428116,
    -0.020500056445598602,
    -0.020756397396326065
  ],
  "iteration": [
    1,
    501,
    1001,
    1501,
    2001,
    2501,
    3001,
    3501,
    4001,
    4501,
    5001,
    5501,
    6001,
    6501,
    7001,
    7501
  ]
}