{
  "hypervolume": 1.2099818181983195,
  "r2_indicator": -0.2722212244706025,
  "avg_pairwise_distance": 0.001391805023884826,
  "spacing": 0.025475341826677322,
  "spread": 1.5068452014104978,
  "tds": 0.3616899150232484,
  "mpd": 4.61512051684126,
  "mce": 0.0,
  "num_modes": 1,
  "pmd": 0.0,
  "pfs": 0.6406820473732235,
  "pas": 0.001391805023884826,
  "rbd": 0.36168991502322795,
  "fci": 0.4726948441247003,
  "qds": 0.49638221689587,
  "der": 0.011288878176711314,
  "num_parameters": 68103,
  "training_time": 6517.242347,
  "final_loss": 0.01701691560447216,
  "seed": 375,
  "exp_name": "low_tb_seed375",
  "condition_name": "low_tb",
  "pfs_metadata": {
    "recalculated": true,
    "recalculation_date": "2025-12-02T02:04:17.415796",
    "old_value": 0.6413549372584096,
    "method": "extended_pfs_with_manifold_projection"
  }
}