{
  "loss": [
    249.87948608398438,
    6.652846336364746,
    0.9075131416320801,
    0.27809205651283264,
    0.3618476986885071,
    0.10081865638494492,
    0.1107315644621849,
    0.01701691560447216
  ],
  "base_loss": [
    249.87948608398438,
    6.652846336364746,
    0.9075131416320801,
    0.27809205651283264,
    0.3618476986885071,
    0.10081865638494492,
    0.1107315644621849,
    0.01701691560447216
  ],
  "reg_term": [
    0.0,
    0.0,
    0.0,
    0.0,
    0.0,
    0.0,
    0.0,
    0.0
  ],
  "log_Z": [
    -0.0009999999310821295,
    -0.022662436589598656,
    -0.024008657783269882,
    -0.025799954310059547,
    -0.028393195942044258,
    -0.03168385848402977,
    -0.035907164216041565,
    -0.03991326317191124
  ],
  "iteration": [
    1,
    501,
    1001,
    1501,
    2001,
    2501,
    3001,
    3501
  ]
}