{
  "hypervolume": 1.1870631704196368,
  "r2_indicator": -0.2696374431162546,
  "avg_pairwise_distance": 0.4635761437250519,
  "spacing": 0.18378488719463348,
  "spread": 1.6036429049967926,
  "tds": 0.4374535980885787,
  "mpd": 1.2270999831718552,
  "mce": 0.42295814611458665,
  "num_modes": 4,
  "pmd": 0.0,
  "pfs": 0.025860261067168273,
  "pas": 0.4635761437250519,
  "rbd": 0.4378431938431987,
  "fci": 0.400531045751634,
  "qds": 0.6321407986177603,
  "der": 12.77314498399223,
  "num_parameters": 68103,
  "training_time": 1918.489798,
  "final_loss": 0.00027732443413697183,
  "seed": 456,
  "exp_name": "off_policy_10_seed456",
  "hidden_dim": 128,
  "num_layers": 4,
  "conditioning": "concat"
}