{
  "loss": [
    13.069836616516113,
    0.024330370128154755,
    0.014740679413080215,
    0.047738973051309586,
    0.00435679592192173,
    0.009823685511946678,
    0.008675222285091877,
    0.00027732443413697183
  ],
  "log_Z": [
    -0.0009999999310821295,
    -0.024635890498757362,
    -0.028376813977956772,
    -0.034780409187078476,
    -0.04063177481293678,
    -0.04437914118170738,
    -0.0487598218023777,
    -0.05312465876340866
  ],
  "iteration": [
    1,
    501,
    1001,
    1501,
    2001,
    2501,
    3001,
    3501
  ]
}