{
  "loss": [
    12.875194549560547,
    0.02313060872256756,
    0.014197923243045807,
    0.00882143247872591,
    0.004822577349841595,
    0.00213687215000391,
    0.004291232209652662,
    0.0020031980238854885
  ],
  "log_Z": [
    -0.0009999998146668077,
    -0.022289816290140152,
    -0.02460661716759205,
    -0.02806110493838787,
    -0.03182317689061165,
    -0.036362484097480774,
    -0.04054838791489601,
    -0.04447784274816513
  ],
  "iteration": [
    1,
    501,
    1001,
    1501,
    2001,
    2501,
    3001,
    3501
  ]
}