{
  "hypervolume": 0.10698026161640893,
  "r2_indicator": -0.04525382769514218,
  "avg_pairwise_distance": 0.0,
  "spacing": 0.0,
  "spread": 1.0,
  "tds": 0.0,
  "mpd": 0.6931471805599453,
  "mce": 0.0,
  "num_modes": 1,
  "pmd": 0.0,
  "pfs": 0.0,
  "pas": 0.0,
  "rbd": 0.0,
  "fci": 0.05833333333333335,
  "qds": 0.04420671967620203,
  "der": 0.0,
  "num_parameters": 68103,
  "training_time": 2262.700664,
  "final_loss": 0.0004907259717583656,
  "seed": 456,
  "exp_name": "greedy_seed456",
  "hidden_dim": 128,
  "num_layers": 4,
  "conditioning": "concat"
}