{
  "loss": [
    23.252771377563477,
    0.017845124006271362,
    0.055024586617946625,
    0.013729528523981571,
    0.007136954460293055,
    0.032914310693740845,
    0.00011605884355958551,
    0.0004907259717583656
  ],
  "log_Z": [
    -0.0009999996982514858,
    -0.08180112391710281,
    -0.08627957105636597,
    -0.09137171506881714,
    -0.0953209325671196,
    -0.0996696799993515,
    -0.10504403710365295,
    -0.10848113894462585
  ],
  "iteration": [
    1,
    501,
    1001,
    1501,
    2001,
    2501,
    3001,
    3501
  ]
}