{
  "hypervolume": 1.4638071800000008,
  "r2_indicator": -0.07759036533851421,
  "avg_pairwise_distance": 0.3335866909898083,
  "spacing": 0.0005917040980421007,
  "spread": 0.40015264681055324,
  "tds": 0.6361363636363636,
  "mpd": 0.6931471805599453,
  "mce": 0.6084827489571282,
  "num_modes": 156,
  "pmd": 0.0,
  "pfs": 0.0,
  "pas": 0.3335866909898083,
  "rbd": 0.6361363636363636,
  "fci": 0.3870453599667083,
  "qds": 0.5758151570431382,
  "der": 2.4791452160691256,
  "num_parameters": 70923,
  "training_time": 6830.022779,
  "final_loss": 0.08472061902284622,
  "seed": 264,
  "exp_name": "medium_tb_seed264",
  "condition_name": "medium_tb"
}