{
  "hypervolume": 1.4641000000000006,
  "r2_indicator": -0.07759036533851421,
  "avg_pairwise_distance": 0.3116069224316164,
  "spacing": 0.0014284998178482056,
  "spread": 0.4039441652214451,
  "tds": 0.6548737373737373,
  "mpd": 0.6931471805599453,
  "mce": 0.5794187771187421,
  "num_modes": 142,
  "pmd": 0.0,
  "pfs": 0.0,
  "pas": 0.3116069224316164,
  "rbd": 0.6548737373737373,
  "fci": 0.379697155719255,
  "qds": 0.5708197550980947,
  "der": 2.293579000816765,
  "num_parameters": 70923,
  "training_time": 6896.183299,
  "final_loss": 0.1896723210811615,
  "seed": 264,
  "exp_name": "medium_tb_seed264",
  "condition_name": "medium_tb"
}