{
  "loss": [
    129.87457275390625,
    7.549857139587402,
    1.0128670930862427,
    1.7543187141418457,
    1.0019910335540771,
    0.5241994857788086,
    0.9333932995796204,
    1.1730862855911255,
    0.14524003863334656,
    0.6190707087516785,
    0.1170196384191513,
    0.23140424489974976,
    0.21854698657989502,
    0.0916501060128212,
    0.30449244379997253,
    0.08472061902284622
  ],
  "base_loss": [
    129.87457275390625,
    7.549857139587402,
    1.0128670930862427,
    1.7543187141418457,
    1.0019910335540771,
    0.5241994857788086,
    0.9333932995796204,
    1.1730862855911255,
    0.14524003863334656,
    0.6190707087516785,
    0.1170196384191513,
    0.23140424489974976,
    0.21854698657989502,
    0.0916501060128212,
    0.30449244379997253,
    0.08472061902284622
  ],
  "reg_term": [
    0.0,
    0.0,
    0.0,
    0.0,
    0.0,
    0.0,
    0.0,
    0.0,
    0.0,
    0.0,
    0.0,
    0.0,
    0.0,
    0.0,
    0.0,
    0.0
  ],
  "log_Z": [
    -0.0009999999310821295,
    -0.027363132685422897,
    -0.0455322265625,
    -0.05661487951874733,
    -0.06882931292057037,
    -0.08168556541204453,
    -0.09110376238822937,
    -0.1021336168050766,
    -0.11112219840288162,
    -0.12028972804546356,
    -0.1331469565629959,
    -0.14359784126281738,
    -0.15004263818264008,
    -0.1575368493795395,
    -0.16959621012210846,
    -0.17721877992153168
  ],
  "iteration": [
    1,
    501,
    1001,
    1501,
    2001,
    2501,
    3001,
    3501,
    4001,
    4501,
    5001,
    5501,
    6001,
    6501,
    7001,
    7501
  ]
}