{
  "hypervolume": 1.4641000000000006,
  "r2_indicator": -0.07759036533851421,
  "avg_pairwise_distance": 0.257138877111067,
  "spacing": 1.2775084989868901e-08,
  "spread": 0.41901748234664177,
  "tds": 0.6773737373737374,
  "mpd": 0.6931471805599453,
  "mce": 0.5516465824532653,
  "num_modes": 66,
  "pmd": 0.0,
  "pfs": 0.7904732373914349,
  "pas": 0.257138877111067,
  "rbd": 0.6773737373737374,
  "fci": 0.3682882882882883,
  "qds": 0.5584406538888789,
  "der": 2.533720114945218,
  "num_parameters": 70923,
  "training_time": 5151.390905,
  "final_loss": 0.3451676368713379,
  "seed": 264,
  "exp_name": "high_subtb_seed264",
  "condition_name": "high_subtb",
  "pfs_metadata": {
    "recalculated": true,
    "recalculation_date": "2025-12-02T00:01:33.818632",
    "old_value": 0.0,
    "method": "extended_pfs_with_manifold_projection"
  }
}