{
  "loss": [
    75.87742614746094,
    6.772797584533691,
    7.796746730804443,
    5.034151077270508,
    2.651190757751465,
    5.406553268432617,
    1.5870225429534912,
    1.6014684438705444,
    1.6820422410964966,
    1.0687164068222046,
    0.4218056797981262,
    0.7535303235054016,
    1.0749157667160034,
    0.2065679132938385,
    0.27460262179374695,
    0.3451676368713379
  ],
  "base_loss": [
    54.2713737487793,
    4.577617645263672,
    3.109727382659912,
    2.1827895641326904,
    1.596684455871582,
    2.522223949432373,
    1.7906839847564697,
    0.46205756068229675,
    1.5102307796478271,
    1.123329997062683,
    0.8135359883308411,
    0.6454042196273804,
    0.3143417239189148,
    0.2749406695365906,
    0.3539802134037018,
    0.17162266373634338
  ],
  "reg_term": [
    21.60605239868164,
    2.1951799392700195,
    4.687019348144531,
    2.8513615131378174,
    1.0545063018798828,
    2.884329319000244,
    -0.20366144180297852,
    1.1394108831882477,
    0.17181146144866943,
    -0.054613590240478516,
    -0.39173030853271484,
    0.10812610387802124,
    0.7605740427970886,
    -0.06837275624275208,
    -0.07937759160995483,
    0.1735449731349945
  ],
  "log_Z": [
    -0.0009999999310821295,
    -0.00911959633231163,
    -0.014629707671701908,
    -0.01730087772011757,
    -0.021077314391732216,
    -0.025028008967638016,
    -0.02726074308156967,
    -0.02937348186969757,
    -0.029813628643751144,
    -0.03161362558603287,
    -0.024359270930290222,
    -0.01965167187154293,
    -0.018365567550063133,
    -0.014690494164824486,
    -0.011654444970190525,
    -0.008937136270105839
  ],
  "iteration": [
    1,
    501,
    1001,
    1501,
    2001,
    2501,
    3001,
    3501,
    4001,
    4501,
    5001,
    5501,
    6001,
    6501,
    7001,
    7501
  ]
}