{
  "hypervolume": 0.08801260031759739,
  "r2_indicator": -0.27010749323730066,
  "avg_pairwise_distance": 0.46765727149853764,
  "spacing": 0.1846574991941452,
  "spread": 1.6387569197699299,
  "tds": 0.541328257805803,
  "mpd": 0.9048584766582694,
  "mce": 0.3518870588745839,
  "num_modes": 56,
  "pmd": 0.0,
  "pfs": 0.051158164438766626,
  "pas": 0.46765727149853764,
  "rbd": 0.5415171242898597,
  "fci": 0.43057987161122613,
  "qds": 0.633452522764815,
  "der": 3.81706476677714,
  "num_parameters": 68103,
  "training_time": 6476.41127,
  "final_loss": 0.001274935551919043,
  "seed": 153,
  "exp_name": "trajectory_balance_seed153",
  "capacity": "medium",
  "hidden_dim": 128,
  "num_layers": 4,
  "pfs_metadata": {
    "recalculated": true,
    "recalculation_date": "2025-12-01T16:14:01.512838",
    "old_value": 0.0009612649939026212,
    "method": "extended_pfs_with_manifold_projection"
  }
}