{
  "loss": [
    12.874948501586914,
    0.002004398498684168,
    0.0018154202261939645,
    0.0005418150103650987,
    0.001178195932880044,
    0.0018449933268129826,
    0.0017672214889898896,
    0.001274935551919043
  ],
  "base_loss": [
    12.874948501586914,
    0.002004398498684168,
    0.0018154202261939645,
    0.0005418150103650987,
    0.001178195932880044,
    0.0018449933268129826,
    0.0017672214889898896,
    0.001274935551919043
  ],
  "reg_term": [
    0.0,
    0.0,
    0.0,
    0.0,
    0.0,
    0.0,
    0.0,
    0.0
  ],
  "log_Z": [
    -0.0009999999310821295,
    -0.022305108606815338,
    -0.02255905233323574,
    -0.02282567135989666,
    -0.023430103436112404,
    -0.024439960718154907,
    -0.024698184803128242,
    -0.025972984731197357
  ],
  "iteration": [
    1,
    501,
    1001,
    1501,
    2001,
    2501,
    3001,
    3501
  ]
}