{
  "hypervolume": 1.1907427861433493,
  "r2_indicator": -0.27005408811418696,
  "avg_pairwise_distance": 0.30680560646993577,
  "spacing": 0.1511290967464447,
  "spread": 1.7247013138133471,
  "tds": 0.39635016835016834,
  "mpd": 4.51085950651685,
  "mce": 0.18817474593641523,
  "num_modes": 16,
  "pmd": 0.0,
  "pfs": 0.09231077956694012,
  "pas": 0.30680560646993577,
  "rbd": 0.396350168350174,
  "fci": 0.4166468253968254,
  "qds": 0.5817528395344189,
  "der": 7.428594697204956,
  "num_parameters": 68103,
  "training_time": 2183.196794,
  "final_loss": 0.006284017115831375,
  "seed": 123,
  "exp_name": "quality_sampling_seed123",
  "hidden_dim": 128,
  "num_layers": 4,
  "conditioning": "concat",
  "pfs_metadata": {
    "recalculated": true,
    "recalculation_date": "2025-12-01T16:21:12.077277",
    "old_value": 0.028197549634737938,
    "method": "extended_pfs_with_manifold_projection"
  }
}