{
  "loss": [
    13.465282440185547,
    0.06756033003330231,
    0.08274698257446289,
    0.015344683080911636,
    0.002364230575039983,
    0.022062521427869797,
    0.003625269513577223,
    0.006284017115831375
  ],
  "log_Z": [
    -0.0009999998146668077,
    -0.021899016574025154,
    -0.026620537042617798,
    -0.03306186944246292,
    -0.03998564928770065,
    -0.04851049557328224,
    -0.054282624274492264,
    -0.060891613364219666
  ],
  "iteration": [
    1,
    501,
    1001,
    1501,
    2001,
    2501,
    3001,
    3501
  ]
}