{
  "hypervolume": 1.187092408383791,
  "r2_indicator": -0.26966219859417867,
  "avg_pairwise_distance": 0.08925752015858501,
  "spacing": 0.07895522564649582,
  "spread": 1.7834009968923141,
  "tds": 0.43078939545442263,
  "mpd": 1.347960202604369,
  "mce": 0.06715154223065509,
  "num_modes": 4,
  "pmd": 0.0,
  "pfs": 0.19498910048875062,
  "pas": 0.09070052109026028,
  "rbd": 0.43080359147026637,
  "fci": 0.4280181623931625,
  "qds": 0.5118302363230951,
  "der": 0.5608376960711295,
  "num_parameters": 68103,
  "training_time": 8412.864178,
  "final_loss": 0.0001786129578249529,
  "seed": 456,
  "exp_name": "large_concat_seed456",
  "capacity": "large",
  "hidden_dim": 128,
  "num_layers": 4,
  "conditioning": "concat",
  "alpha": 1.5,
  "preference_sampling": "dirichlet",
  "loss": "trajectory_balance",
  "pfs_metadata": {
    "recalculated": true,
    "recalculation_date": "2025-12-01T16:10:42.061101",
    "old_value": 4.0247898508460065e-15,
    "method": "extended_pfs_with_manifold_projection"
  }
}