{
  "loss": [
    13.88742446899414,
    0.039262864738702774,
    0.02635824680328369,
    0.008947601541876793,
    0.005093839019536972,
    0.018074380233883858,
    0.0029293319676071405,
    0.0012686788104474545,
    0.004065974615514278,
    0.0015038768760859966,
    0.001127648283727467,
    0.0009008627384901047,
    0.0001795185962691903,
    0.0007231479394249618,
    0.0003593296860344708,
    0.0003485683409962803,
    0.0006805405719205737,
    0.0004822263144887984,
    0.00012862865696661174,
    0.0001786129578249529
  ],
  "log_Z": [
    -0.0009999999310821295,
    -0.024796921759843826,
    -0.029852500185370445,
    -0.03556613624095917,
    -0.04002504050731659,
    -0.045183856040239334,
    -0.05246150493621826,
    -0.05677199363708496,
    -0.0597938634455204,
    -0.06228466331958771,
    -0.06559714674949646,
    -0.06854920834302902,
    -0.07121330499649048,
    -0.07439284026622772,
    -0.07586182653903961,
    -0.07953138649463654,
    -0.08308932185173035,
    -0.0864512026309967,
    -0.08904373645782471,
    -0.09327526390552521
  ],
  "iteration": [
    1,
    501,
    1001,
    1501,
    2001,
    2501,
    3001,
    3501,
    4001,
    4501,
    5001,
    5501,
    6001,
    6501,
    7001,
    7501,
    8001,
    8501,
    9001,
    9501
  ]
}