hypervolume,r2_indicator,avg_pairwise_distance,spacing,spread,tds,mpd,mce,num_modes,pmd,pfs,pas,rbd,fci,qds,der,num_parameters,training_time,final_loss,seed,exp_name,condition_name,capacity_level,temperature_level
0.1099999814460865,-0.04536363568894863,0.0,0.0,1.0,0.0901010101010101,1.6094379124341003,0.0,1,0.0,0.0,0.0,0.09010101010101056,0.5652772177419356,0.04545453778763904,0.0,519,4333.55101,0.12608031928539276,375,small_low_seed375,small_low,small,low
0.1099999814460865,-0.04536363568894863,0.0,0.0,1.0,0.03746673080006414,1.0986122886681098,0.0,1,0.0,0.0,0.0,0.03746673080006436,0.5671028645833334,0.04545453778763904,0.0,519,4499.870397,0.14067810773849487,486,small_low_seed486,small_low,small,low
1.2099999915262207,-0.2722222212690576,0.24343230490059428,0.1372208446264267,1.4971227875087507,0.36911437443184225,0.9608234513932582,0.4082069329415276,2,0.0,9.806688263865056e-07,0.24343230490059428,0.37322588746829866,0.6269491640852056,0.5782420216881181,414.83765363087014,519,4070.382148,0.07611899822950363,42,small_veryhigh_seed42,small_veryhigh,small,very_high
