hypervolume,r2_indicator,avg_pairwise_distance,spacing,spread,tds,mpd,mce,num_modes,pmd,pfs,pas,rbd,fci,qds,der,num_parameters,training_time,final_loss,seed,exp_name,condition_name,capacity_level,temperature_level
0.1099999814460865,-0.04536363568894863,0.0,0.0,1.0,0.44578803912137244,3.367295829986474,0.0,1,0.0,0.0,0.0,0.4457880391213655,0.6148544207317073,0.04545453778763904,0.0,519,4217.49548,-0.07617923617362976,42,small_low_seed42,small_low,small,low
1.2099886536425863,-0.27222111647737735,0.002159204364298848,0.0010377216385677457,1.49645864716859,0.0574110615768147,0.6931471805599453,0.546940691512431,19,0.0,0.913175153139583,0.002159204364298848,0.0565578636965465,0.42052299657808656,0.46338168086456494,3.8291934659368354,519,3911.304099,0.3851429522037506,153,small_low_seed153,small_low,small,low
