{
  "hypervolume": 0.10698026161640893,
  "r2_indicator": -0.04525382769514218,
  "avg_pairwise_distance": 0.0,
  "spacing": 0.0,
  "spread": 1.0,
  "tds": 0.37034343434343436,
  "mpd": 1.3862943611198906,
  "mce": 0.0,
  "num_modes": 1,
  "pmd": 0.0,
  "pfs": 0.0,
  "pas": 0.0,
  "rbd": 0.37034343434344297,
  "fci": 0.3224632352941177,
  "qds": 0.04420671967620203,
  "der": 0.0,
  "num_parameters": 68103,
  "training_time": 2265.312079,
  "final_loss": 0.002303007524460554,
  "seed": 123,
  "exp_name": "greedy_seed123",
  "hidden_dim": 128,
  "num_layers": 4,
  "conditioning": "concat"
}