{
  "loss": [
    16.521142959594727,
    0.07556972652673721,
    0.009194443933665752,
    0.004902326501905918,
    0.0077148256823420525,
    0.008620206266641617,
    0.0026972275227308273,
    0.002303007524460554
  ],
  "log_Z": [
    -0.0009999998146668077,
    -0.07978405058383942,
    -0.08767284452915192,
    -0.09380071610212326,
    -0.10308634489774704,
    -0.11016574501991272,
    -0.11455637216567993,
    -0.11886054277420044
  ],
  "iteration": [
    1,
    501,
    1001,
    1501,
    2001,
    2501,
    3001,
    3501
  ]
}