{
  "hypervolume": 1.2099997955746564,
  "r2_indicator": -0.2722221992267175,
  "avg_pairwise_distance": 0.0014951985665148356,
  "spacing": 0.023518739268183708,
  "spread": 1.7291189254201615,
  "tds": 0.016770883437550104,
  "mpd": 0.6931471805599453,
  "mce": 0.0,
  "num_modes": 1,
  "pmd": 0.0,
  "pfs": 0.17600182241799628,
  "pas": 0.0014951985665148356,
  "rbd": 0.016770883437550628,
  "fci": 0.5428814935064934,
  "qds": 0.5004804905474461,
  "der": 3.8275454287768733,
  "num_parameters": 519,
  "training_time": 2709.652891,
  "final_loss": 0.4277762472629547,
  "seed": 486,
  "exp_name": "small_high_seed486",
  "condition_name": "small_high",
  "pfs_metadata": {
    "recalculated": true,
    "recalculation_date": "2025-12-01T23:16:21.225677",
    "old_value": 0.0,
    "method": "extended_pfs_with_manifold_projection"
  }
}