{
  "loss": [
    239.10940551757812,
    10.97201919555664,
    1.2822527885437012,
    0.2178894728422165,
    0.1381736844778061,
    0.19851192831993103,
    0.5443183183670044,
    0.4277762472629547
  ],
  "base_loss": [
    235.26280212402344,
    9.906327247619629,
    0.9941480159759521,
    0.26623743772506714,
    0.405687153339386,
    0.15639619529247284,
    0.8653175830841064,
    0.30561569333076477
  ],
  "reg_term": [
    3.8466033935546875,
    1.0656919479370117,
    0.288104772567749,
    -0.04834796488285065,
    -0.2675134688615799,
    0.04211573302745819,
    -0.32099926471710205,
    0.12216055393218994
  ],
  "log_Z": [
    -0.0009999999310821295,
    -0.13979801535606384,
    -0.16742412745952606,
    -0.17494888603687286,
    -0.17959119379520416,
    -0.18110832571983337,
    -0.18164624273777008,
    -0.1818782091140747
  ],
  "iteration": [
    1,
    501,
    1001,
    1501,
    2001,
    2501,
    3001,
    3501
  ]
}