{
  "hypervolume": 1.1941006575887376,
  "r2_indicator": -0.2704561490660364,
  "avg_pairwise_distance": 0.48479028388182926,
  "spacing": 0.17346221208572388,
  "spread": 1.4874333698806415,
  "tds": 0.5586518426619587,
  "mpd": 1.023670426786564,
  "mce": 0.5235737935026854,
  "num_modes": 46,
  "pmd": 0.0,
  "pfs": 0.07401837924904735,
  "pas": 0.48479028388182926,
  "rbd": 0.5563133477072911,
  "fci": 0.4447354254870295,
  "qds": 0.6389592815095326,
  "der": 10.613260647545028,
  "num_parameters": 68103,
  "training_time": 2414.578529,
  "final_loss": -0.06644691526889801,
  "seed": 486,
  "exp_name": "temperature_scaled_logits_seed486",
  "capacity": "medium",
  "hidden_dim": 128,
  "num_layers": 4,
  "pfs_metadata": {
    "recalculated": true,
    "recalculation_date": "2025-12-01T16:15:32.728321",
    "old_value": 0.0016305480282115925,
    "method": "extended_pfs_with_manifold_projection"
  }
}