{
  "loss": [
    13.313477516174316,
    -0.06974522769451141,
    -0.06507974117994308,
    -0.06554843485355377,
    -0.051164574921131134,
    -0.06578313559293747,
    -0.07009553164243698,
    -0.06644691526889801
  ],
  "base_loss": [
    13.73390007019043,
    0.010312850587069988,
    0.0013760373694822192,
    0.001292683882638812,
    0.010694529861211777,
    0.0007001106860116124,
    0.0005816954653710127,
    0.0006260972586460412
  ],
  "reg_term": [
    -0.4204225540161133,
    -0.0800580782815814,
    -0.0664557785494253,
    -0.06684111873619258,
    -0.06185910478234291,
    -0.06648324627894908,
    -0.070677227107808,
    -0.06707301252754405
  ],
  "log_Z": [
    -0.0009999999310821295,
    -0.0260787233710289,
    -0.024046102538704872,
    -0.022070949897170067,
    -0.021101949736475945,
    -0.02214432694017887,
    -0.024880558252334595,
    -0.02967107854783535
  ],
  "iteration": [
    1,
    501,
    1001,
    1501,
    2001,
    2501,
    3001,
    3501
  ]
}