{
  "hypervolume": 1.1909308536502135,
  "r2_indicator": -0.2700896814515758,
  "avg_pairwise_distance": 0.1255827069611395,
  "spacing": 0.09322258830070496,
  "spread": 1.8240416315634753,
  "tds": 0.44445497758697744,
  "mpd": 1.1521647955982584,
  "mce": 0.0,
  "num_modes": 1,
  "pmd": 0.0,
  "pfs": 0.0002192208281694327,
  "pas": 0.1255827069611395,
  "rbd": 0.44470009620010725,
  "fci": 0.43377047788812506,
  "qds": 0.5235055935576198,
  "der": 2.857725735007969,
  "num_parameters": 68103,
  "training_time": 2322.980433,
  "final_loss": 0.005445074290037155,
  "seed": 1011,
  "exp_name": "pref_uniform_seed1011",
  "hidden_dim": 128,
  "num_layers": 4,
  "conditioning": "concat"
}