{
  "loss": [
    13.389369010925293,
    0.024202972650527954,
    0.00839039497077465,
    0.012640557251870632,
    0.008498056791722775,
    0.037923701107501984,
    0.0007941011572256684,
    0.005445074290037155
  ],
  "log_Z": [
    -0.0009999999310821295,
    -0.022496139630675316,
    -0.02707994356751442,
    -0.03259791433811188,
    -0.036834750324487686,
    -0.04166091978549957,
    -0.048299383372068405,
    -0.05282013863325119
  ],
  "iteration": [
    1,
    501,
    1001,
    1501,
    2001,
    2501,
    3001,
    3501
  ]
}