{
  "hypervolume": 1.4641000000000006,
  "r2_indicator": -0.07590025447924478,
  "avg_pairwise_distance": 0.2640598765363992,
  "spacing": 0.0005917040398344398,
  "spread": 0.4025575043858249,
  "tds": 0.6359343434343434,
  "mpd": 0.6931471805599453,
  "mce": 0.5389643780021804,
  "num_modes": 92,
  "pmd": 0.0,
  "pfs": 0.0,
  "pas": 0.2640598765363992,
  "rbd": 0.6359343434343434,
  "fci": 0.37075684380032214,
  "qds": 0.560013608303727,
  "der": 95.92731639790752,
  "num_parameters": 2443,
  "training_time": 4056.384874,
  "final_loss": 4.862817764282227,
  "seed": 375,
  "exp_name": "small_veryhigh_seed375",
  "condition_name": "small_veryhigh"
}