{
  "loss": [
    66.17151641845703,
    19.690025329589844,
    6.165557861328125,
    12.101216316223145,
    5.544938564300537,
    11.225458145141602,
    5.894256114959717,
    9.502159118652344,
    7.23853063583374,
    7.815520286560059,
    5.817155361175537,
    11.09714126586914,
    6.473845958709717,
    5.694828510284424,
    5.861236572265625,
    4.862817764282227
  ],
  "base_loss": [
    100.06465911865234,
    15.877388000488281,
    8.242826461791992,
    14.156942367553711,
    7.164816856384277,
    11.224416732788086,
    6.271404266357422,
    8.575407028198242,
    4.974953651428223,
    6.06233549118042,
    3.502739667892456,
    10.564865112304688,
    9.057761192321777,
    4.846065998077393,
    6.6212921142578125,
    6.275451183319092
  ],
  "reg_term": [
    -33.89314270019531,
    3.8126373291015625,
    -2.077268600463867,
    -2.0557260513305664,
    -1.6198782920837402,
    0.001041412353515625,
    -0.3771481513977051,
    0.9267520904541016,
    2.2635769844055176,
    1.7531847953796387,
    2.314415693283081,
    0.5322761535644531,
    -2.5839152336120605,
    0.8487625122070312,
    -0.7600555419921875,
    -1.4126334190368652
  ],
  "log_Z": [
    -0.0009999999310821295,
    -0.05214881896972656,
    -0.04684976488351822,
    -0.020764151588082314,
    -0.0008716989541426301,
    -0.0017280513420701027,
    -0.00926120299845934,
    -0.01871681772172451,
    -0.028594862669706345,
    -0.028411278501152992,
    -0.03128921613097191,
    -0.034448590129613876,
    -0.04060386121273041,
    -0.0339207798242569,
    -0.03163718432188034,
    -0.03981814160943031
  ],
  "iteration": [
    1,
    501,
    1001,
    1501,
    2001,
    2501,
    3001,
    3501,
    4001,
    4501,
    5001,
    5501,
    6001,
    6501,
    7001,
    7501
  ]
}