{
  "hypervolume": 1.209951909422547,
  "r2_indicator": -0.27221662001703784,
  "avg_pairwise_distance": 0.007037130580912233,
  "spacing": 0.057387810200452805,
  "spread": 1.4981826398821454,
  "tds": 0.04249799583132916,
  "mpd": 0.6931471805599453,
  "mce": 0.02281939912265915,
  "num_modes": 2,
  "pmd": 0.0,
  "pfs": 0.809069884584329,
  "pas": 0.007037130580912233,
  "rbd": 0.042497995831330154,
  "fci": 0.5372184065934067,
  "qds": 0.22656599962371096,
  "der": 0.351367958075814,
  "num_parameters": 9351,
  "training_time": 7710.417574,
  "final_loss": 0.5042926073074341,
  "seed": 153,
  "exp_name": "medium_tb_seed153",
  "condition_name": "medium_tb"
}