{
  "hypervolume": 1.2099997972135246,
  "r2_indicator": -0.27222219941107134,
  "avg_pairwise_distance": 0.35085153942897557,
  "spacing": 0.15515276789665222,
  "spread": 1.7995979266626323,
  "tds": 0.1649802856620623,
  "mpd": 0.7934190070116968,
  "mce": 0.2545162914871426,
  "num_modes": 22,
  "pmd": 0.0,
  "pfs": 0.8118177039076884,
  "pas": 0.35085153942897557,
  "rbd": 0.16462139921562616,
  "fci": 0.6361561152711595,
  "qds": 0.6127678713085211,
  "der": 17.17426915482438,
  "num_parameters": 9351,
  "training_time": 7864.834086,
  "final_loss": 1.741483449935913,
  "seed": 153,
  "exp_name": "medium_tb_seed153",
  "condition_name": "medium_tb",
  "pfs_metadata": {
    "recalculated": true,
    "recalculation_date": "2025-12-01T19:57:03.620496",
    "old_value": 0.0,
    "method": "extended_pfs_with_manifold_projection"
  }
}