{
  "loss": [
    250.486572265625,
    5.413025856018066,
    0.43945473432540894,
    0.3917660415172577,
    2.5730180740356445,
    3.159641981124878,
    2.9541091918945312,
    1.741483449935913
  ],
  "base_loss": [
    250.486572265625,
    5.413025856018066,
    0.43945473432540894,
    0.3917660415172577,
    2.5730180740356445,
    3.159641981124878,
    2.9541091918945312,
    1.741483449935913
  ],
  "reg_term": [
    0.0,
    0.0,
    0.0,
    0.0,
    0.0,
    0.0,
    0.0,
    0.0
  ],
  "log_Z": [
    -0.0009999998146668077,
    -0.04206300526857376,
    -0.04232802987098694,
    -0.04237406328320503,
    -0.04249339550733566,
    -0.0425691120326519,
    -0.04262286052107811,
    -0.042700354009866714
  ],
  "iteration": [
    1,
    501,
    1001,
    1501,
    2001,
    2501,
    3001,
    3501
  ]
}