{
  "loss": [
    249.58346557617188,
    1.4473286867141724,
    0.4810601472854614,
    0.31985682249069214,
    0.803900957107544,
    0.6308972239494324,
    0.2895830273628235,
    0.5042926073074341
  ],
  "base_loss": [
    249.58346557617188,
    1.4473286867141724,
    0.4810601472854614,
    0.31985682249069214,
    0.803900957107544,
    0.6308972239494324,
    0.2895830273628235,
    0.5042926073074341
  ],
  "reg_term": [
    0.0,
    0.0,
    0.0,
    0.0,
    0.0,
    0.0,
    0.0,
    0.0
  ],
  "log_Z": [
    -0.0009999999310821295,
    -0.043491706252098083,
    -0.04352911189198494,
    -0.043558284640312195,
    -0.04362573102116585,
    -0.04371295124292374,
    -0.043806154280900955,
    -0.04392469301819801
  ],
  "iteration": [
    1,
    501,
    1001,
    1501,
    2001,
    2501,
    3001,
    3501
  ]
}