{
  "hypervolume": 1.2099998096913915,
  "r2_indicator": -0.2722222008146881,
  "avg_pairwise_distance": 0.0021977997778864803,
  "spacing": 0.03314799815416336,
  "spread": 1.499898408974449,
  "tds": 0.12613115279781947,
  "mpd": 2.3978952727983707,
  "mce": 0.008593084187140158,
  "num_modes": 2,
  "pmd": 0.0,
  "pfs": 0.0,
  "pas": 0.0021977997778864803,
  "rbd": 0.12613115279781517,
  "fci": 0.6584524456521739,
  "qds": 0.5007062603615245,
  "der": 5.58443230897516,
  "num_parameters": 519,
  "training_time": 2729.884276,
  "final_loss": 0.4262484908103943,
  "seed": 42,
  "exp_name": "small_high_seed42",
  "condition_name": "small_high"
}