{
  "loss": [
    221.3623504638672,
    5.888404369354248,
    0.19692420959472656,
    0.4326261579990387,
    0.8649193048477173,
    0.287948340177536,
    0.16623015701770782,
    0.4262484908103943
  ],
  "base_loss": [
    218.39138793945312,
    5.751633167266846,
    0.30975937843322754,
    0.5387767553329468,
    0.5550419688224792,
    0.20677028596401215,
    0.8563272953033447,
    0.16803458333015442
  ],
  "reg_term": [
    2.9709625244140625,
    0.13677120208740234,
    -0.11283516883850098,
    -0.10615059733390808,
    0.30987733602523804,
    0.08117805421352386,
    -0.6900971382856369,
    0.25821390748023987
  ],
  "log_Z": [
    -0.0009999999310821295,
    -0.13179273903369904,
    -0.15221096575260162,
    -0.15611818432807922,
    -0.1589195877313614,
    -0.1638319045305252,
    -0.16938281059265137,
    -0.17397506535053253
  ],
  "iteration": [
    1,
    501,
    1001,
    1501,
    2001,
    2501,
    3001,
    3501
  ]
}