{
  "hypervolume": 1.182040672943932,
  "r2_indicator": -0.26907738567794665,
  "avg_pairwise_distance": 0.1282677849708018,
  "spacing": 0.11014111340045929,
  "spread": 1.74953722110464,
  "tds": 0.3705815740516056,
  "mpd": 1.6059346845634213,
  "mce": 0.15749878035984027,
  "num_modes": 3,
  "pmd": 0.0,
  "pfs": 0.0023116450615177373,
  "pas": 0.13022951965673318,
  "rbd": 0.3707360047360082,
  "fci": 0.48289188910646197,
  "qds": 0.5243686103160957,
  "der": 7.607095211554748,
  "num_parameters": 9863,
  "training_time": 6154.491989,
  "final_loss": 0.003860730677843094,
  "seed": 123,
  "exp_name": "medium_film_seed123",
  "capacity": "medium",
  "hidden_dim": 64,
  "num_layers": 3,
  "conditioning": "film",
  "alpha": 1.5,
  "preference_sampling": "dirichlet",
  "loss": "trajectory_balance"
}