{
  "hypervolume": 1.1692031143482569,
  "r2_indicator": -0.2688443101773961,
  "avg_pairwise_distance": 0.1567452188929731,
  "spacing": 0.10906840115785599,
  "spread": 1.7891612167132314,
  "tds": 0.4166125277461967,
  "mpd": 1.0926425582574397,
  "mce": 0.20382364935493696,
  "num_modes": 4,
  "pmd": 0.0,
  "pfs": 5.277020735897308e-12,
  "pas": 0.1584911675364611,
  "rbd": 0.4173106461439877,
  "fci": 0.40025635547959837,
  "qds": 0.5335216042420772,
  "der": 28.689458630018585,
  "num_parameters": 9863,
  "training_time": 1994.184871,
  "final_loss": 0.020753463730216026,
  "seed": 123,
  "exp_name": "medium_film_seed123",
  "capacity": "medium",
  "hidden_dim": 64,
  "num_layers": 3,
  "conditioning": "film",
  "alpha": 1.5,
  "preference_sampling": "dirichlet",
  "loss": "trajectory_balance"
}