{
  "loss": [
    15.592267036437988,
    0.05445877090096474,
    0.039163291454315186,
    0.14565739035606384,
    0.03908468037843704,
    0.01637565717101097,
    0.03414338454604149,
    0.020753463730216026
  ],
  "log_Z": [
    -0.0009999999310821295,
    -0.035821039229631424,
    -0.036411985754966736,
    -0.03772725537419319,
    -0.03938263654708862,
    -0.041771311312913895,
    -0.04624838009476662,
    -0.051806285977363586
  ],
  "iteration": [
    1,
    501,
    1001,
    1501,
    2001,
    2501,
    3001,
    3501
  ]
}