{
  "loss": [
    15.592267036437988,
    0.05445877090096474,
    0.039163291454315186,
    0.14565739035606384,
    0.03908468037843704,
    0.01637565717101097,
    0.03414338454604149,
    0.020753463730216026,
    0.016306810081005096,
    0.010208494029939175,
    0.005908737890422344,
    0.009238489903509617,
    0.005925444420427084,
    0.003303712699562311,
    0.003351990832015872,
    0.003945725038647652,
    0.004102735314518213,
    0.004501590970903635,
    0.004508459009230137,
    0.003860730677843094
  ],
  "log_Z": [
    -0.0009999999310821295,
    -0.035821039229631424,
    -0.036411985754966736,
    -0.03772725537419319,
    -0.03938263654708862,
    -0.041771311312913895,
    -0.04624838009476662,
    -0.051806285977363586,
    -0.056496039032936096,
    -0.059933245182037354,
    -0.06312814354896545,
    -0.06551337242126465,
    -0.06829636543989182,
    -0.07129281014204025,
    -0.07340740412473679,
    -0.0750264972448349,
    -0.07772425562143326,
    -0.07903007417917252,
    -0.08011062443256378,
    -0.08122042566537857
  ],
  "iteration": [
    1,
    501,
    1001,
    1501,
    2001,
    2501,
    3001,
    3501,
    4001,
    4501,
    5001,
    5501,
    6001,
    6501,
    7001,
    7501,
    8001,
    8501,
    9001,
    9501
  ]
}