{
  "hypervolume": 1.1909610166891182,
  "r2_indicator": -0.2700896814515758,
  "avg_pairwise_distance": 0.4847041782698322,
  "spacing": 0.18561038374900818,
  "spread": 1.5745349011457759,
  "tds": 0.41474399600857614,
  "mpd": 1.235359921870259,
  "mce": 0.40403698718965037,
  "num_modes": 44,
  "pmd": 0.0,
  "pfs": 0.000902691970284408,
  "pas": 0.4847041782698322,
  "rbd": 0.4149333814333859,
  "fci": 0.430373869509044,
  "qds": 0.6389316061176502,
  "der": 13.350070787725345,
  "num_parameters": 68103,
  "training_time": 1919.240733,
  "final_loss": 0.0011547505855560303,
  "seed": 789,
  "exp_name": "off_policy_10_seed789",
  "hidden_dim": 128,
  "num_layers": 4,
  "conditioning": "concat"
}