{
  "loss": [
    13.845630645751953,
    0.01950765773653984,
    0.006260877009481192,
    0.01822257600724697,
    0.017900247126817703,
    0.004520418122410774,
    0.008720392361283302,
    0.0011547505855560303
  ],
  "log_Z": [
    -0.0009999999310821295,
    -0.02317303977906704,
    -0.027604680508375168,
    -0.032884448766708374,
    -0.03715899959206581,
    -0.040939927101135254,
    -0.045508045703172684,
    -0.0499088279902935
  ],
  "iteration": [
    1,
    501,
    1001,
    1501,
    2001,
    2501,
    3001,
    3501
  ]
}