{
  "hypervolume": 0.1099999814460865,
  "r2_indicator": -0.04536363568894863,
  "avg_pairwise_distance": 0.0,
  "spacing": 0.0,
  "spread": 1.0,
  "tds": 0.07523168189834857,
  "mpd": 1.6094379124341003,
  "mce": 0.0,
  "num_modes": 1,
  "pmd": 0.0,
  "pfs": 0.0,
  "pas": 0.0,
  "rbd": 0.07523168189834714,
  "fci": 0.5906578389830508,
  "qds": 0.04545453778763904,
  "der": 0.0,
  "num_parameters": 519,
  "training_time": 2911.010623,
  "final_loss": 0.0976940467953682,
  "seed": 375,
  "exp_name": "small_subtb_entropy_seed375",
  "condition_name": "small_subtb_entropy"
}