{
  "hypervolume": 1.2099997955746564,
  "r2_indicator": -0.2722221992267175,
  "avg_pairwise_distance": 0.001798559854931187,
  "spacing": 0.02998649701476097,
  "spread": 1.4998998825646122,
  "tds": 0.042722462722462724,
  "mpd": 0.6931471805599453,
  "mce": 0.0072113988936212715,
  "num_modes": 2,
  "pmd": 0.0,
  "pfs": 0.0,
  "pas": 0.001798559854931187,
  "rbd": 0.04272246272246402,
  "fci": 0.509253756830601,
  "qds": 0.500577994558441,
  "der": 2.798339638445557,
  "num_parameters": 519,
  "training_time": 4458.200683,
  "final_loss": 0.05511082336306572,
  "seed": 375,
  "exp_name": "small_subtb_entropy_seed375",
  "condition_name": "small_subtb_entropy"
}