{
  "loss": [
    239.45448303222656,
    8.51668930053711,
    0.5815892815589905,
    0.22373467683792114,
    0.04228334501385689,
    0.20524422824382782,
    0.08769288659095764,
    0.0976940467953682
  ],
  "base_loss": [
    246.84312438964844,
    8.42922592163086,
    0.8675848245620728,
    0.18516956269741058,
    0.08877888321876526,
    0.10513143241405487,
    0.11931134015321732,
    0.3065025508403778
  ],
  "reg_term": [
    -7.388641357421875,
    0.08746337890625,
    -0.2859955430030823,
    0.03856511414051056,
    -0.04649553820490837,
    0.10011279582977295,
    -0.031618453562259674,
    -0.2088085040450096
  ],
  "log_Z": [
    -0.0009999998146668077,
    -0.1169588565826416,
    -0.14246055483818054,
    -0.14502662420272827,
    -0.1474907249212265,
    -0.14961296319961548,
    -0.15301214158535004,
    -0.1573941856622696
  ],
  "iteration": [
    1,
    501,
    1001,
    1501,
    2001,
    2501,
    3001,
    3501
  ]
}