{
  "loss": [
    230.818603515625,
    9.190332412719727,
    0.5270887613296509,
    0.2088751196861267,
    0.28151223063468933,
    0.12604375183582306,
    0.11259309202432632,
    0.05511082336306572
  ],
  "base_loss": [
    236.07022094726562,
    8.894708633422852,
    0.6162023544311523,
    0.32030826807022095,
    0.527044951915741,
    0.08963512629270554,
    0.09153826534748077,
    0.07927840203046799
  ],
  "reg_term": [
    -5.251617431640625,
    0.295623779296875,
    -0.08911359310150146,
    -0.11143314838409424,
    -0.24553272128105164,
    0.03640862554311752,
    0.02105482667684555,
    -0.024167578667402267
  ],
  "log_Z": [
    -0.0009999999310821295,
    -0.12321013957262039,
    -0.14370372891426086,
    -0.148016095161438,
    -0.14952276647090912,
    -0.1523696482181549,
    -0.1547899693250656,
    -0.15860159695148468
  ],
  "iteration": [
    1,
    501,
    1001,
    1501,
    2001,
    2501,
    3001,
    3501
  ]
}