{
  "hypervolume": 1.1734945536488595,
  "r2_indicator": -0.2680909681331855,
  "avg_pairwise_distance": 0.09802647358719425,
  "spacing": 0.13571353256702423,
  "spread": 1.7207491572261688,
  "tds": 0.4245804780661523,
  "mpd": 1.2337456996911256,
  "mce": 0.20725556611665852,
  "num_modes": 2,
  "pmd": 0.0,
  "pfs": 0.0,
  "pas": 0.09802647358719425,
  "rbd": 0.42466810966811935,
  "fci": 0.43802623056994827,
  "qds": 0.5146486847018581,
  "der": 2.2207837970804967,
  "num_parameters": 68103,
  "training_time": 2333.314913,
  "final_loss": 0.0006810305640101433,
  "seed": 789,
  "exp_name": "pref_dirichlet_high_seed789",
  "hidden_dim": 128,
  "num_layers": 4,
  "conditioning": "concat"
}