{
  "loss": [
    12.828628540039062,
    0.022115597501397133,
    0.0038229888305068016,
    0.02613087370991707,
    0.009979041293263435,
    0.0068370564840734005,
    0.0027566389180719852,
    0.0006810305640101433
  ],
  "log_Z": [
    -0.0009999999310821295,
    -0.023217609152197838,
    -0.026608088985085487,
    -0.032531481236219406,
    -0.038228943943977356,
    -0.04318080097436905,
    -0.046419210731983185,
    -0.048776838928461075
  ],
  "iteration": [
    1,
    501,
    1001,
    1501,
    2001,
    2501,
    3001,
    3501
  ]
}