{
  "hypervolume": 1.1941044513107946,
  "r2_indicator": -0.2704561490660364,
  "avg_pairwise_distance": 0.19253092677393133,
  "spacing": 0.08023874461650848,
  "spread": 1.2962337884895923,
  "tds": 0.41941839282099724,
  "mpd": 1.3951684468730259,
  "mce": 0.5817926881822242,
  "num_modes": 50,
  "pmd": 0.0,
  "pfs": 0.002118794160687307,
  "pas": 0.19253092677393133,
  "rbd": 0.4197306397306458,
  "fci": 0.44545783568584874,
  "qds": 0.5450235663839801,
  "der": 10.174562304371193,
  "num_parameters": 68103,
  "training_time": 1000.278705,
  "final_loss": 0.0032706046476960182,
  "seed": 1011,
  "exp_name": "off_policy_50_seed1011",
  "hidden_dim": 128,
  "num_layers": 4,
  "conditioning": "concat"
}