{
  "loss": [
    13.206524848937988,
    0.005185864400118589,
    0.007061820477247238,
    0.005982480477541685,
    0.0017248927615582943,
    0.0027049153577536345,
    0.0084905456751585,
    0.0032706046476960182
  ],
  "log_Z": [
    -0.0009999999310821295,
    -0.024315567687153816,
    -0.027399690821766853,
    -0.03240066021680832,
    -0.036647211760282516,
    -0.040231794118881226,
    -0.04272821918129921,
    -0.04647582396864891
  ],
  "iteration": [
    1,
    501,
    1001,
    1501,
    2001,
    2501,
    3001,
    3501
  ]
}