{
  "hypervolume": 1.4641000000000006,
  "r2_indicator": -0.07590025447924478,
  "avg_pairwise_distance": 0.25024725967438005,
  "spacing": 0.0005917040980421007,
  "spread": 0.4397487491800436,
  "tds": 0.5531060606060606,
  "mpd": 0.6931471805599453,
  "mce": 0.5147075412404267,
  "num_modes": 70,
  "pmd": 0.0,
  "pfs": 0.0,
  "pas": 0.25024725967438005,
  "rbd": 0.5531060606060606,
  "fci": 0.38159851301115255,
  "qds": 0.5568743771987228,
  "der": 89.93318609244841,
  "num_parameters": 2443,
  "training_time": 4100.420392,
  "final_loss": 3.092174768447876,
  "seed": 375,
  "exp_name": "small_subtb_entropy_seed375",
  "condition_name": "small_subtb_entropy"
}