{
  "hypervolume": 1.4641000000000006,
  "r2_indicator": -0.07590025447924478,
  "avg_pairwise_distance": 0.16631469945215843,
  "spacing": 0.0008367542177438736,
  "spread": 0.5702690163170508,
  "tds": 0.4887121212121212,
  "mpd": 0.6931471805599454,
  "mce": 0.37421948127142296,
  "num_modes": 42,
  "pmd": 0.0,
  "pfs": 0.0,
  "pas": 0.16631469945215843,
  "rbd": 0.4887121212121212,
  "fci": 0.40091223519239083,
  "qds": 0.537798795330036,
  "der": 71.60447507500578,
  "num_parameters": 2443,
  "training_time": 3422.705272,
  "final_loss": 2.415306806564331,
  "seed": 375,
  "exp_name": "small_subtb_entropy_seed375",
  "condition_name": "small_subtb_entropy"
}