{
  "loss": [
    94.04512023925781,
    23.714214324951172,
    2.8872456550598145,
    3.8791000843048096,
    1.6845518350601196,
    2.013601541519165,
    3.1211130619049072,
    3.753451108932495,
    2.8241636753082275,
    2.4052987098693848,
    2.6326799392700195,
    5.501450538635254,
    1.1418604850769043,
    1.0184248685836792,
    3.2118935585021973,
    3.092174768447876
  ],
  "base_loss": [
    115.82766723632812,
    23.802661895751953,
    3.62345027923584,
    4.873116493225098,
    1.7926348447799683,
    4.431817531585693,
    1.938854455947876,
    5.553369522094727,
    2.3143084049224854,
    1.4741877317428589,
    2.3396549224853516,
    4.41060733795166,
    1.0276308059692383,
    0.6630731821060181,
    3.036524534225464,
    2.963514804840088
  ],
  "reg_term": [
    -21.782546997070312,
    -0.08844757080078125,
    -0.7362046241760254,
    -0.9940164089202881,
    -0.10808300971984863,
    -2.4182159900665283,
    1.1822586059570312,
    -1.7999184131622314,
    0.5098552703857422,
    0.9311109781265259,
    0.29302501678466797,
    1.0908432006835938,
    0.11422967910766602,
    0.35535168647766113,
    0.1753690242767334,
    0.12865996360778809
  ],
  "log_Z": [
    -0.0009999999310821295,
    -0.0470428392291069,
    -0.03265608847141266,
    -0.0018542942125350237,
    0.02336416020989418,
    0.02887478843331337,
    0.032947055995464325,
    0.033016085624694824,
    0.03308528661727905,
    0.031362053006887436,
    0.023491619154810905,
    0.02115078642964363,
    0.012891426682472229,
    0.0115393390879035,
    0.0026691656094044447,
    -0.006681862287223339
  ],
  "iteration": [
    1,
    501,
    1001,
    1501,
    2001,
    2501,
    3001,
    3501,
    4001,
    4501,
    5001,
    5501,
    6001,
    6501,
    7001,
    7501
  ]
}