{
  "loss": [
    138.68002319335938,
    12.015774726867676,
    2.695838212966919,
    2.5526905059814453,
    2.522055149078369,
    2.438082456588745,
    2.414682149887085,
    4.556691646575928,
    2.0160155296325684,
    3.1773409843444824,
    1.3078490495681763,
    2.531543493270874,
    0.9718114733695984,
    0.5326964259147644,
    2.8834309577941895,
    2.415306806564331
  ],
  "base_loss": [
    108.33705139160156,
    6.758378505706787,
    2.116297721862793,
    2.856989860534668,
    2.9157228469848633,
    1.6348888874053955,
    2.4313855171203613,
    3.4432578086853027,
    0.8450706005096436,
    2.999674081802368,
    1.5702815055847168,
    2.4957339763641357,
    2.110701084136963,
    0.9924446940422058,
    3.9535160064697266,
    2.025550127029419
  ],
  "reg_term": [
    30.342971801757812,
    5.257396221160889,
    0.579540491104126,
    -0.30429935455322266,
    -0.39366769790649414,
    0.8031935691833496,
    -0.016703367233276367,
    1.113433837890625,
    1.1709449291229248,
    0.17766690254211426,
    -0.2624324560165405,
    0.03580951690673828,
    -1.1388896107673645,
    -0.4597482681274414,
    -1.070085048675537,
    0.3897566795349121
  ],
  "log_Z": [
    -0.0009999999310821295,
    -0.03243054449558258,
    -0.04785029590129852,
    -0.04206236079335213,
    -0.015160886570811272,
    0.018786964938044548,
    0.037138503044843674,
    0.038687724620103836,
    0.05185117572546005,
    0.05507730692625046,
    0.0612122043967247,
    0.0664653554558754,
    0.06530584394931793,
    0.05761461704969406,
    0.05911308526992798,
    0.05273449420928955
  ],
  "iteration": [
    1,
    501,
    1001,
    1501,
    2001,
    2501,
    3001,
    3501,
    4001,
    4501,
    5001,
    5501,
    6001,
    6501,
    7001,
    7501
  ]
}