{
  "hypervolume": 1.1692031143482569,
  "r2_indicator": -0.2680909681331855,
  "avg_pairwise_distance": 0.07801836704456823,
  "spacing": 0.16029499471187592,
  "spread": 1.7619619913522537,
  "tds": 0.40871780356637416,
  "mpd": 1.6475752620491715,
  "mce": 0.14026319305724633,
  "num_modes": 2,
  "pmd": 0.0,
  "pfs": 0.0,
  "pas": 0.08091718942200476,
  "rbd": 0.4087503607503662,
  "fci": 0.44548496347982214,
  "qds": 0.5082178356950428,
  "der": 17.870344031456533,
  "num_parameters": 9351,
  "training_time": 1680.770382,
  "final_loss": 0.016192728653550148,
  "seed": 123,
  "exp_name": "medium_concat_seed123",
  "capacity": "medium",
  "hidden_dim": 64,
  "num_layers": 3,
  "conditioning": "concat",
  "alpha": 1.5,
  "preference_sampling": "dirichlet",
  "loss": "trajectory_balance"
}