{
  "loss": [
    13.842782974243164,
    0.022040270268917084,
    0.024359535425901413,
    0.003927430137991905,
    0.010041115805506706,
    0.013053623959422112,
    0.011811988428235054,
    0.016192728653550148
  ],
  "log_Z": [
    -0.0009999998146668077,
    -0.04528682306408882,
    -0.045278143137693405,
    -0.04568246379494667,
    -0.046529095619916916,
    -0.04738888144493103,
    -0.04893353581428528,
    -0.05049700289964676
  ],
  "iteration": [
    1,
    501,
    1001,
    1501,
    2001,
    2501,
    3001,
    3501
  ]
}