{
  "hypervolume": 1.1908621298655608,
  "r2_indicator": -0.27006888622816916,
  "avg_pairwise_distance": 0.48177065944952285,
  "spacing": 0.18600177764892578,
  "spread": 1.5904530793369114,
  "tds": 0.43623182536146776,
  "mpd": 1.2883850696744776,
  "mce": 0.39303862518953236,
  "num_modes": 38,
  "pmd": 0.0,
  "pfs": 0.0951534718677602,
  "pas": 0.48177065944952285,
  "rbd": 0.4365757575757631,
  "fci": 0.4219159031413613,
  "qds": 0.637988737458296,
  "der": 13.310914538008356,
  "num_parameters": 68103,
  "training_time": 1913.236729,
  "final_loss": 0.004207600373774767,
  "seed": 123,
  "exp_name": "off_policy_10_seed123",
  "hidden_dim": 128,
  "num_layers": 4,
  "conditioning": "concat",
  "pfs_metadata": {
    "recalculated": true,
    "recalculation_date": "2025-12-01T16:18:13.578010",
    "old_value": 0.00047344232820310523,
    "method": "extended_pfs_with_manifold_projection"
  }
}