{
  "loss": [
    13.223681449890137,
    0.015089488588273525,
    0.010865232907235622,
    0.0021870373748242855,
    0.007329392246901989,
    0.005995864048600197,
    0.00784467626363039,
    0.004207600373774767
  ],
  "log_Z": [
    -0.0009999999310821295,
    -0.022663244977593422,
    -0.028176650404930115,
    -0.033853765577077866,
    -0.039907753467559814,
    -0.04661712050437927,
    -0.053703177720308304,
    -0.05993611738085747
  ],
  "iteration": [
    1,
    501,
    1001,
    1501,
    2001,
    2501,
    3001,
    3501
  ]
}