{
  "hypervolume": 1.18135463759037,
  "r2_indicator": -0.268986017044596,
  "avg_pairwise_distance": 0.07578498553948432,
  "spacing": 0.0706133171916008,
  "spread": 1.7604598593142482,
  "tds": 0.4291112250681493,
  "mpd": 1.1675833292064697,
  "mce": 0.08350016208361617,
  "num_modes": 2,
  "pmd": 0.0,
  "pfs": 1.6611029553692234e-12,
  "pas": 0.07447299203293727,
  "rbd": 0.42945230078563695,
  "fci": 0.41188557942708326,
  "qds": 0.5074999996917603,
  "der": 0.1654491329953708,
  "num_parameters": 267271,
  "training_time": 6169.775173,
  "final_loss": 0.0034808972850441933,
  "seed": 789,
  "exp_name": "xlarge_concat_seed789",
  "capacity": "xlarge",
  "hidden_dim": 256,
  "num_layers": 4,
  "conditioning": "concat",
  "alpha": 1.5,
  "preference_sampling": "dirichlet",
  "loss": "trajectory_balance"
}