{
  "loss": [
    13.149347305297852,
    0.07844116538763046,
    0.011609898880124092,
    0.003815701697021723,
    0.025914378464221954,
    0.002870480762794614,
    0.006944927386939526,
    0.0034808972850441933
  ],
  "log_Z": [
    -0.0009999999310821295,
    -0.020905567333102226,
    -0.02981935441493988,
    -0.039698779582977295,
    -0.04930438473820686,
    -0.0561676062643528,
    -0.06318376213312149,
    -0.06805906444787979
  ],
  "iteration": [
    1,
    501,
    1001,
    1501,
    2001,
    2501,
    3001,
    3501
  ]
}