{
  "hypervolume": 1.1871816072905503,
  "r2_indicator": -0.26966219859417867,
  "avg_pairwise_distance": 0.46963865181629993,
  "spacing": 0.18442402780056,
  "spread": 1.6039490160021037,
  "tds": 0.43437466249054973,
  "mpd": 1.4522450183943842,
  "mce": 0.3652060653944836,
  "num_modes": 24,
  "pmd": 0.0,
  "pfs": 0.0005264136766785904,
  "pas": 0.46963865181629993,
  "rbd": 0.4342626262626352,
  "fci": 0.4345641955622259,
  "qds": 0.6340893625188146,
  "der": 12.918548344016013,
  "num_parameters": 68103,
  "training_time": 1921.703474,
  "final_loss": 0.005398494657129049,
  "seed": 42,
  "exp_name": "off_policy_10_seed42",
  "hidden_dim": 128,
  "num_layers": 4,
  "conditioning": "concat"
}