{
  "loss": [
    13.150996208190918,
    0.02577987127006054,
    0.04503030702471733,
    0.032170750200748444,
    0.015652313828468323,
    0.027566909790039062,
    0.001028299331665039,
    0.005398494657129049
  ],
  "log_Z": [
    -0.0009999999310821295,
    -0.024025874212384224,
    -0.027747852727770805,
    -0.033093906939029694,
    -0.0394442118704319,
    -0.04657672345638275,
    -0.05210670083761215,
    -0.058299269527196884
  ],
  "iteration": [
    1,
    501,
    1001,
    1501,
    2001,
    2501,
    3001,
    3501
  ]
}