{
  "hypervolume": 1.4636607700000006,
  "r2_indicator": -0.07028279757740775,
  "avg_pairwise_distance": 0.31770945876016965,
  "spacing": 1.0366753677715224e-08,
  "spread": 0.4041071646903446,
  "tds": 0.6388383838383839,
  "mpd": 0.6931471805599453,
  "mce": 0.5994728638963053,
  "num_modes": 114,
  "pmd": 0.0,
  "pfs": 0.7291637294961537,
  "pas": 0.31770945876016965,
  "rbd": 0.6388383838383839,
  "fci": 0.3795098039215685,
  "qds": 0.5722066951727658,
  "der": 3.520506769542781,
  "num_parameters": 70923,
  "training_time": 4580.789804,
  "final_loss": 0.09499728679656982,
  "seed": 42,
  "exp_name": "low_tb_seed42",
  "condition_name": "low_tb",
  "pfs_metadata": {
    "recalculated": true,
    "recalculation_date": "2025-12-02T00:02:34.957512",
    "old_value": 0.0,
    "method": "extended_pfs_with_manifold_projection"
  }
}