{
  "loss": [
    148.70004272460938,
    1.0115790367126465,
    0.6836094856262207,
    0.29741370677948,
    0.4876600503921509,
    0.460853636264801,
    0.20723207294940948,
    1.3598542213439941,
    0.17449337244033813,
    0.4208783507347107,
    0.27211183309555054,
    0.13390934467315674,
    0.2673877477645874,
    0.0859251320362091,
    0.1275622695684433,
    0.09499728679656982
  ],
  "base_loss": [
    148.70004272460938,
    1.0115790367126465,
    0.6836094856262207,
    0.29741370677948,
    0.4876600503921509,
    0.460853636264801,
    0.20723207294940948,
    1.3598542213439941,
    0.17449337244033813,
    0.4208783507347107,
    0.27211183309555054,
    0.13390934467315674,
    0.2673877477645874,
    0.0859251320362091,
    0.1275622695684433,
    0.09499728679656982
  ],
  "reg_term": [
    0.0,
    0.0,
    0.0,
    0.0,
    0.0,
    0.0,
    0.0,
    0.0,
    0.0,
    0.0,
    0.0,
    0.0,
    0.0,
    0.0,
    0.0,
    0.0
  ],
  "log_Z": [
    -0.0009999999310821295,
    -0.028318054974079132,
    -0.049380023032426834,
    -0.06322735548019409,
    -0.07290478050708771,
    -0.08229631185531616,
    -0.08962065726518631,
    -0.09920558333396912,
    -0.10828601568937302,
    -0.11505784839391708,
    -0.12273787707090378,
    -0.12917813658714294,
    -0.1373458206653595,
    -0.14641569554805756,
    -0.15250177681446075,
    -0.15824207663536072
  ],
  "iteration": [
    1,
    501,
    1001,
    1501,
    2001,
    2501,
    3001,
    3501,
    4001,
    4501,
    5001,
    5501,
    6001,
    6501,
    7001,
    7501
  ]
}