{
  "hypervolume": 1.1692031143482569,
  "r2_indicator": -0.2691423180090131,
  "avg_pairwise_distance": 0.08106425362733224,
  "spacing": 0.07340119034051895,
  "spread": 1.7700452839245144,
  "tds": 0.44811212583129867,
  "mpd": 1.3923672604869626,
  "mce": 0.17081698916015597,
  "num_modes": 2,
  "pmd": 0.0,
  "pfs": 1.2389286343592392e-13,
  "pas": 0.07831381751666121,
  "rbd": 0.44818794000613094,
  "fci": 0.442452296248383,
  "qds": 0.5091968207211326,
  "der": 322.45429970211933,
  "num_parameters": 519,
  "training_time": 1743.798738,
  "final_loss": 0.001608814811334014,
  "seed": 42,
  "exp_name": "small_concat_seed42",
  "capacity": "small",
  "hidden_dim": 32,
  "num_layers": 2,
  "conditioning": "concat",
  "alpha": 1.5,
  "preference_sampling": "dirichlet",
  "loss": "trajectory_balance"
}