{
  "loss": [
    13.317045211791992,
    0.016676362603902817,
    0.009584274142980576,
    0.0070737916976213455,
    0.0048191724345088005,
    0.0024367282167077065,
    0.005451700184494257,
    0.001608814811334014
  ],
  "log_Z": [
    -0.0010000000474974513,
    -0.10208079218864441,
    -0.10031245648860931,
    -0.09851888567209244,
    -0.09648749232292175,
    -0.09462053328752518,
    -0.09335803985595703,
    -0.09168748557567596
  ],
  "iteration": [
    1,
    501,
    1001,
    1501,
    2001,
    2501,
    3001,
    3501
  ]
}