{
  "hypervolume": 1.4641000000000006,
  "r2_indicator": -0.06914373351163743,
  "avg_pairwise_distance": 0.2543050487197411,
  "spacing": 1.286083328722043e-08,
  "spread": 0.41476290750273714,
  "tds": 0.6690151515151516,
  "mpd": 0.6931471805599453,
  "mce": 0.5262505098337695,
  "num_modes": 89,
  "pmd": 0.0,
  "pfs": 0.0,
  "pas": 0.2543050487197411,
  "rbd": 0.6690151515151516,
  "fci": 0.3664272890484739,
  "qds": 0.5577966019817593,
  "der": 2.504663038920569,
  "num_parameters": 70923,
  "training_time": 5153.723069,
  "final_loss": 0.43769916892051697,
  "seed": 153,
  "exp_name": "high_subtb_seed153",
  "condition_name": "high_subtb"
}