{
  "loss": [
    71.50019836425781,
    6.368827819824219,
    4.493705749511719,
    5.759974956512451,
    7.730597496032715,
    2.350978374481201,
    1.995597243309021,
    1.4842032194137573,
    0.8773620128631592,
    0.42773592472076416,
    0.9984689354896545,
    0.5498260259628296,
    0.46598923206329346,
    1.4767473936080933,
    0.48770684003829956,
    0.43769916892051697
  ],
  "base_loss": [
    70.64653778076172,
    5.755257606506348,
    2.9459166526794434,
    7.966355323791504,
    6.115370750427246,
    2.416098117828369,
    2.1676549911499023,
    0.6271446943283081,
    0.6356620192527771,
    0.658019483089447,
    0.9614101648330688,
    0.5098937749862671,
    0.7955150604248047,
    0.6571354866027832,
    0.44932419061660767,
    0.4757772982120514
  ],
  "reg_term": [
    0.8536605834960938,
    0.6135702133178711,
    1.5477890968322754,
    -2.2063803672790527,
    1.6152267456054688,
    -0.06511974334716797,
    -0.17205774784088135,
    0.8570585250854492,
    0.24169999361038208,
    -0.23028355836868286,
    0.03705877065658569,
    0.0399322509765625,
    -0.32952582836151123,
    0.8196119070053101,
    0.038382649421691895,
    -0.038078129291534424
  ],
  "log_Z": [
    -0.0009999998146668077,
    -0.020636308938264847,
    -0.03472865745425224,
    -0.03783072158694267,
    -0.03269809111952782,
    -0.038594748824834824,
    -0.04151729494333267,
    -0.04554608836770058,
    -0.04257829114794731,
    -0.040613092482089996,
    -0.03690942004323006,
    -0.037401240319013596,
    -0.027885181829333305,
    -0.02683413401246071,
    -0.019353320822119713,
    -0.011296244338154793
  ],
  "iteration": [
    1,
    501,
    1001,
    1501,
    2001,
    2501,
    3001,
    3501,
    4001,
    4501,
    5001,
    5501,
    6001,
    6501,
    7001,
    7501
  ]
}