{
  "loss": [
    230.6067657470703,
    -0.07191696763038635,
    0.0552520751953125,
    -0.13587802648544312,
    -0.1270669847726822,
    -0.17521224915981293,
    -0.1277756690979004,
    -0.16780675947666168
  ],
  "base_loss": [
    221.4131622314453,
    0.125235915184021,
    0.0736609473824501,
    0.04665948078036308,
    0.0566096156835556,
    0.08539111912250519,
    0.04530768096446991,
    0.005334274843335152
  ],
  "reg_term": [
    9.193603515625,
    -0.19715288281440735,
    -0.018408872187137604,
    -0.1825375072658062,
    -0.1836766004562378,
    -0.2606033682823181,
    -0.1730833500623703,
    -0.17314103431999683
  ],
  "log_Z": [
    -0.0009999999310821295,
    -0.023832065984606743,
    -0.02426920272409916,
    -0.022490443661808968,
    -0.019672365859150887,
    -0.02062659151852131,
    -0.02214350923895836,
    -0.025027189403772354
  ],
  "iteration": [
    1,
    501,
    1001,
    1501,
    2001,
    2501,
    3001,
    3501
  ]
}