{
  "hypervolume": 1.190754938066011,
  "r2_indicator": -0.27005408811418696,
  "avg_pairwise_distance": 0.4616324472566537,
  "spacing": 0.1840650886297226,
  "spread": 1.609907431084543,
  "tds": 0.516234458259325,
  "mpd": 0.8870229992100513,
  "mce": 0.3764702261725915,
  "num_modes": 32,
  "pmd": 0.0,
  "pfs": 0.11597344771414202,
  "pas": 0.4616324472566537,
  "rbd": 0.5173205436538831,
  "fci": 0.42076837952270973,
  "qds": 0.6315160709116817,
  "der": 12.389807915390989,
  "num_parameters": 68103,
  "training_time": 1969.554537,
  "final_loss": 0.0008471778710372746,
  "seed": 375,
  "exp_name": "kl_uniform_001_seed375",
  "capacity": "medium",
  "hidden_dim": 128,
  "num_layers": 4,
  "pfs_metadata": {
    "recalculated": true,
    "recalculation_date": "2025-12-01T16:14:47.663860",
    "old_value": 0.03532984615697562,
    "method": "extended_pfs_with_manifold_projection"
  }
}