{
  "loss": [
    12.242765426635742,
    0.02139902673661709,
    0.005829416215419769,
    0.004549158737063408,
    0.001153713557869196,
    0.0016480975318700075,
    0.0013429992832243443,
    0.0008471778710372746
  ],
  "base_loss": [
    11.580307006835938,
    0.011324534192681313,
    0.008366604335606098,
    0.006167935207486153,
    0.0008777261828072369,
    0.0017997261602431536,
    0.0015764525160193443,
    0.000804928014986217
  ],
  "reg_term": [
    0.6624584197998047,
    0.010074492543935776,
    -0.002537188120186329,
    -0.0016187764704227448,
    0.00027598737506195903,
    -0.00015162862837314606,
    -0.00023345323279500008,
    4.224985605105758e-05
  ],
  "log_Z": [
    -0.0009999998146668077,
    -0.02568010613322258,
    -0.02386431023478508,
    -0.02289164625108242,
    -0.02108049765229225,
    -0.020575812086462975,
    -0.01906699687242508,
    -0.017921922728419304
  ],
  "iteration": [
    1,
    501,
    1001,
    1501,
    2001,
    2501,
    3001,
    3501
  ]
}