{
  "hypervolume": 1.2099999915262207,
  "r2_indicator": -0.2722222212690576,
  "avg_pairwise_distance": 0.24343230490059428,
  "spacing": 0.1372208446264267,
  "spread": 1.4971227875087507,
  "tds": 0.36911437443184225,
  "mpd": 0.9608234513932582,
  "mce": 0.4082069329415276,
  "num_modes": 2,
  "pmd": 0.0,
  "pfs": 9.806688263865056e-07,
  "pas": 0.24343230490059428,
  "rbd": 0.37322588746829866,
  "fci": 0.6269491640852056,
  "qds": 0.5782420216881181,
  "der": 414.83765363087014,
  "num_parameters": 519,
  "training_time": 4070.382148,
  "final_loss": 0.07611899822950363,
  "seed": 42,
  "exp_name": "small_veryhigh_seed42",
  "condition_name": "small_veryhigh"
}