{
  "loss": [
    221.2457733154297,
    1.9758422374725342,
    0.646457850933075,
    0.38256892561912537,
    0.067275770008564,
    0.11179979145526886,
    0.8076788187026978,
    0.07611899822950363
  ],
  "base_loss": [
    220.9832763671875,
    2.03718900680542,
    0.37062591314315796,
    0.33283764123916626,
    0.1480257511138916,
    0.12874072790145874,
    0.6382716298103333,
    0.1274985522031784
  ],
  "reg_term": [
    0.2624969482421875,
    -0.06134676933288574,
    0.275831937789917,
    0.049731284379959106,
    -0.0807499811053276,
    -0.01694093644618988,
    0.1694071888923645,
    -0.051379553973674774
  ],
  "log_Z": [
    -0.0009999999310821295,
    -0.16117994487285614,
    -0.17303672432899475,
    -0.17578282952308655,
    -0.17997820675373077,
    -0.18488311767578125,
    -0.18819555640220642,
    -0.19207729399204254
  ],
  "iteration": [
    1,
    501,
    1001,
    1501,
    2001,
    2501,
    3001,
    3501
  ]
}