{
  "hypervolume": 1.1909610166891182,
  "r2_indicator": -0.2700896814515758,
  "avg_pairwise_distance": 0.43332642964641027,
  "spacing": 0.18142224848270416,
  "spread": 1.6122805163128093,
  "tds": 0.4959858024169695,
  "mpd": 0.9584470096211019,
  "mce": 0.3519569153610431,
  "num_modes": 31,
  "pmd": 0.0,
  "pfs": 0.05588017029114081,
  "pas": 0.43332642964641027,
  "rbd": 0.498213226728389,
  "fci": 0.3882982596664968,
  "qds": 0.6224181722750504,
  "der": 11.507164469383671,
  "num_parameters": 68103,
  "training_time": 1990.595947,
  "final_loss": 0.00416917260736227,
  "seed": 264,
  "exp_name": "kl_uniform_01_seed264",
  "capacity": "medium",
  "hidden_dim": 128,
  "num_layers": 4,
  "pfs_metadata": {
    "recalculated": true,
    "recalculation_date": "2025-12-01T16:14:56.105122",
    "old_value": 0.0006812932485103868,
    "method": "extended_pfs_with_manifold_projection"
  }
}