{
  "loss": [
    11.93260383605957,
    0.0039972057566046715,
    0.001713695004582405,
    0.008956520818173885,
    0.0033523328602313995,
    0.0034791661892086267,
    0.0006646639085374773,
    0.00416917260736227
  ],
  "base_loss": [
    11.589929580688477,
    0.00635106023401022,
    0.0021895701065659523,
    0.017268940806388855,
    0.002954208292067051,
    0.0005924825672991574,
    0.0004251857753843069,
    0.003149279858916998
  ],
  "reg_term": [
    0.34267425537109375,
    -0.002353854477405548,
    -0.0004758751019835472,
    -0.00831241998821497,
    0.0003981245681643486,
    0.0028866836219094694,
    0.00023947813315317035,
    0.0010198927484452724
  ],
  "log_Z": [
    -0.0009999999310821295,
    -0.024794861674308777,
    -0.02303912304341793,
    -0.02092595398426056,
    -0.01900484785437584,
    -0.01682455837726593,
    -0.01535191759467125,
    -0.013777971267700195
  ],
  "iteration": [
    1,
    501,
    1001,
    1501,
    2001,
    2501,
    3001,
    3501
  ]
}