{
  "hypervolume": 1.1692031143482569,
  "r2_indicator": -0.2680909681331855,
  "avg_pairwise_distance": 0.11093070635751776,
  "spacing": 0.14343324303627014,
  "spread": 1.7941616590197096,
  "tds": 0.4293085515918577,
  "mpd": 1.166170884799728,
  "mce": 0.2251457315645109,
  "num_modes": 2,
  "pmd": 0.0,
  "pfs": 0.0,
  "pas": 0.11093070635751776,
  "rbd": 0.4296245791245832,
  "fci": 0.4537385129490392,
  "qds": 0.518796262200906,
  "der": 5.0351253576537625,
  "num_parameters": 68103,
  "training_time": 1164.602581,
  "final_loss": 0.006505342200398445,
  "seed": 123,
  "exp_name": "batch_64_seed123",
  "hidden_dim": 128,
  "num_layers": 4,
  "conditioning": "concat"
}