{
  "hypervolume": 1.1734907599268025,
  "r2_indicator": -0.2680909681331855,
  "avg_pairwise_distance": 0.09345622769466283,
  "spacing": 0.08024685829877853,
  "spread": 1.751741936063474,
  "tds": 0.4020943678486233,
  "mpd": 1.7543765357353143,
  "mce": 0.07067415519508329,
  "num_modes": 3,
  "pmd": 0.0,
  "pfs": 1.559247381486745e-12,
  "pas": 0.09345622769466283,
  "rbd": 0.4022525252525288,
  "fci": 0.42307692307692313,
  "qds": 0.5131797520371768,
  "der": 8.693821169564703,
  "num_parameters": 68103,
  "training_time": 568.242617,
  "final_loss": 0.011054113507270813,
  "seed": 456,
  "exp_name": "batch_32_seed456",
  "hidden_dim": 128,
  "num_layers": 4,
  "conditioning": "concat"
}