{
  "loss": [
    13.489907264709473,
    0.018134580925107002,
    0.02522962912917137,
    0.002743670716881752,
    0.004501163959503174,
    0.006742769852280617,
    0.0023350624833256006,
    0.011054113507270813
  ],
  "log_Z": [
    -0.0009999999310821295,
    -0.026556001976132393,
    -0.03227248415350914,
    -0.03770740330219269,
    -0.04537712782621384,
    -0.05168210715055466,
    -0.05709827318787575,
    -0.06479815393686295
  ],
  "iteration": [
    1,
    501,
    1001,
    1501,
    2001,
    2501,
    3001,
    3501
  ]
}