{
  "hypervolume": 1.1799595240452623,
  "r2_indicator": -0.2688443101773961,
  "avg_pairwise_distance": 0.08704854353762884,
  "spacing": 0.07782065123319626,
  "spread": 1.7538376158918632,
  "tds": 0.41055880529422867,
  "mpd": 1.7596958853471354,
  "mce": 0.0806106933970098,
  "num_modes": 2,
  "pmd": 0.0,
  "pfs": 4.739445534714633e-12,
  "pas": 0.08704854353762884,
  "rbd": 0.41076430976431416,
  "fci": 0.4391959698137444,
  "qds": 0.5111202443466585,
  "der": 8.134482936931121,
  "num_parameters": 68103,
  "training_time": 565.676079,
  "final_loss": 0.01988544687628746,
  "seed": 42,
  "exp_name": "batch_32_seed42",
  "hidden_dim": 128,
  "num_layers": 4,
  "conditioning": "concat"
}