{
  "hypervolume": 0.8449788976804193,
  "r2_indicator": -0.22492248050733046,
  "avg_pairwise_distance": 0.36771643324370895,
  "spacing": 0.10067824274301529,
  "spread": 1.1449617674760566,
  "tds": 0.8995174567130286,
  "mpd": 0.6931471805599453,
  "mce": 0.2966499427245469,
  "num_modes": 165,
  "pmd": 0.0,
  "pfs": 0.010143532628925655,
  "pas": 0.36771643324370895,
  "rbd": 0.8939778739778743,
  "fci": 0.2676600060420353,
  "qds": 0.1636430834092532,
  "der": 140.4813755027291,
  "num_parameters": 3617,
  "training_time": 2605.243254,
  "final_loss": 0.04068406671285629,
  "seed": 153,
  "exp_name": "small_subtb_seed153",
  "condition_name": "small_subtb",
  "capacity_level": "small",
  "loss_level": "subtb",
  "pfs_metadata": {
    "recalculated": true,
    "recalculation_date": "2025-12-01T23:53:11.638764",
    "old_value": 3.732119047829275e-15,
    "method": "extended_pfs_with_manifold_projection"
  }
}