{
  "loss": [
    22.168371200561523,
    0.1916584074497223,
    0.21260762214660645,
    0.1386031210422516,
    0.08982124924659729,
    0.059576645493507385,
    0.04914462938904762,
    0.07696555554866791,
    0.08941352367401123,
    0.1112145483493805,
    0.09343111515045166,
    0.0865764170885086,
    0.10027537494897842,
    0.06778429448604584,
    0.09037388861179352,
    0.04068406671285629
  ],
  "base_loss": [
    22.284488677978516,
    0.18734212219715118,
    0.279604971408844,
    0.1721310317516327,
    0.11173189431428909,
    0.07901905477046967,
    0.07005489617586136,
    0.08383224904537201,
    0.09425815939903259,
    0.12199147045612335,
    0.10685727000236511,
    0.07739090919494629,
    0.055197421461343765,
    0.06183125078678131,
    0.09297745674848557,
    0.0651436373591423
  ],
  "reg_term": [
    -0.11611747741699219,
    0.004316285252571106,
    -0.06699734926223755,
    -0.033527910709381104,
    -0.021910645067691803,
    -0.01944240927696228,
    -0.020910266786813736,
    -0.0068666934967041016,
    -0.004844635725021362,
    -0.010776922106742859,
    -0.013426154851913452,
    0.009185507893562317,
    0.04507795348763466,
    0.005953043699264526,
    -0.002603568136692047,
    -0.02445957064628601
  ],
  "log_Z": [
    -0.0009999998146668077,
    -0.1710941642522812,
    -0.1981506645679474,
    -0.21051310002803802,
    -0.17924591898918152,
    -0.16468480229377747,
    -0.1501723676919937,
    -0.1293059140443802,
    -0.12268219143152237,
    -0.11092585325241089,
    -0.10380139946937561,
    -0.09359496086835861,
    -0.0867709368467331,
    -0.08291266858577728,
    -0.0836423933506012,
    -0.07901953905820847
  ],
  "iteration": [
    1,
    501,
    1001,
    1501,
    2001,
    2501,
    3001,
    3501,
    4001,
    4501,
    5001,
    5501,
    6001,
    6501,
    7001,
    7501
  ]
}