{
  "loss": [
    12.815765380859375,
    0.024268336594104767
  ],
  "base_loss": [
    12.815765380859375,
    0.024268336594104767
  ],
  "reg_term": [
    0.0,
    0.0
  ],
  "log_Z": [
    -0.009999999776482582,
    -0.2771051228046417
  ],
  "iteration": [
    1,
    501
  ]
}