{
  "hypervolume": 0.09724592696875334,
  "r2_indicator": -0.27010749323730066,
  "avg_pairwise_distance": 0.49043099235431586,
  "spacing": 0.18154899775981903,
  "spread": 1.4966017665596192,
  "tds": 0.5498598317981578,
  "mpd": 0.9917200083201645,
  "mce": 0.46833650850282443,
  "num_modes": 4,
  "pmd": 0.0,
  "pfs": 0.000952496238958997,
  "pas": 0.49043099235431586,
  "rbd": 0.5515494326100401,
  "fci": 0.4341822297679683,
  "qds": 0.6407722738784378,
  "der": 11.403500624649837,
  "num_parameters": 68103,
  "training_time": 2273.400619,
  "final_loss": 0.0005632375832647085,
  "seed": 486,
  "exp_name": "subtrajectory_balance_095_seed486",
  "capacity": "medium",
  "hidden_dim": 128,
  "num_layers": 4,
  "num_unique_solutions": 63
}