{
  "loss": [
    13.776189804077148,
    0.01049086544662714,
    0.0012611158890649676,
    0.0017808717675507069,
    0.002030914183706045,
    0.0006155332084745169,
    0.0013859262689948082,
    0.0005632375832647085
  ],
  "base_loss": [
    13.888082504272461,
    0.01016908884048462,
    0.0012591606937348843,
    0.001722872955724597,
    0.0020123962312936783,
    0.0007424181676469743,
    0.0017024473054334521,
    0.0005795888137072325
  ],
  "reg_term": [
    -0.1118927001953125,
    0.0003217766061425209,
    1.95519533008337e-06,
    5.7998811826109886e-05,
    1.8517952412366867e-05,
    -0.00012688495917245746,
    -0.00031652103643864393,
    -1.6351230442523956e-05
  ],
  "log_Z": [
    -0.0009999999310821295,
    -0.02598818950355053,
    -0.023906219750642776,
    -0.02102079801261425,
    -0.018334422260522842,
    -0.01603667065501213,
    -0.014047733508050442,
    -0.012599440291523933
  ],
  "iteration": [
    1,
    501,
    1001,
    1501,
    2001,
    2501,
    3001,
    3501
  ]
}