{
  "hypervolume": 1.1778839942993944,
  "r2_indicator": -0.26859282999952333,
  "avg_pairwise_distance": 0.06236565433705296,
  "spacing": 0.06905815750360489,
  "spread": 1.6605249250795633,
  "tds": 0.4329479690809265,
  "mpd": 1.3200138665088723,
  "mce": 0.06103363979100349,
  "num_modes": 3,
  "pmd": 0.0,
  "pfs": 6.161632902923156e-13,
  "pas": 0.06166369425409236,
  "rbd": 0.4332462722462794,
  "fci": 0.4215097402597403,
  "qds": 0.5031868632862023,
  "der": 25.01991874049425,
  "num_parameters": 2887,
  "training_time": 3108.245441,
  "final_loss": 0.013168158009648323,
  "seed": 42,
  "exp_name": "small_film_seed42",
  "capacity": "small",
  "hidden_dim": 32,
  "num_layers": 2,
  "conditioning": "film",
  "alpha": 1.5,
  "preference_sampling": "dirichlet",
  "loss": "trajectory_balance"
}