{
  "hypervolume": 1.1692031143482569,
  "r2_indicator": -0.2684965544578177,
  "avg_pairwise_distance": 0.06204265752655541,
  "spacing": 0.06732036918401718,
  "spread": 1.708160912752503,
  "tds": 0.38496874663218017,
  "mpd": 1.4499851073435976,
  "mce": 0.1647529675626298,
  "num_modes": 2,
  "pmd": 0.0,
  "pfs": 2.113788477816008e-10,
  "pas": 0.05858613939452384,
  "rbd": 0.38503415103415656,
  "fci": 0.44653351334180424,
  "qds": 0.5030830481793821,
  "der": 14.695631259823594,
  "num_parameters": 2887,
  "training_time": 5264.508882,
  "final_loss": 0.0037249436136335135,
  "seed": 42,
  "exp_name": "small_film_seed42",
  "capacity": "small",
  "hidden_dim": 32,
  "num_layers": 2,
  "conditioning": "film",
  "alpha": 1.5,
  "preference_sampling": "dirichlet",
  "loss": "trajectory_balance"
}