{
  "loss": [
    18.859390258789062,
    0.017610667273402214,
    0.01656276546418667,
    0.007469176780432463,
    0.0053780898451805115,
    0.01080636028200388,
    0.008852951228618622,
    0.013168158009648323,
    0.009683811105787754,
    0.008375432342290878,
    0.0076672681607306,
    0.005853214301168919,
    0.015989378094673157,
    0.006321561988443136,
    0.008020801469683647,
    0.006695971824228764,
    0.007189771626144648,
    0.005845519248396158,
    0.005923060234636068,
    0.0037249436136335135
  ],
  "log_Z": [
    -0.0009999998146668077,
    -0.06337291747331619,
    -0.06341341137886047,
    -0.06443092226982117,
    -0.06538791209459305,
    -0.06559253484010696,
    -0.06633833050727844,
    -0.06832484155893326,
    -0.0689585879445076,
    -0.0694180428981781,
    -0.07071636617183685,
    -0.07255342602729797,
    -0.07331377267837524,
    -0.07417600601911545,
    -0.07459763437509537,
    -0.07542113214731216,
    -0.07661160826683044,
    -0.07618021219968796,
    -0.0771355926990509,
    -0.07826561480760574
  ],
  "iteration": [
    1,
    501,
    1001,
    1501,
    2001,
    2501,
    3001,
    3501,
    4001,
    4501,
    5001,
    5501,
    6001,
    6501,
    7001,
    7501,
    8001,
    8501,
    9001,
    9501
  ]
}