{
  "loss": [
    18.859390258789062,
    0.017610667273402214,
    0.01656276546418667,
    0.007469176780432463,
    0.0053780898451805115,
    0.01080636028200388,
    0.008852951228618622,
    0.013168158009648323
  ],
  "log_Z": [
    -0.0009999998146668077,
    -0.06337291747331619,
    -0.06341341137886047,
    -0.06443092226982117,
    -0.06538791209459305,
    -0.06559253484010696,
    -0.06633833050727844,
    -0.06832484155893326
  ],
  "iteration": [
    1,
    501,
    1001,
    1501,
    2001,
    2501,
    3001,
    3501
  ]
}