{
  "hypervolume": 1.4641000000000006,
  "r2_indicator": -0.07590025447924478,
  "avg_pairwise_distance": 0.21217223203397842,
  "spacing": 1.0134980854559217e-08,
  "spread": 0.4891177097214801,
  "tds": 0.5332575757575757,
  "mpd": 0.6931471805599453,
  "mce": 0.45611880277033506,
  "num_modes": 55,
  "pmd": 0.0,
  "pfs": 0.0,
  "pas": 0.21217223203397842,
  "rbd": 0.5332575757575757,
  "fci": 0.379831898318983,
  "qds": 0.5482209618259042,
  "der": 103.64431375818769,
  "num_parameters": 2443,
  "training_time": 3016.630367,
  "final_loss": 3.9573240280151367,
  "seed": 375,
  "exp_name": "small_subtb_seed375",
  "condition_name": "small_subtb"
}