{
  "hypervolume": 1.4641000000000006,
  "r2_indicator": -0.07590025447924478,
  "avg_pairwise_distance": 0.20087958406502124,
  "spacing": 3.220340616394424e-08,
  "spread": 0.5820035894484183,
  "tds": 0.4527272727272727,
  "mpd": 0.6931471805599454,
  "mce": 0.41084242012125494,
  "num_modes": 43,
  "pmd": 0.0,
  "pfs": 0.0,
  "pas": 0.20087958406502124,
  "rbd": 0.4527272727272727,
  "fci": 0.4085354539430086,
  "qds": 0.5456544509238684,
  "der": 141.56231816438188,
  "num_parameters": 2443,
  "training_time": 2091.063245,
  "final_loss": 1.7226191759109497,
  "seed": 375,
  "exp_name": "small_subtb_seed375",
  "condition_name": "small_subtb"
}