{
  "loss": [
    87.4251937866211,
    20.059368133544922,
    3.1480612754821777,
    3.9441423416137695,
    2.852126359939575,
    3.246140956878662,
    2.580734968185425,
    5.043292045593262,
    1.2382817268371582,
    2.2479028701782227,
    2.1976757049560547,
    4.075823783874512,
    1.9355432987213135,
    2.4773237705230713,
    1.9689209461212158,
    3.9573240280151367
  ],
  "base_loss": [
    86.85579681396484,
    21.10746955871582,
    4.416776657104492,
    2.046205759048462,
    2.172145366668701,
    2.3756752014160156,
    2.9681036472320557,
    4.795525550842285,
    2.026980400085449,
    3.9479212760925293,
    3.3427610397338867,
    3.1898813247680664,
    1.125430941581726,
    2.072979688644409,
    2.104193687438965,
    4.2434611320495605
  ],
  "reg_term": [
    0.56939697265625,
    -1.0481014251708984,
    -1.2687153816223145,
    1.8979365825653076,
    0.679980993270874,
    0.8704657554626465,
    -0.38736867904663086,
    0.24776649475097656,
    -0.788698673248291,
    -1.7000184059143066,
    -1.145085334777832,
    0.8859424591064453,
    0.8101123571395874,
    0.4043440818786621,
    -0.13527274131774902,
    -0.28613710403442383
  ],
  "log_Z": [
    -0.0009999999310821295,
    -0.03962303698062897,
    -0.029235299676656723,
    0.0124288871884346,
    0.032168708741664886,
    0.05101604387164116,
    0.053465038537979126,
    0.061166565865278244,
    0.07007279992103577,
    0.06899921596050262,
    0.06052467226982117,
    0.06708896905183792,
    0.07305654138326645,
    0.06720215082168579,
    0.057555023580789566,
    0.057330235838890076
  ],
  "iteration": [
    1,
    501,
    1001,
    1501,
    2001,
    2501,
    3001,
    3501,
    4001,
    4501,
    5001,
    5501,
    6001,
    6501,
    7001,
    7501
  ]
}