{
  "loss": [
    128.845458984375,
    8.652868270874023,
    0.9545645713806152,
    3.424422264099121,
    0.18606474995613098,
    1.1766607761383057,
    0.7999918460845947,
    6.048873424530029,
    1.1408019065856934,
    2.594369888305664,
    1.6463403701782227,
    1.531223177909851,
    0.7177566885948181,
    0.8558999300003052,
    1.2424525022506714,
    1.7226191759109497
  ],
  "base_loss": [
    115.59197998046875,
    6.875513553619385,
    4.065828323364258,
    3.598971366882324,
    1.9593021869659424,
    0.4873075485229492,
    0.9882112145423889,
    3.6305201053619385,
    2.3169918060302734,
    2.460872173309326,
    1.6279884576797485,
    2.4548580646514893,
    0.6409759521484375,
    1.5677547454833984,
    0.6395001411437988,
    1.4440126419067383
  ],
  "reg_term": [
    13.25347900390625,
    1.7773547172546387,
    -3.1112637519836426,
    -0.17454910278320312,
    -1.7732374370098114,
    0.6893532276153564,
    -0.1882193684577942,
    2.418353319168091,
    -1.17618989944458,
    0.1334977149963379,
    0.01835191249847412,
    -0.9236348867416382,
    0.07678073644638062,
    -0.7118548154830933,
    0.6029523611068726,
    0.2786065340042114
  ],
  "log_Z": [
    -0.0009999998146668077,
    -0.03554341942071915,
    -0.026136860251426697,
    -0.004185042344033718,
    0.016043733805418015,
    0.020912479609251022,
    0.026224689558148384,
    0.017513424158096313,
    0.027245081961154938,
    0.030537810176610947,
    0.030924560502171516,
    0.03759198263287544,
    0.03307114541530609,
    0.03353705257177353,
    0.036513857543468475,
    0.030942222103476524
  ],
  "iteration": [
    1,
    501,
    1001,
    1501,
    2001,
    2501,
    3001,
    3501,
    4001,
    4501,
    5001,
    5501,
    6001,
    6501,
    7001,
    7501
  ]
}