{
  "hypervolume": 1.2099998020466234,
  "r2_indicator": -0.2722221999547395,
  "avg_pairwise_distance": 0.0013991599151767847,
  "spacing": 0.02644824981689453,
  "spread": 1.4998996441461059,
  "tds": 0.04883116883116883,
  "mpd": 0.6931471805599453,
  "mce": 0.0,
  "num_modes": 1,
  "pmd": 0.0,
  "pfs": 0.0,
  "pas": 0.0013991599151767847,
  "rbd": 0.048831168831171126,
  "fci": 0.4803571428571429,
  "qds": 0.5004496225558019,
  "der": 3.529829613520647,
  "num_parameters": 519,
  "training_time": 2749.468542,
  "final_loss": 0.1357555240392685,
  "seed": 375,
  "exp_name": "small_high_seed375",
  "condition_name": "small_high"
}