{
  "loss": [
    239.09144592285156,
    12.08935260772705,
    0.40292468667030334,
    0.22141744196414948,
    0.11810794472694397,
    0.13289570808410645,
    0.18131563067436218,
    0.1357555240392685
  ],
  "base_loss": [
    236.18539428710938,
    11.052227973937988,
    0.20119452476501465,
    0.6538078784942627,
    0.1806744635105133,
    0.1899828016757965,
    0.11851486563682556,
    0.13286831974983215
  ],
  "reg_term": [
    2.9060516357421875,
    1.0371246337890625,
    0.2017301619052887,
    -0.4323904365301132,
    -0.06256651878356934,
    -0.057087093591690063,
    0.06280076503753662,
    0.0028872042894363403
  ],
  "log_Z": [
    -0.0009999998146668077,
    -0.12204775959253311,
    -0.14343474805355072,
    -0.14715780317783356,
    -0.1492988020181656,
    -0.15178579092025757,
    -0.15333186089992523,
    -0.15473924577236176
  ],
  "iteration": [
    1,
    501,
    1001,
    1501,
    2001,
    2501,
    3001,
    3501
  ]
}