{
  "hypervolume": 0.1099999814460865,
  "r2_indicator": -0.04536363568894863,
  "avg_pairwise_distance": 0.0,
  "spacing": 0.0,
  "spread": 1.0,
  "tds": 0.3414686548019881,
  "mpd": 4.61512051684126,
  "mce": 0.0,
  "num_modes": 1,
  "pmd": 0.0,
  "pfs": 0.0,
  "pas": 0.0,
  "rbd": 0.34146865480196803,
  "fci": 0.48920124113475194,
  "qds": 0.04545453778763904,
  "der": 0.0,
  "num_parameters": 68103,
  "training_time": 11752.222526,
  "final_loss": 0.09056314826011658,
  "seed": 42,
  "exp_name": "low_tb_seed42",
  "condition_name": "low_tb"
}