{
  "loss": [
    254.981201171875,
    3.3804824352264404,
    0.5395897626876831,
    0.5479202270507812,
    0.15095986425876617,
    0.6929219961166382,
    0.03686767444014549,
    0.09056314826011658
  ],
  "base_loss": [
    254.981201171875,
    3.3804824352264404,
    0.5395897626876831,
    0.5479202270507812,
    0.15095986425876617,
    0.6929219961166382,
    0.03686767444014549,
    0.09056314826011658
  ],
  "reg_term": [
    0.0,
    0.0,
    0.0,
    0.0,
    0.0,
    0.0,
    0.0,
    0.0
  ],
  "log_Z": [
    -0.0009999999310821295,
    -0.021874872967600822,
    -0.02329760417342186,
    -0.024976296350359917,
    -0.02630162611603737,
    -0.02893451415002346,
    -0.03268726170063019,
    -0.037335846573114395
  ],
  "iteration": [
    1,
    501,
    1001,
    1501,
    2001,
    2501,
    3001,
    3501
  ]
}