{
  "hypervolume": 1.181338715910031,
  "r2_indicator": -0.2689766610414166,
  "avg_pairwise_distance": 0.1022076480053909,
  "spacing": 0.13671749830245972,
  "spread": 1.787471618433782,
  "tds": 0.42815669011707197,
  "mpd": 1.1603558828453664,
  "mce": 0.21107262850709724,
  "num_modes": 2,
  "pmd": 0.0,
  "pfs": 2.2671922247096457e-13,
  "pas": 0.1022076480053909,
  "rbd": 0.4283011063011092,
  "fci": 0.4026968125650854,
  "qds": 0.5159925650584174,
  "der": 2.3269144264704713,
  "num_parameters": 68103,
  "training_time": 2321.877161,
  "final_loss": 0.0012686788104474545,
  "seed": 456,
  "exp_name": "pref_dirichlet_medium_seed456",
  "hidden_dim": 128,
  "num_layers": 4,
  "conditioning": "concat"
}