{
  "hypervolume": 1.4641000000000006,
  "r2_indicator": -0.06914373351163743,
  "avg_pairwise_distance": 0.2981630719247984,
  "spacing": 1.1394273968790003e-08,
  "spread": 0.40543302291273,
  "tds": 0.656010101010101,
  "mpd": 0.6931471805599453,
  "mce": 0.5842143480821965,
  "num_modes": 97,
  "pmd": 0.0,
  "pfs": 0.722165727344979,
  "pas": 0.2981630719247984,
  "rbd": 0.656010101010101,
  "fci": 0.37092190016103066,
  "qds": 0.5677643345283633,
  "der": 2.19001921617804,
  "num_parameters": 70923,
  "training_time": 6910.688726,
  "final_loss": 0.10931240022182465,
  "seed": 153,
  "exp_name": "medium_tb_seed153",
  "condition_name": "medium_tb",
  "pfs_metadata": {
    "recalculated": true,
    "recalculation_date": "2025-12-01T23:58:36.512903",
    "old_value": 0.0,
    "method": "extended_pfs_with_manifold_projection"
  }
}