{
  "loss": [
    98.68437194824219,
    4.437938690185547,
    3.910984992980957,
    1.1086361408233643,
    0.32910582423210144,
    0.28281599283218384,
    0.2241288721561432,
    0.6952171921730042,
    0.41140517592430115,
    0.23103754222393036,
    0.7400782704353333,
    0.47759732604026794,
    0.19703029096126556,
    0.3605549931526184,
    0.2141398936510086,
    0.10931240022182465
  ],
  "base_loss": [
    98.68437194824219,
    4.437938690185547,
    3.910984992980957,
    1.1086361408233643,
    0.32910582423210144,
    0.28281599283218384,
    0.2241288721561432,
    0.6952171921730042,
    0.41140517592430115,
    0.23103754222393036,
    0.7400782704353333,
    0.47759732604026794,
    0.19703029096126556,
    0.3605549931526184,
    0.2141398936510086,
    0.10931240022182465
  ],
  "reg_term": [
    0.0,
    0.0,
    0.0,
    0.0,
    0.0,
    0.0,
    0.0,
    0.0,
    0.0,
    0.0,
    0.0,
    0.0,
    0.0,
    0.0,
    0.0,
    0.0
  ],
  "log_Z": [
    -0.0010000000474974513,
    -0.023721877485513687,
    -0.04575061798095703,
    -0.05866377055644989,
    -0.07317303866147995,
    -0.08504986017942429,
    -0.09660495817661285,
    -0.11078792810440063,
    -0.12067346274852753,
    -0.1309259980916977,
    -0.14407265186309814,
    -0.154249370098114,
    -0.16700057685375214,
    -0.1789502054452896,
    -0.19079290330410004,
    -0.19884377717971802
  ],
  "iteration": [
    1,
    501,
    1001,
    1501,
    2001,
    2501,
    3001,
    3501,
    4001,
    4501,
    5001,
    5501,
    6001,
    6501,
    7001,
    7501
  ]
}