{
  "hypervolume": 1.1940864401945515,
  "r2_indicator": -0.2704561490660364,
  "avg_pairwise_distance": 0.4224349104035152,
  "spacing": 0.15733565390110016,
  "spread": 1.3706303564499862,
  "tds": 0.41494077856979233,
  "mpd": 1.4453872036986577,
  "mce": 0.5782295655703521,
  "num_modes": 44,
  "pmd": 0.0,
  "pfs": 0.09658645310277926,
  "pas": 0.4224349104035152,
  "rbd": 0.4150594837261563,
  "fci": 0.40146765175718846,
  "qds": 0.6189175054050163,
  "der": 15.254984334431953,
  "num_parameters": 68103,
  "training_time": 1463.808595,
  "final_loss": 0.0008185757324099541,
  "seed": 123,
  "exp_name": "off_policy_25_seed123",
  "hidden_dim": 128,
  "num_layers": 4,
  "conditioning": "concat",
  "pfs_metadata": {
    "recalculated": true,
    "recalculation_date": "2025-12-01T16:18:25.973480",
    "old_value": 0.0019984306865592624,
    "method": "extended_pfs_with_manifold_projection"
  }
}