{
  "loss": [
    13.674568176269531,
    0.02035124972462654,
    0.004617786034941673,
    0.010521997697651386,
    0.004121939651668072,
    0.01888629049062729,
    0.0021190799307078123,
    0.0008185757324099541
  ],
  "log_Z": [
    -0.0009999999310821295,
    -0.024321286007761955,
    -0.028281597420573235,
    -0.033734388649463654,
    -0.04005267471075058,
    -0.04527193307876587,
    -0.049703750759363174,
    -0.056424085050821304
  ],
  "iteration": [
    1,
    501,
    1001,
    1501,
    2001,
    2501,
    3001,
    3501
  ]
}