{
  "hypervolume": 1.2099581388073497,
  "r2_indicator": -0.2722188627475567,
  "avg_pairwise_distance": 0.00039773659922070706,
  "spacing": 0.013825811445713043,
  "spread": 1.4995136725791511,
  "tds": 0.3621516754850088,
  "mpd": 4.61512051684126,
  "mce": 0.0,
  "num_modes": 1,
  "pmd": 0.0,
  "pfs": 0.2855392069288836,
  "pas": 0.00039773659922070706,
  "rbd": 0.3621516754849868,
  "fci": 0.46726533166458073,
  "qds": 0.49957816966043694,
  "der": 0.003757068328741124,
  "num_parameters": 68103,
  "training_time": 5596.064608,
  "final_loss": 0.13493728637695312,
  "seed": 264,
  "exp_name": "low_tb_seed264",
  "condition_name": "low_tb"
}