{
  "loss": [
    253.37545776367188,
    3.925393581390381,
    0.2909861207008362,
    0.2833388149738312,
    0.18466082215309143,
    0.1212068498134613,
    0.11204773187637329,
    0.13493728637695312
  ],
  "base_loss": [
    253.37545776367188,
    3.925393581390381,
    0.2909861207008362,
    0.2833388149738312,
    0.18466082215309143,
    0.1212068498134613,
    0.11204773187637329,
    0.13493728637695312
  ],
  "reg_term": [
    0.0,
    0.0,
    0.0,
    0.0,
    0.0,
    0.0,
    0.0,
    0.0
  ],
  "log_Z": [
    -0.0009999998146668077,
    -0.020502999424934387,
    -0.02182156778872013,
    -0.024286974221467972,
    -0.02664036862552166,
    -0.029127733781933784,
    -0.032478854060173035,
    -0.03640114143490791
  ],
  "iteration": [
    1,
    501,
    1001,
    1501,
    2001,
    2501,
    3001,
    3501
  ]
}