{
  "hypervolume": 0.8986991393332031,
  "r2_indicator": -0.23300779482406198,
  "avg_pairwise_distance": 0.3769908075646147,
  "spacing": 0.10128564387559891,
  "spread": 1.2246202231616867,
  "tds": 0.8970661623722849,
  "mpd": 0.6931471805599453,
  "mce": 0.2694014626140214,
  "num_modes": 143,
  "pmd": 0.0,
  "pfs": 0.014110563304151667,
  "pas": 0.3769908075646147,
  "rbd": 0.8895889850889867,
  "fci": 0.2978624253353688,
  "qds": 0.1666239802154236,
  "der": 129.47448120188963,
  "num_parameters": 3617,
  "training_time": 2898.014627,
  "final_loss": 0.037341583520174026,
  "seed": 153,
  "exp_name": "small_tb_seed153",
  "condition_name": "small_tb",
  "capacity_level": "small",
  "loss_level": "tb",
  "pfs_metadata": {
    "recalculated": true,
    "recalculation_date": "2025-12-01T23:53:16.870123",
    "old_value": 0.00026831605229155195,
    "method": "extended_pfs_with_manifold_projection"
  }
}