{
  "loss": [
    33.50046157836914,
    0.23276904225349426,
    0.20493760704994202,
    0.15824927389621735,
    0.0774216577410698,
    0.08805171400308609,
    0.08190010488033295,
    0.0817747563123703,
    0.09004753828048706,
    0.0572030134499073,
    0.048867594450712204,
    0.05652209371328354,
    0.061360280960798264,
    0.05178052932024002,
    0.05221223458647728,
    0.037341583520174026
  ],
  "base_loss": [
    33.50046157836914,
    0.23276904225349426,
    0.20493760704994202,
    0.15824927389621735,
    0.0774216577410698,
    0.08805171400308609,
    0.08190010488033295,
    0.0817747563123703,
    0.09004753828048706,
    0.0572030134499073,
    0.048867594450712204,
    0.05652209371328354,
    0.061360280960798264,
    0.05178052932024002,
    0.05221223458647728,
    0.037341583520174026
  ],
  "reg_term": [
    0.0,
    0.0,
    0.0,
    0.0,
    0.0,
    0.0,
    0.0,
    0.0,
    0.0,
    0.0,
    0.0,
    0.0,
    0.0,
    0.0,
    0.0,
    0.0
  ],
  "log_Z": [
    -0.0009999998146668077,
    -0.2699287235736847,
    -0.32129526138305664,
    -0.3084195554256439,
    -0.2768856883049011,
    -0.24694259464740753,
    -0.22008255124092102,
    -0.20580211281776428,
    -0.2002488076686859,
    -0.1942460536956787,
    -0.1917455941438675,
    -0.18881218135356903,
    -0.18554137647151947,
    -0.18737562000751495,
    -0.18497318029403687,
    -0.18410222232341766
  ],
  "iteration": [
    1,
    501,
    1001,
    1501,
    2001,
    2501,
    3001,
    3501,
    4001,
    4501,
    5001,
    5501,
    6001,
    6501,
    7001,
    7501
  ]
}