{
  "hypervolume": 1.1799734376059954,
  "r2_indicator": -0.26883712877099863,
  "avg_pairwise_distance": 0.0854189763039498,
  "spacing": 0.07830888777971268,
  "spread": 1.7299587133860919,
  "tds": 0.3872861952861953,
  "mpd": 2.623512036080243,
  "mce": 0.07914606668202888,
  "num_modes": 3,
  "pmd": 0.0,
  "pfs": 9.931708327927571e-12,
  "pas": 0.0854189763039498,
  "rbd": 0.3872861952861998,
  "fci": 0.41077297626293374,
  "qds": 0.5105964816005976,
  "der": 3.913752691333517,
  "num_parameters": 68103,
  "training_time": 1153.71155,
  "final_loss": 0.004856501705944538,
  "seed": 1011,
  "exp_name": "batch_64_seed1011",
  "hidden_dim": 128,
  "num_layers": 4,
  "conditioning": "concat"
}