{
  "loss": [
    12.840860366821289,
    0.023163622245192528,
    0.040197908878326416,
    0.004198880400508642,
    0.0021763902623206377,
    0.0016339527210220695,
    0.006249828729778528,
    0.004856501705944538
  ],
  "log_Z": [
    -0.0009999999310821295,
    -0.023710958659648895,
    -0.02812333032488823,
    -0.034953538328409195,
    -0.04120621830224991,
    -0.04575149342417717,
    -0.05021404102444649,
    -0.0543268620967865
  ],
  "iteration": [
    1,
    501,
    1001,
    1501,
    2001,
    2501,
    3001,
    3501
  ]
}