{
  "hypervolume": 1.1870631704196368,
  "r2_indicator": -0.2696374431162546,
  "avg_pairwise_distance": 0.46981456438143765,
  "spacing": 0.18488642573356628,
  "spread": 1.580964608476938,
  "tds": 0.5246108963396232,
  "mpd": 0.9457555566664575,
  "mce": 0.39414068195311874,
  "num_modes": 35,
  "pmd": 0.0,
  "pfs": 0.04309258293828035,
  "pas": 0.46981456438143765,
  "rbd": 0.5273041823496462,
  "fci": 0.4138973186966892,
  "qds": 0.6341459029586806,
  "der": 12.516930553700627,
  "num_parameters": 68103,
  "training_time": 1984.106092,
  "final_loss": 0.0018532172543928027,
  "seed": 375,
  "exp_name": "none_seed375",
  "capacity": "medium",
  "hidden_dim": 128,
  "num_layers": 4
}