{
  "loss": [
    11.673018455505371,
    0.003183955792337656,
    0.003735815640538931,
    0.0006737103685736656,
    0.004720903001725674,
    0.0010399507591500878,
    0.001974595943465829,
    0.0018532172543928027
  ],
  "base_loss": [
    11.66486644744873,
    0.0024971039965748787,
    0.0010365461930632591,
    0.0010979449143633246,
    0.0065544345416128635,
    0.0008129461784847081,
    0.0025136047042906284,
    0.0016753221862018108
  ],
  "reg_term": [
    0.008152008056640625,
    0.0006868517957627773,
    0.0026992694474756718,
    -0.000424234545789659,
    -0.0018335315398871899,
    0.00022700458066537976,
    -0.0005390087608247995,
    0.00017789506819099188
  ],
  "log_Z": [
    -0.0010000000474974513,
    -0.025630759075284004,
    -0.024601416662335396,
    -0.02309158816933632,
    -0.021501706913113594,
    -0.020612001419067383,
    -0.019142020493745804,
    -0.01838286779820919
  ],
  "iteration": [
    1,
    501,
    1001,
    1501,
    2001,
    2501,
    3001,
    3501
  ]
}