{
  "loss": [
    13.724799156188965,
    0.02885872684419155,
    0.014906908385455608,
    0.02243623696267605,
    0.011070458218455315,
    0.006269228179007769,
    0.0005018195370212197,
    0.0004662059072870761
  ],
  "log_Z": [
    -0.0009999998146668077,
    -0.024190008640289307,
    -0.027664417400956154,
    -0.033597785979509354,
    -0.04061073064804077,
    -0.04694192111492157,
    -0.050680287182331085,
    -0.05556120350956917
  ],
  "iteration": [
    1,
    501,
    1001,
    1501,
    2001,
    2501,
    3001,
    3501
  ]
}