{
  "hypervolume": 1.191023156032264,
  "r2_indicator": -0.27010749323730066,
  "avg_pairwise_distance": 0.4725813868584563,
  "spacing": 0.18569041788578033,
  "spread": 1.5654573412366262,
  "tds": 0.530332998760111,
  "mpd": 0.8857281952091752,
  "mce": 0.3934524700265256,
  "num_modes": 35,
  "pmd": 0.0,
  "pfs": 0.10297914663144196,
  "pas": 0.4725813868584563,
  "rbd": 0.5297137340773755,
  "fci": 0.4506896021328959,
  "qds": 0.635035193384062,
  "der": 12.485843380443061,
  "num_parameters": 68103,
  "training_time": 2000.759957,
  "final_loss": 0.0010765418410301208,
  "seed": 375,
  "exp_name": "none_seed375",
  "capacity": "medium",
  "hidden_dim": 128,
  "num_layers": 4,
  "pfs_metadata": {
    "recalculated": true,
    "recalculation_date": "2025-12-01T16:14:37.107796",
    "old_value": 0.0007904135130195968,
    "method": "extended_pfs_with_manifold_projection"
  }
}