{
  "loss": [
    11.864331245422363,
    0.007024047430604696,
    0.0023400112986564636,
    0.0010848838137462735,
    0.002766869030892849,
    0.0011061836266890168,
    0.0020760768093168736,
    0.0010765418410301208
  ],
  "base_loss": [
    11.808954238891602,
    0.007969877682626247,
    0.007464462425559759,
    0.0014578718692064285,
    0.002782359253615141,
    0.0009679761715233326,
    0.002181441057473421,
    0.0014102691784501076
  ],
  "reg_term": [
    0.05537700653076172,
    -0.0009458302520215511,
    -0.0051244511269032955,
    -0.000372988055460155,
    -1.5490222722291946e-05,
    0.00013820745516568422,
    -0.00010536424815654755,
    -0.0003337273374199867
  ],
  "log_Z": [
    -0.0009999999310821295,
    -0.026651043444871902,
    -0.025840386748313904,
    -0.024896889925003052,
    -0.023449676111340523,
    -0.022035101428627968,
    -0.02012665756046772,
    -0.017890384420752525
  ],
  "iteration": [
    1,
    501,
    1001,
    1501,
    2001,
    2501,
    3001,
    3501
  ]
}