{
  "hypervolume": 1.4641000000000006,
  "r2_indicator": -0.07590025447924478,
  "avg_pairwise_distance": 0.2649833483719785,
  "spacing": 1.2614164823787632e-08,
  "spread": 0.4132258564542178,
  "tds": 0.6738636363636363,
  "mpd": 0.6931471805599453,
  "mce": 0.5537524269361627,
  "num_modes": 76,
  "pmd": 0.0,
  "pfs": 0.6931601068738296,
  "pas": 0.2649833483719785,
  "rbd": 0.6738636363636363,
  "fci": 0.3817480931766646,
  "qds": 0.5602234882663587,
  "der": 1.8125176373921366,
  "num_parameters": 70923,
  "training_time": 7420.817401,
  "final_loss": 0.08244280517101288,
  "seed": 375,
  "exp_name": "low_subtb_entropy_seed375",
  "condition_name": "low_subtb_entropy",
  "pfs_metadata": {
    "recalculated": true,
    "recalculation_date": "2025-12-02T00:02:01.195368",
    "old_value": 0.0,
    "method": "extended_pfs_with_manifold_projection"
  }
}