{
  "loss": [
    56.06892776489258,
    1.791069507598877,
    1.6341357231140137,
    3.9725394248962402,
    2.693838119506836,
    0.893152117729187,
    0.8226516842842102,
    0.6170985698699951,
    0.6207125782966614,
    0.5852444171905518,
    0.3212955892086029,
    0.8248006701469421,
    0.733690619468689,
    0.13292339444160461,
    0.35730838775634766,
    0.08244280517101288
  ],
  "base_loss": [
    58.854469299316406,
    1.6061677932739258,
    2.7513937950134277,
    4.409285545349121,
    1.9544734954833984,
    0.741303026676178,
    0.7162984013557434,
    0.6741858124732971,
    0.6568350195884705,
    0.891935408115387,
    0.40026840567588806,
    1.2692101001739502,
    0.696017861366272,
    0.2820468842983246,
    0.5373730659484863,
    0.29436904191970825
  ],
  "reg_term": [
    -2.785541534423828,
    0.18490171432495117,
    -1.117258071899414,
    -0.43674612045288086,
    0.7393646240234375,
    0.15184909105300903,
    0.1063532829284668,
    -0.057087242603302,
    -0.03612244129180908,
    -0.3066909909248352,
    -0.07897281646728516,
    -0.44440943002700806,
    0.03767275810241699,
    -0.14912348985671997,
    -0.18006467819213867,
    -0.21192623674869537
  ],
  "log_Z": [
    -0.0009999999310821295,
    -0.022929737344384193,
    -0.022982532158493996,
    -0.023052042350172997,
    -0.023792700842022896,
    -0.022774407640099525,
    -0.032638516277074814,
    -0.03178107738494873,
    -0.044307075440883636,
    -0.040970928966999054,
    -0.03563449904322624,
    -0.029201291501522064,
    -0.023209648206830025,
    -0.020789511501789093,
    -0.02141791768372059,
    -0.016566842794418335
  ],
  "iteration": [
    1,
    501,
    1001,
    1501,
    2001,
    2501,
    3001,
    3501,
    4001,
    4501,
    5001,
    5501,
    6001,
    6501,
    7001,
    7501
  ]
}