{
  "hypervolume": 1.4641000000000006,
  "r2_indicator": -0.07028279757740775,
  "avg_pairwise_distance": 0.246136266066376,
  "spacing": 0.0005917039816267788,
  "spread": 0.43477043958509926,
  "tds": 0.6693939393939394,
  "mpd": 0.6931471805599453,
  "mce": 0.5272074844786607,
  "num_modes": 69,
  "pmd": 0.0,
  "pfs": 0.7824207279526806,
  "pas": 0.246136266066376,
  "rbd": 0.6693939393939394,
  "fci": 0.3744099126548852,
  "qds": 0.555940060469631,
  "der": 1.6934759398251893,
  "num_parameters": 70923,
  "training_time": 7377.546921,
  "final_loss": 0.0470193549990654,
  "seed": 42,
  "exp_name": "medium_veryhigh_seed42",
  "condition_name": "medium_veryhigh",
  "pfs_metadata": {
    "recalculated": true,
    "recalculation_date": "2025-12-02T00:00:40.285615",
    "old_value": 0.0,
    "method": "extended_pfs_with_manifold_projection"
  }
}