{
  "loss": [
    74.43048858642578,
    7.881656646728516,
    6.278530120849609,
    4.482936382293701,
    1.288414716720581,
    4.513221740722656,
    1.3542383909225464,
    1.6675126552581787,
    0.6171376705169678,
    0.3249027132987976,
    0.6972957253456116,
    1.0403203964233398,
    0.07359692454338074,
    0.06379874795675278,
    0.09708955138921738,
    0.0470193549990654
  ],
  "base_loss": [
    71.1561508178711,
    8.882072448730469,
    8.395956039428711,
    4.290268421173096,
    2.341391086578369,
    3.0901389122009277,
    0.7669199109077454,
    0.7148450613021851,
    0.7511873245239258,
    0.577449381351471,
    0.7569928169250488,
    1.0182311534881592,
    0.37229764461517334,
    0.2208390235900879,
    0.24826106429100037,
    0.09815550595521927
  ],
  "reg_term": [
    3.2743377685546875,
    -1.0004158020019531,
    -2.1174259185791016,
    0.19266796112060547,
    -1.052976369857788,
    1.4230828285217285,
    0.587318480014801,
    0.9526675939559937,
    -0.134049654006958,
    -0.25254666805267334,
    -0.059697091579437256,
    0.022089242935180664,
    -0.2987007200717926,
    -0.1570402756333351,
    -0.151171512901783,
    -0.05113615095615387
  ],
  "log_Z": [
    -0.0009999998146668077,
    -0.009810801595449448,
    -0.0072313155978918076,
    -0.004545044619590044,
    -0.00533190555870533,
    -0.013939963653683662,
    -0.015413424000144005,
    -0.020094402134418488,
    -0.0171583853662014,
    -0.01995852217078209,
    -0.013032924383878708,
    -0.011334528215229511,
    -0.009505878202617168,
    -0.0004127950523979962,
    0.004422978963702917,
    0.006531701423227787
  ],
  "iteration": [
    1,
    501,
    1001,
    1501,
    2001,
    2501,
    3001,
    3501,
    4001,
    4501,
    5001,
    5501,
    6001,
    6501,
    7001,
    7501
  ]
}