{
  "hypervolume": 0.026854528841576884,
  "r2_indicator": -0.09468332448409007,
  "avg_pairwise_distance": 0.5912321488678612,
  "spacing": 0.13018721342086792,
  "spread": 1.0769888246295463,
  "tds": 0.9012518857687319,
  "mpd": 0.6931471805599453,
  "mce": 0.6606382579114698,
  "num_modes": 2,
  "pmd": 0.0,
  "pfs": 0.12392529336791845,
  "pas": 0.5912321488678612,
  "rbd": 0.8898306878306879,
  "fci": 0.3044025448593224,
  "qds": 0.6551582001374638,
  "der": 6.44805393370031,
  "num_parameters": 73505,
  "training_time": 4490.709881,
  "final_loss": 0.04219454899430275,
  "seed": 153,
  "exp_name": "low_tb_seed153",
  "condition_name": "low_tb"
}