{
  "loss": [
    2.2083826065063477,
    0.15206900238990784,
    0.07866045087575912,
    0.05842670798301697,
    0.15123924612998962,
    0.06246665120124817,
    0.03552214056253433,
    0.05219345539808273,
    0.0783175379037857,
    0.053367067128419876,
    0.05161597952246666,
    0.05718625709414482,
    0.02842547930777073,
    0.04197793826460838,
    0.04693562909960747,
    0.04219454899430275
  ],
  "base_loss": [
    2.2083826065063477,
    0.15206900238990784,
    0.07866045087575912,
    0.05842670798301697,
    0.15123924612998962,
    0.06246665120124817,
    0.03552214056253433,
    0.05219345539808273,
    0.0783175379037857,
    0.053367067128419876,
    0.05161597952246666,
    0.05718625709414482,
    0.02842547930777073,
    0.04197793826460838,
    0.04693562909960747,
    0.04219454899430275
  ],
  "reg_term": [
    0.0,
    0.0,
    0.0,
    0.0,
    0.0,
    0.0,
    0.0,
    0.0,
    0.0,
    0.0,
    0.0,
    0.0,
    0.0,
    0.0,
    0.0,
    0.0
  ],
  "log_Z": [
    -0.0009999998146668077,
    -0.06508561968803406,
    -0.08247552812099457,
    -0.10406068712472916,
    -0.12441332638263702,
    -0.14677001535892487,
    -0.17235074937343597,
    -0.19577524065971375,
    -0.21943268179893494,
    -0.24620375037193298,
    -0.26769590377807617,
    -0.28964900970458984,
    -0.30897098779678345,
    -0.32417014241218567,
    -0.33815112709999084,
    -0.3526259660720825
  ],
  "iteration": [
    1,
    501,
    1001,
    1501,
    2001,
    2501,
    3001,
    3501,
    4001,
    4501,
    5001,
    5501,
    6001,
    6501,
    7001,
    7501
  ]
}