{
  "hypervolume": 1.1910353079549256,
  "r2_indicator": -0.27010749323730066,
  "avg_pairwise_distance": 0.48589612721675646,
  "spacing": 0.18601207435131073,
  "spread": 1.5309337352155719,
  "tds": 0.5048830930085598,
  "mpd": 0.9405122834563844,
  "mce": 0.4441055060045233,
  "num_modes": 39,
  "pmd": 0.0,
  "pfs": 0.000992674304726901,
  "pas": 0.48589612721675646,
  "rbd": 0.5078394932788938,
  "fci": 0.44640837279834944,
  "qds": 0.6393147130191039,
  "der": 13.526940618782977,
  "num_parameters": 68103,
  "training_time": 1898.803884,
  "final_loss": 0.0015378111274912953,
  "seed": 486,
  "exp_name": "none_seed486",
  "capacity": "medium",
  "hidden_dim": 128,
  "num_layers": 4
}