{
  "loss": [
    13.322779655456543,
    0.013453765772283077,
    0.004169603809714317,
    0.0038493783213198185,
    0.009278479963541031,
    0.0035263383761048317,
    0.0009336107759736478,
    0.0015378111274912953
  ],
  "base_loss": [
    13.268133163452148,
    0.010046230629086494,
    0.005671576596796513,
    0.0015292394673451781,
    0.009670184925198555,
    0.001699172193184495,
    0.0010060081258416176,
    0.0013880167389288545
  ],
  "reg_term": [
    0.05464649200439453,
    0.003407535143196583,
    -0.0015019727870821953,
    0.0023201388539746404,
    -0.0003917049616575241,
    0.0018271661829203367,
    -7.239734986796975e-05,
    0.00014979438856244087
  ],
  "log_Z": [
    -0.0009999999310821295,
    -0.025653934106230736,
    -0.023588431999087334,
    -0.021702710539102554,
    -0.019539594650268555,
    -0.017905771732330322,
    -0.016096308827400208,
    -0.014827328734099865
  ],
  "iteration": [
    1,
    501,
    1001,
    1501,
    2001,
    2501,
    3001,
    3501
  ]
}