{
  "hypervolume": 1.1862219324413517,
  "r2_indicator": -0.2695612157188506,
  "avg_pairwise_distance": 0.0595253651474496,
  "spacing": 0.0630391389131546,
  "spread": 1.7291515629971863,
  "tds": 0.41496525200728696,
  "mpd": 1.2196631302947558,
  "mce": 0.0,
  "num_modes": 1,
  "pmd": 0.0,
  "pfs": 0.0705942290400596,
  "pas": 0.0595253651474496,
  "rbd": 0.4153239538239616,
  "fci": 0.4317005917526413,
  "qds": 0.5022739597650663,
  "der": 5.544811002815761,
  "num_parameters": 68103,
  "training_time": 567.48133,
  "final_loss": 0.0030436846427619457,
  "seed": 789,
  "exp_name": "batch_32_seed789",
  "hidden_dim": 128,
  "num_layers": 4,
  "conditioning": "concat",
  "pfs_metadata": {
    "recalculated": true,
    "recalculation_date": "2025-12-01T16:16:18.059654",
    "old_value": 5.104485466234039e-15,
    "method": "extended_pfs_with_manifold_projection"
  }
}