{
  "hypervolume": 1.4641000000000006,
  "r2_indicator": -0.07590025447924478,
  "avg_pairwise_distance": 0.3249323729093288,
  "spacing": 1.036246910501859e-08,
  "spread": 0.3988295776921959,
  "tds": 0.6525757575757576,
  "mpd": 0.6931471805599453,
  "mce": 0.6045222318057043,
  "num_modes": 123,
  "pmd": 0.0,
  "pfs": 0.7424561907265314,
  "pas": 0.3249323729093288,
  "rbd": 0.6525757575757576,
  "fci": 0.38601696668735785,
  "qds": 0.573848266570302,
  "der": 3.6056713419346385,
  "num_parameters": 70923,
  "training_time": 4574.274755,
  "final_loss": 0.3334428369998932,
  "seed": 375,
  "exp_name": "low_tb_seed375",
  "condition_name": "low_tb",
  "pfs_metadata": {
    "recalculated": true,
    "recalculation_date": "2025-12-02T00:02:30.613147",
    "old_value": 0.0,
    "method": "extended_pfs_with_manifold_projection"
  }
}