{
  "loss": [
    104.76768493652344,
    1.2923189401626587,
    0.3093688189983368,
    0.3444947898387909,
    0.45901918411254883,
    0.5224727392196655,
    1.1210803985595703,
    0.1701940894126892,
    0.16201749444007874,
    0.6963061094284058,
    0.44352129101753235,
    0.9638633131980896,
    1.1247893571853638,
    0.08630311489105225,
    0.17640279233455658,
    0.3334428369998932
  ],
  "base_loss": [
    104.76768493652344,
    1.2923189401626587,
    0.3093688189983368,
    0.3444947898387909,
    0.45901918411254883,
    0.5224727392196655,
    1.1210803985595703,
    0.1701940894126892,
    0.16201749444007874,
    0.6963061094284058,
    0.44352129101753235,
    0.9638633131980896,
    1.1247893571853638,
    0.08630311489105225,
    0.17640279233455658,
    0.3334428369998932
  ],
  "reg_term": [
    0.0,
    0.0,
    0.0,
    0.0,
    0.0,
    0.0,
    0.0,
    0.0,
    0.0,
    0.0,
    0.0,
    0.0,
    0.0,
    0.0,
    0.0,
    0.0
  ],
  "log_Z": [
    -0.0009999999310821295,
    -0.025970252230763435,
    -0.04525969922542572,
    -0.061118628829717636,
    -0.07591032981872559,
    -0.08560273796319962,
    -0.09863105416297913,
    -0.10860536247491837,
    -0.1217036172747612,
    -0.13038359582424164,
    -0.13934533298015594,
    -0.14852966368198395,
    -0.1594165861606598,
    -0.16941511631011963,
    -0.1773100644350052,
    -0.18682168424129486
  ],
  "iteration": [
    1,
    501,
    1001,
    1501,
    2001,
    2501,
    3001,
    3501,
    4001,
    4501,
    5001,
    5501,
    6001,
    6501,
    7001,
    7501
  ]
}