{
  "hypervolume": 0.10698026161640893,
  "r2_indicator": -0.04525382769514218,
  "avg_pairwise_distance": 0.0,
  "spacing": 0.0,
  "spread": 1.0,
  "tds": 0.32336700336700336,
  "mpd": 2.0794415416798357,
  "mce": 0.0,
  "num_modes": 1,
  "pmd": 0.0,
  "pfs": 0.0,
  "pas": 0.0,
  "rbd": 0.32336700336701385,
  "fci": 0.3614705882352942,
  "qds": 0.04420671967620203,
  "der": 0.0,
  "num_parameters": 68103,
  "training_time": 2272.194442,
  "final_loss": 0.0007713517406955361,
  "seed": 42,
  "exp_name": "greedy_seed42",
  "hidden_dim": 128,
  "num_layers": 4,
  "conditioning": "concat"
}