{
  "loss": [
    5.999131202697754,
    0.17066434025764465,
    0.007785547990351915,
    0.00718250498175621,
    0.007549468893557787,
    0.035318709909915924,
    0.011821440421044827,
    0.0007713517406955361
  ],
  "log_Z": [
    -0.0009999998146668077,
    -0.06765375286340714,
    -0.0713878720998764,
    -0.07569361478090286,
    -0.08424648642539978,
    -0.09165559709072113,
    -0.09840765595436096,
    -0.10312005877494812
  ],
  "iteration": [
    1,
    501,
    1001,
    1501,
    2001,
    2501,
    3001,
    3501
  ]
}