{
  "hypervolume": 1.1909610166891182,
  "r2_indicator": -0.2700896814515758,
  "avg_pairwise_distance": 0.49304321370296234,
  "spacing": 0.17714935541152954,
  "spread": 1.4557693861530594,
  "tds": 0.562958605529583,
  "mpd": 0.9829256344572711,
  "mce": 0.5200454082543079,
  "num_modes": 43,
  "pmd": 0.0,
  "pfs": 0.08370613729986934,
  "pas": 0.49304321370296234,
  "rbd": 0.5642068307674454,
  "fci": 0.42417442375886516,
  "qds": 0.6416118736191598,
  "der": 14.337790465434065,
  "num_parameters": 68103,
  "training_time": 1817.770343,
  "final_loss": 0.003448587842285633,
  "seed": 42,
  "exp_name": "none_seed42",
  "capacity": "medium",
  "hidden_dim": 128,
  "num_layers": 4,
  "pfs_metadata": {
    "recalculated": true,
    "recalculation_date": "2025-12-01T16:15:10.691495",
    "old_value": 0.0008115443188105391,
    "method": "extended_pfs_with_manifold_projection"
  }
}