{
  "loss": [
    12.330703735351562,
    0.0059598954394459724,
    0.002141571370884776,
    0.0017694886773824692,
    0.0009287855355069041,
    0.003586436156183481,
    0.0022064088843762875,
    0.003448587842285633
  ],
  "base_loss": [
    12.503560066223145,
    0.006474989466369152,
    0.0016606535064056516,
    0.0017054893542081118,
    0.0009201254579238594,
    0.0035008438862860203,
    0.002590297255665064,
    0.004788877442479134
  ],
  "reg_term": [
    -0.17285633087158203,
    -0.0005150940269231796,
    0.00048091786447912455,
    6.399932317435741e-05,
    8.660077583044767e-06,
    8.559226989746094e-05,
    -0.0003838883712887764,
    -0.0013402896001935005
  ],
  "log_Z": [
    -0.0010000000474974513,
    -0.024777287617325783,
    -0.021388262510299683,
    -0.019617516547441483,
    -0.01860979199409485,
    -0.017931627109646797,
    -0.0176235381513834,
    -0.017161859199404716
  ],
  "iteration": [
    1,
    501,
    1001,
    1501,
    2001,
    2501,
    3001,
    3501
  ]
}