{
  "hypervolume": 1.1734945536488595,
  "r2_indicator": -0.2680909681331855,
  "avg_pairwise_distance": 0.08884481812486145,
  "spacing": 0.12689584493637085,
  "spread": 1.7812383096452837,
  "tds": 0.3919117349894249,
  "mpd": 1.6475752620491715,
  "mce": 0.19053667310140243,
  "num_modes": 2,
  "pmd": 0.0,
  "pfs": 0.0,
  "pas": 0.08884481812486145,
  "rbd": 0.3919927048260428,
  "fci": 0.44648958995549903,
  "qds": 0.5116975888655244,
  "der": 0.4864060327978083,
  "num_parameters": 68103,
  "training_time": 9655.380813,
  "final_loss": 0.0033909156918525696,
  "seed": 789,
  "exp_name": "batch_512_seed789",
  "hidden_dim": 128,
  "num_layers": 4,
  "conditioning": "concat"
}