{
  "loss": [
    12.770463943481445,
    0.005933218169957399,
    0.002549402881413698,
    0.0006773092900402844,
    0.000636167882476002,
    0.000507765740621835,
    0.0002786368131637573,
    0.0003569279215298593
  ],
  "log_Z": [
    -0.009999999776482582,
    -0.2838996946811676,
    -0.3918205499649048,
    -0.4637397229671478,
    -0.4779430031776428,
    -0.5130428671836853,
    -0.5613718628883362,
    -0.5738576650619507
  ],
  "iteration": [
    1,
    501,
    1001,
    1501,
    2001,
    2501,
    3001,
    3501
  ]
}