{
  "hypervolume": 0.1099999814460865,
  "r2_indicator": -0.04536363568894863,
  "avg_pairwise_distance": 0.0,
  "spacing": 0.0,
  "spread": 1.0,
  "tds": 0.008260381593714927,
  "mpd": 0.6931471805599453,
  "mce": 0.0,
  "num_modes": 1,
  "pmd": 0.0,
  "pfs": 0.0,
  "pas": 0.0,
  "rbd": 0.008260381593714899,
  "fci": 0.4728300000000001,
  "qds": 0.04545453778763904,
  "der": 0.0,
  "num_parameters": 519,
  "training_time": 2830.372955,
  "final_loss": 0.07686534523963928,
  "seed": 153,
  "exp_name": "small_subtb_entropy_seed153",
  "condition_name": "small_subtb_entropy"
}