{
  "hypervolume": 1.2099997955746564,
  "r2_indicator": -0.2722221992267175,
  "avg_pairwise_distance": 0.0007997599755641211,
  "spacing": 0.019995994865894318,
  "spread": 1.499899371343366,
  "tds": 0.043367003367003366,
  "mpd": 0.6931471805599453,
  "mce": 0.0,
  "num_modes": 1,
  "pmd": 0.0,
  "pfs": 0.0,
  "pas": 0.0007997599755641211,
  "rbd": 0.04336700336700435,
  "fci": 0.5787694377990431,
  "qds": 0.5002569681185551,
  "der": 1.2291742547775304,
  "num_parameters": 519,
  "training_time": 4513.166475,
  "final_loss": 0.05470000579953194,
  "seed": 153,
  "exp_name": "small_subtb_entropy_seed153",
  "condition_name": "small_subtb_entropy"
}