{
  "loss": [
    224.4633331298828,
    7.493377208709717,
    0.8840207457542419,
    0.8175269365310669,
    0.3025645911693573,
    0.18235735595226288,
    0.10053940117359161,
    0.07686534523963928
  ],
  "base_loss": [
    228.5808563232422,
    6.670258522033691,
    0.49688538908958435,
    1.0503157377243042,
    0.36853206157684326,
    0.051427338272333145,
    0.12033005803823471,
    0.09766413271427155
  ],
  "reg_term": [
    -4.117523193359375,
    0.8231186866760254,
    0.3871353566646576,
    -0.2327888011932373,
    -0.06596747040748596,
    0.13093001767992973,
    -0.019790656864643097,
    -0.020798787474632263
  ],
  "log_Z": [
    -0.0009999999310821295,
    -0.1413106471300125,
    -0.1716587096452713,
    -0.17587228119373322,
    -0.1783541738986969,
    -0.18005910515785217,
    -0.18046262860298157,
    -0.1801193654537201
  ],
  "iteration": [
    1,
    501,
    1001,
    1501,
    2001,
    2501,
    3001,
    3501
  ]
}