{
  "loss": [
    241.20254516601562,
    8.35394287109375,
    0.821320652961731,
    0.5409258008003235,
    0.45773014426231384,
    0.09613169729709625,
    0.19450561702251434,
    0.05470000579953194
  ],
  "base_loss": [
    233.71519470214844,
    8.568846702575684,
    0.8211899995803833,
    0.27055445313453674,
    0.240764781832695,
    0.1518053561449051,
    0.2844052016735077,
    0.12870828807353973
  ],
  "reg_term": [
    7.4873504638671875,
    -0.2149038314819336,
    0.00013065338134765625,
    0.27037134766578674,
    0.21696536242961884,
    -0.05567365884780884,
    -0.08989958465099335,
    -0.0740082822740078
  ],
  "log_Z": [
    -0.0009999999310821295,
    -0.1435873955488205,
    -0.1711648553609848,
    -0.17614834010601044,
    -0.17784762382507324,
    -0.17868901789188385,
    -0.17988508939743042,
    -0.18058769404888153
  ],
  "iteration": [
    1,
    501,
    1001,
    1501,
    2001,
    2501,
    3001,
    3501
  ]
}