{
  "hypervolume": 1.4641000000000006,
  "r2_indicator": -0.07759036533851421,
  "avg_pairwise_distance": 0.2774813545082005,
  "spacing": 0.0014284998178482056,
  "spread": 0.4117271063704505,
  "tds": 0.6723232323232323,
  "mpd": 0.6931471805599453,
  "mce": 0.55180302714036,
  "num_modes": 106,
  "pmd": 0.0,
  "pfs": 0.0,
  "pas": 0.2774813545082005,
  "rbd": 0.6723232323232323,
  "fci": 0.374059205190592,
  "qds": 0.5630639442064092,
  "der": 3.9348297637241023,
  "num_parameters": 70923,
  "training_time": 3579.507371,
  "final_loss": 0.3410254716873169,
  "seed": 264,
  "exp_name": "low_subtb_seed264",
  "condition_name": "low_subtb"
}