{
  "loss": [
    79.44525146484375,
    3.2143774032592773,
    2.7570881843566895,
    1.3505576848983765,
    1.7255829572677612,
    3.421657085418701,
    0.968246340751648,
    1.5281596183776855,
    3.514064073562622,
    1.149097204208374,
    0.6548003554344177,
    0.7012295126914978,
    1.8115742206573486,
    0.4593496322631836,
    0.48170268535614014,
    0.3410254716873169
  ],
  "base_loss": [
    71.30146026611328,
    2.5138444900512695,
    1.9173614978790283,
    2.0551400184631348,
    1.7865933179855347,
    0.753691554069519,
    2.151992082595825,
    1.1920320987701416,
    5.490175247192383,
    1.169460415840149,
    0.2909573018550873,
    0.6206687688827515,
    1.3722854852676392,
    0.3628956377506256,
    0.5476411581039429,
    0.19054260849952698
  ],
  "reg_term": [
    8.143791198730469,
    0.7005329132080078,
    0.8397266864776611,
    -0.7045823335647583,
    -0.06101036071777344,
    2.667965531349182,
    -1.1837457418441772,
    0.33612751960754395,
    -1.9761111736297607,
    -0.020363211631774902,
    0.36384305357933044,
    0.08056074380874634,
    0.4392887353897095,
    0.09645399451255798,
    -0.06593847274780273,
    0.15048286318778992
  ],
  "log_Z": [
    -0.0009999999310821295,
    -0.011816058307886124,
    -0.009591563604772091,
    -0.008443036116659641,
    -0.014480417594313622,
    -0.017264407128095627,
    -0.01641133986413479,
    -0.025101713836193085,
    -0.02834557741880417,
    -0.02349293977022171,
    -0.016604328528046608,
    -0.006181112956255674,
    -0.0040820869617164135,
    -0.006714534014463425,
    -0.010901871137320995,
    0.004427241161465645
  ],
  "iteration": [
    1,
    501,
    1001,
    1501,
    2001,
    2501,
    3001,
    3501,
    4001,
    4501,
    5001,
    5501,
    6001,
    6501,
    7001,
    7501
  ]
}