{
  "hypervolume": 0.5758812047352948,
  "r2_indicator": -0.17026563855418655,
  "avg_pairwise_distance": 0.0022226692698729704,
  "spacing": 0.0,
  "spread": 1.407706904802037,
  "tds": 0.3873400673400673,
  "mpd": 4.553876891600541,
  "mce": 0.0,
  "num_modes": 1,
  "pmd": 0.0,
  "pfs": 1.0445104272266681e-14,
  "pas": 0.0022226692698729704,
  "rbd": 0.3873400673400702,
  "fci": 0.40507812499999996,
  "qds": 0.2148664079594454,
  "der": 0.04896657445319645,
  "num_parameters": 68103,
  "training_time": 2399.448203,
  "final_loss": 0.014270167797803879,
  "seed": 456,
  "exp_name": "temp_low_seed456",
  "hidden_dim": 128,
  "num_layers": 4,
  "conditioning": "concat"
}