{
  "loss": [
    12.544815063476562
  ],
  "log_Z": [
    -0.0009999999310821295
  ],
  "iteration": [
    1
  ]
}