{
  "loss": [
    13.69701862335205,
    0.047361109405756,
    0.010310727171599865,
    0.004336468875408173,
    0.0011852874886244535,
    0.0033603510819375515,
    0.002492999890819192,
    0.014270167797803879
  ],
  "log_Z": [
    -0.0009999999310821295,
    -0.02522359974682331,
    -0.030038777738809586,
    -0.033777784556150436,
    -0.040145792067050934,
    -0.04443836584687233,
    -0.05136261135339737,
    -0.05777760222554207
  ],
  "iteration": [
    1,
    501,
    1001,
    1501,
    2001,
    2501,
    3001,
    3501
  ]
}