{
  "loss": [
    12.398807525634766,
    0.027600476518273354,
    0.042375631630420685,
    0.015050499700009823,
    0.00855928659439087,
    0.006888804025948048,
    0.003435674821957946,
    0.01988544687628746
  ],
  "log_Z": [
    -0.0009999999310821295,
    -0.029026387259364128,
    -0.03299981355667114,
    -0.03819955885410309,
    -0.04375791177153587,
    -0.04917958751320839,
    -0.05479731783270836,
    -0.06047648936510086
  ],
  "iteration": [
    1,
    501,
    1001,
    1501,
    2001,
    2501,
    3001,
    3501
  ]
}