{
  "hypervolume": 1.1692031143482569,
  "r2_indicator": -0.26773308338883395,
  "avg_pairwise_distance": 0.10713751975716732,
  "spacing": 0.08228901028633118,
  "spread": 1.778808056275423,
  "tds": 0.410655815018932,
  "mpd": 1.609037592092357,
  "mce": 0.20711613531595321,
  "num_modes": 2,
  "pmd": 0.0,
  "pfs": 1.4042972326232344e-11,
  "pas": 0.10713751975716732,
  "rbd": 0.4107003367003402,
  "fci": 0.43511190097332153,
  "qds": 0.5175770858520816,
  "der": 493.3484739135431,
  "num_parameters": 9863,
  "training_time": 79.264964,
  "final_loss": 14.427350044250488,
  "seed": 42,
  "exp_name": "temp_medium_seed42",
  "hidden_dim": 64,
  "num_layers": 3,
  "conditioning": "film"
}