{
  "loss": [
    14.427350044250488
  ],
  "log_Z": [
    -0.0009999999310821295
  ],
  "iteration": [
    1
  ]
}