{
  "loss": [
    13.207618713378906,
    0.21167942881584167,
    0.009226160123944283,
    0.008554186671972275,
    0.01555626466870308,
    0.007325439248234034,
    0.0010649788891896605,
    0.005966854747384787
  ],
  "log_Z": [
    -0.0010000000474974513,
    -0.022988367825746536,
    -0.02617494761943817,
    -0.031693603843450546,
    -0.03660459443926811,
    -0.04194512963294983,
    -0.04740423336625099,
    -0.05228974670171738
  ],
  "iteration": [
    1,
    501,
    1001,
    1501,
    2001,
    2501,
    3001,
    3501
  ]
}