{
  "hypervolume": 1.1778839942993944,
  "r2_indicator": -0.26859282999952333,
  "avg_pairwise_distance": 0.06765940615149449,
  "spacing": 0.13847018778324127,
  "spread": 1.7442944036012202,
  "tds": 0.385979797979798,
  "mpd": 2.6182209814149746,
  "mce": 0.06604005559273866,
  "num_modes": 2,
  "pmd": 0.0,
  "pfs": 0.012318428746380465,
  "pas": 0.06765940615149449,
  "rbd": 0.38597979797980336,
  "fci": 0.479764344262295,
  "qds": 0.504888339561616,
  "der": 1.538075363754434,
  "num_parameters": 68103,
  "training_time": 2325.341932,
  "final_loss": 0.004204681143164635,
  "seed": 42,
  "exp_name": "pref_uniform_seed42",
  "hidden_dim": 128,
  "num_layers": 4,
  "conditioning": "concat",
  "pfs_metadata": {
    "recalculated": true,
    "recalculation_date": "2025-12-01T16:20:53.351198",
    "old_value": 5.519692796050279e-13,
    "method": "extended_pfs_with_manifold_projection"
  }
}