{
  "loss": [
    13.140830993652344,
    0.01933330111205578,
    0.032416101545095444,
    0.022723466157913208,
    0.006826550234109163,
    0.01649404875934124,
    0.0015765761490911245,
    0.004204681143164635
  ],
  "log_Z": [
    -0.0009999998146668077,
    -0.02200683206319809,
    -0.02698233164846897,
    -0.03352131322026253,
    -0.03972802311182022,
    -0.046545643359422684,
    -0.05244217440485954,
    -0.056995000690221786
  ],
  "iteration": [
    1,
    501,
    1001,
    1501,
    2001,
    2501,
    3001,
    3501
  ]
}