{
  "hypervolume": 1.209999999001594,
  "r2_indicator": -0.27222222210992136,
  "avg_pairwise_distance": 0.10363501862941975,
  "spacing": 0.08945221453905106,
  "spread": 1.4981694741544385,
  "tds": 0.10570726133620911,
  "mpd": 0.876249228671297,
  "mce": 0.2129821971127643,
  "num_modes": 2,
  "pmd": 0.0,
  "pfs": 5.3741975808302795e-09,
  "pas": 0.10363501862941975,
  "rbd": 0.10575138841344787,
  "fci": 0.5857544637933358,
  "qds": 0.5333094720909252,
  "der": 5.0595604637419855,
  "num_parameters": 9351,
  "training_time": 7885.662457,
  "final_loss": 0.8286550045013428,
  "seed": 264,
  "exp_name": "medium_tb_seed264",
  "condition_name": "medium_tb"
}