{
  "hypervolume": 0.1099999814460865,
  "r2_indicator": -0.04536363568894863,
  "avg_pairwise_distance": 0.0,
  "spacing": 0.0,
  "spread": 1.0,
  "tds": 0.26577200577200577,
  "mpd": 4.564348191467836,
  "mce": 0.0,
  "num_modes": 1,
  "pmd": 0.0,
  "pfs": 0.0,
  "pas": 0.0,
  "rbd": 0.265772005771997,
  "fci": 0.5404667207792209,
  "qds": 0.04545453778763904,
  "der": 0.0,
  "num_parameters": 9351,
  "training_time": 8125.407951,
  "final_loss": 0.3222636580467224,
  "seed": 264,
  "exp_name": "medium_tb_seed264",
  "condition_name": "medium_tb"
}