{
  "loss": [
    256.6899719238281,
    22.122451782226562,
    9.953277587890625,
    4.0252299308776855,
    0.690557599067688,
    18.4979248046875,
    1.0468783378601074,
    0.8286550045013428
  ],
  "base_loss": [
    256.6899719238281,
    22.122451782226562,
    9.953277587890625,
    4.0252299308776855,
    0.690557599067688,
    18.4979248046875,
    1.0468783378601074,
    0.8286550045013428
  ],
  "reg_term": [
    0.0,
    0.0,
    0.0,
    0.0,
    0.0,
    0.0,
    0.0,
    0.0
  ],
  "log_Z": [
    -0.0009999999310821295,
    -0.03867737948894501,
    -0.03970557078719139,
    -0.03979375213384628,
    -0.03992394730448723,
    -0.04010960832238197,
    -0.040315788239240646,
    -0.04058816283941269
  ],
  "iteration": [
    1,
    501,
    1001,
    1501,
    2001,
    2501,
    3001,
    3501
  ]
}