{
  "loss": [
    256.45880126953125,
    0.9254366159439087,
    0.7685116529464722,
    0.43277159333229065,
    0.14481322467327118,
    0.5339503288269043,
    0.21082615852355957,
    0.3222636580467224
  ],
  "base_loss": [
    256.45880126953125,
    0.9254366159439087,
    0.7685116529464722,
    0.43277159333229065,
    0.14481322467327118,
    0.5339503288269043,
    0.21082615852355957,
    0.3222636580467224
  ],
  "reg_term": [
    0.0,
    0.0,
    0.0,
    0.0,
    0.0,
    0.0,
    0.0,
    0.0
  ],
  "log_Z": [
    -0.0009999999310821295,
    -0.0376419797539711,
    -0.03767968714237213,
    -0.03785356134176254,
    -0.03790849819779396,
    -0.03828601911664009,
    -0.038671042770147324,
    -0.038982078433036804
  ],
  "iteration": [
    1,
    501,
    1001,
    1501,
    2001,
    2501,
    3001,
    3501
  ]
}