{
  "hypervolume": 1.1768157296469144,
  "r2_indicator": -0.26847467903296157,
  "avg_pairwise_distance": 0.11893065214527918,
  "spacing": 0.09009236842393875,
  "spread": 1.796943017461724,
  "tds": 0.4030005661445556,
  "mpd": 1.6530102587082731,
  "mce": 0.244098258138839,
  "num_modes": 2,
  "pmd": 0.0,
  "pfs": 2.89368599863601e-12,
  "pas": 0.11893065214527918,
  "rbd": 0.40298316498316666,
  "fci": 0.45209876046361885,
  "qds": 0.5213675421625655,
  "der": 2.705928218059823,
  "num_parameters": 68103,
  "training_time": 2323.345438,
  "final_loss": 0.006320408079773188,
  "seed": 456,
  "exp_name": "pref_dirichlet_high_seed456",
  "hidden_dim": 128,
  "num_layers": 4,
  "conditioning": "concat"
}