{
  "loss": [
    13.649290084838867,
    0.028859416022896767,
    0.008302688598632812,
    0.00276010949164629,
    0.0025669303722679615,
    0.01370227336883545,
    0.003536389907822013,
    0.006320408079773188
  ],
  "log_Z": [
    -0.0009999999310821295,
    -0.025203164666891098,
    -0.030390789732336998,
    -0.03472253307700157,
    -0.040941428393125534,
    -0.04635656625032425,
    -0.052101489156484604,
    -0.059118323028087616
  ],
  "iteration": [
    1,
    501,
    1001,
    1501,
    2001,
    2501,
    3001,
    3501
  ]
}