{
  "hypervolume": 1.1870631704196368,
  "r2_indicator": -0.2696374431162546,
  "avg_pairwise_distance": 0.21855957984005908,
  "spacing": 0.09489243477582932,
  "spread": 1.3283181762780432,
  "tds": 0.6354549463471998,
  "mpd": 0.8762882532371667,
  "mce": 0.23430535036835087,
  "num_modes": 2,
  "pmd": 0.0,
  "pfs": 0.030464751112979877,
  "pas": 0.21855957984005908,
  "rbd": 0.5944428310185894,
  "fci": 0.553787616741612,
  "qds": 0.5533894923331669,
  "der": 58.712055120275565,
  "num_parameters": 68103,
  "training_time": 196.779033,
  "final_loss": 0.09954415261745453,
  "seed": 42,
  "exp_name": "subtrajectory_balance_09_t5.0_seed42",
  "capacity": "medium",
  "hidden_dim": 128,
  "num_layers": 4
}