{
  "loss": [
    12.84471321105957,
    0.09954415261745453
  ],
  "base_loss": [
    12.84471321105957,
    0.09954415261745453
  ],
  "reg_term": [
    0.0,
    0.0
  ],
  "log_Z": [
    -0.009999998845160007,
    -0.2702473998069763
  ],
  "iteration": [
    1,
    501
  ]
}