{
  "hypervolume": 0.10698026161640893,
  "r2_indicator": -0.04525382769514218,
  "avg_pairwise_distance": 0.0,
  "spacing": 0.0,
  "spread": 1.0,
  "tds": 0.3702895622895623,
  "mpd": 4.543294782270004,
  "mce": 0.0,
  "num_modes": 1,
  "pmd": 0.0,
  "pfs": 0.0,
  "pas": 0.0,
  "rbd": 0.37028956228956456,
  "fci": 0.43691532258064525,
  "qds": 0.04420671967620203,
  "der": 0.0,
  "num_parameters": 68103,
  "training_time": 2510.350164,
  "final_loss": 0.0025575868785381317,
  "seed": 789,
  "exp_name": "top_p_seed789",
  "hidden_dim": 128,
  "num_layers": 4,
  "conditioning": "concat"
}