{
  "loss": [
    13.013526916503906,
    0.013608961366117,
    0.03896093741059303,
    0.004241831135004759,
    0.009626360610127449,
    0.007984288036823273,
    0.003090722719207406,
    0.0025575868785381317
  ],
  "log_Z": [
    -0.0009999999310821295,
    -0.02457301691174507,
    -0.028087889775633812,
    -0.032208073884248734,
    -0.03684902563691139,
    -0.04288904741406441,
    -0.047583967447280884,
    -0.050891440361738205
  ],
  "iteration": [
    1,
    501,
    1001,
    1501,
    2001,
    2501,
    3001,
    3501
  ]
}