{
  "hypervolume": 1.1941006575887376,
  "r2_indicator": -0.2704561490660364,
  "avg_pairwise_distance": 0.5080452414441818,
  "spacing": 0.18512263894081116,
  "spread": 1.5305643804522864,
  "tds": 0.3970499090725399,
  "mpd": 2.1008729919149682,
  "mce": 0.4865876074415635,
  "num_modes": 51,
  "pmd": 0.0,
  "pfs": 0.002121029762341072,
  "pas": 0.5080452414441818,
  "rbd": 0.3970168350168377,
  "fci": 0.40299479166666674,
  "qds": 0.6464337079588711,
  "der": 14.387877198484308,
  "num_parameters": 68103,
  "training_time": 1866.559863,
  "final_loss": 0.007720098830759525,
  "seed": 456,
  "exp_name": "diverse_sampling_seed456",
  "hidden_dim": 128,
  "num_layers": 4,
  "conditioning": "concat"
}