{
  "loss": [
    13.625380516052246,
    0.01745304837822914,
    0.02291148714721203,
    0.0114520862698555,
    0.0050368583761155605,
    0.0034870230592787266,
    0.003087494056671858,
    0.007720098830759525
  ],
  "log_Z": [
    -0.0009999998146668077,
    -0.025093987584114075,
    -0.02997327223420143,
    -0.03667250648140907,
    -0.04288085177540779,
    -0.05091354623436928,
    -0.05552654340863228,
    -0.060596220195293427
  ],
  "iteration": [
    1,
    501,
    1001,
    1501,
    2001,
    2501,
    3001,
    3501
  ]
}