{
  "hypervolume": 0.08461683988571167,
  "r2_indicator": -0.26966219859417867,
  "avg_pairwise_distance": 0.4545570071562702,
  "spacing": 0.18425601720809937,
  "spread": 1.568839529821345,
  "tds": 0.5227324684231582,
  "mpd": 0.9812861914845312,
  "mce": 0.37722153860932667,
  "num_modes": 57,
  "pmd": 0.0,
  "pfs": 0.00043315395216304614,
  "pas": 0.4545570071562702,
  "rbd": 0.5244359899359997,
  "fci": 0.4265965732087227,
  "qds": 0.6292419383321998,
  "der": 23.080971027124374,
  "num_parameters": 68103,
  "training_time": 1041.047483,
  "final_loss": 0.0004968176363036036,
  "seed": 264,
  "exp_name": "subtrajectory_balance_05_seed264",
  "capacity": "medium",
  "hidden_dim": 128,
  "num_layers": 4
}