{
  "loss": [
    8.751693725585938,
    0.003207207890227437,
    0.008404646068811417,
    0.01467140018939972,
    0.0007543371757492423,
    0.002771984552964568,
    0.002690404187887907,
    0.0004968176363036036
  ],
  "base_loss": [
    9.750816345214844,
    0.0048333085142076015,
    0.005820644088089466,
    0.004178347531706095,
    0.0006977921584621072,
    0.004086663946509361,
    0.0027229757979512215,
    0.00041366746881976724
  ],
  "reg_term": [
    -0.9991226196289062,
    -0.0016261006239801645,
    0.0025840019807219505,
    0.010493052657693624,
    5.6545017287135124e-05,
    -0.0013146793935447931,
    -3.257161006331444e-05,
    8.315016748383641e-05
  ],
  "log_Z": [
    -0.0009999998146668077,
    -0.02493930794298649,
    -0.021343544125556946,
    -0.01980603113770485,
    -0.01814255490899086,
    -0.017763430252671242,
    -0.016982950270175934,
    -0.016584979370236397
  ],
  "iteration": [
    1,
    501,
    1001,
    1501,
    2001,
    2501,
    3001,
    3501
  ]
}