{
  "hypervolume": 1.2099997955746564,
  "r2_indicator": -0.2722221992267175,
  "avg_pairwise_distance": 0.001598879887312707,
  "spacing": 0.028272952884435654,
  "spread": 1.4998987711776874,
  "tds": 0.08423601090267757,
  "mpd": 1.791759469228055,
  "mce": 0.006504398778869616,
  "num_modes": 2,
  "pmd": 0.0,
  "pfs": 0.0,
  "pas": 0.001598879887312707,
  "rbd": 0.084236010902677,
  "fci": 0.6313017695783132,
  "qds": 0.5005138149860909,
  "der": 4.012072354920339,
  "num_parameters": 519,
  "training_time": 2764.281236,
  "final_loss": 0.1042301207780838,
  "seed": 264,
  "exp_name": "small_high_seed264",
  "condition_name": "small_high"
}