{
  "loss": [
    232.8688201904297,
    11.221363067626953,
    0.37541720271110535,
    0.06335514783859253,
    0.29883596301078796,
    0.1557927429676056,
    0.08894731849431992,
    0.1042301207780838
  ],
  "base_loss": [
    232.23614501953125,
    13.299337387084961,
    0.9897308349609375,
    0.1519945114850998,
    0.15305544435977936,
    0.14833882451057434,
    0.17976641654968262,
    0.5892300009727478
  ],
  "reg_term": [
    0.6326751708984375,
    -2.077974319458008,
    -0.6143136322498322,
    -0.08863936364650726,
    0.1457805186510086,
    0.00745391845703125,
    -0.0908190980553627,
    -0.484999880194664
  ],
  "log_Z": [
    -0.0009999998146668077,
    -0.12869702279567719,
    -0.15467871725559235,
    -0.1596265435218811,
    -0.1637597531080246,
    -0.16647756099700928,
    -0.16862168908119202,
    -0.17092889547348022
  ],
  "iteration": [
    1,
    501,
    1001,
    1501,
    2001,
    2501,
    3001,
    3501
  ]
}