{
  "hypervolume": 1.1905048795269666,
  "r2_indicator": -0.27001642221197336,
  "avg_pairwise_distance": 0.09161308669159898,
  "spacing": 0.07835105806589127,
  "spread": 1.7777296874383095,
  "tds": 0.40157331824672,
  "mpd": 1.9545437251993658,
  "mce": 0.10613328665299435,
  "num_modes": 2,
  "pmd": 0.0,
  "pfs": 0.021736376075799497,
  "pas": 0.09161308669159898,
  "rbd": 0.4015622895622957,
  "fci": 0.44310515873015865,
  "qds": 0.5125873440817452,
  "der": 2.058626118587455,
  "num_parameters": 68103,
  "training_time": 2352.427755,
  "final_loss": 0.0012840889394283295,
  "seed": 789,
  "exp_name": "top_k_seed789",
  "hidden_dim": 128,
  "num_layers": 4,
  "conditioning": "concat",
  "pfs_metadata": {
    "recalculated": true,
    "recalculation_date": "2025-12-01T16:25:07.808075",
    "old_value": 1.1063004713673218e-13,
    "method": "extended_pfs_with_manifold_projection"
  }
}