{
  "loss": [
    13.013526916503906,
    0.014552595093846321,
    0.05573907494544983,
    0.008373216725885868,
    0.006536231376230717,
    0.000912265561055392,
    0.003802273888140917,
    0.0012840889394283295
  ],
  "log_Z": [
    -0.0009999999310821295,
    -0.023392969742417336,
    -0.026581168174743652,
    -0.031336620450019836,
    -0.03686392679810524,
    -0.04122147336602211,
    -0.04484138637781143,
    -0.04876819998025894
  ],
  "iteration": [
    1,
    501,
    1001,
    1501,
    2001,
    2501,
    3001,
    3501
  ]
}