{
  "hypervolume": 1.1692031143482569,
  "r2_indicator": -0.26910464155899755,
  "avg_pairwise_distance": 0.0987469485796709,
  "spacing": 0.08717574179172516,
  "spread": 1.7416303642483633,
  "tds": 0.3888896376059622,
  "mpd": 1.3312540799747945,
  "mce": 0.2306467656207442,
  "num_modes": 2,
  "pmd": 0.0,
  "pfs": 3.0912602485250497e-14,
  "pas": 0.09973689214663306,
  "rbd": 0.3888915343915388,
  "fci": 0.43599447975911665,
  "qds": 0.5148802541349743,
  "der": 16.89417953624546,
  "num_parameters": 9863,
  "training_time": 2133.4381,
  "final_loss": 0.022711850702762604,
  "seed": 789,
  "exp_name": "medium_film_seed789",
  "capacity": "medium",
  "hidden_dim": 64,
  "num_layers": 3,
  "conditioning": "film",
  "alpha": 1.5,
  "preference_sampling": "dirichlet",
  "loss": "trajectory_balance"
}