{
  "hypervolume": 1.1863148411785593,
  "r2_indicator": -0.2695709698498249,
  "avg_pairwise_distance": 0.1299460636179135,
  "spacing": 0.10737678408622742,
  "spread": 1.735315859653307,
  "tds": 0.398890882841067,
  "mpd": 1.0692671921293015,
  "mce": 0.1358078907169896,
  "num_modes": 3,
  "pmd": 0.0,
  "pfs": 2.799191187586087e-13,
  "pas": 0.13164944217200694,
  "rbd": 0.399287181953852,
  "fci": 0.44005201560468143,
  "qds": 0.5249080295034109,
  "der": 6.2339743266812535,
  "num_parameters": 9863,
  "training_time": 7608.369334,
  "final_loss": 0.0060852388851344585,
  "seed": 789,
  "exp_name": "medium_film_seed789",
  "capacity": "medium",
  "hidden_dim": 64,
  "num_layers": 3,
  "conditioning": "film",
  "alpha": 1.5,
  "preference_sampling": "dirichlet",
  "loss": "trajectory_balance"
}