{
  "loss": [
    16.987804412841797,
    0.026743784546852112,
    0.008819221518933773,
    0.01079899538308382,
    0.007491429802030325,
    0.0077576544135808945,
    0.004249828867614269,
    0.022711850702762604,
    0.01674305461347103,
    0.0034254114143550396,
    0.0012638028711080551,
    0.004570160061120987,
    0.006237092427909374,
    0.0035844454541802406,
    0.00518622063100338,
    0.002226298674941063,
    0.0028807781636714935,
    0.0034953791182488203,
    0.006176898255944252,
    0.0060852388851344585
  ],
  "log_Z": [
    -0.0009999999310821295,
    -0.03635367378592491,
    -0.037642184644937515,
    -0.038273390382528305,
    -0.039643216878175735,
    -0.041350167244672775,
    -0.04415289685130119,
    -0.046836599707603455,
    -0.04959791153669357,
    -0.05269560217857361,
    -0.0550246387720108,
    -0.05704689770936966,
    -0.05858950689435005,
    -0.060820747166872025,
    -0.06266725063323975,
    -0.06453841924667358,
    -0.06701453775167465,
    -0.06769813597202301,
    -0.07039272785186768,
    -0.07194116711616516
  ],
  "iteration": [
    1,
    501,
    1001,
    1501,
    2001,
    2501,
    3001,
    3501,
    4001,
    4501,
    5001,
    5501,
    6001,
    6501,
    7001,
    7501,
    8001,
    8501,
    9001,
    9501
  ]
}