{
  "loss": [
    16.987804412841797,
    0.026743784546852112,
    0.008819221518933773,
    0.01079899538308382,
    0.007491429802030325,
    0.0077576544135808945,
    0.004249828867614269,
    0.022711850702762604
  ],
  "log_Z": [
    -0.0009999999310821295,
    -0.03635367378592491,
    -0.037642184644937515,
    -0.038273390382528305,
    -0.039643216878175735,
    -0.041350167244672775,
    -0.04415289685130119,
    -0.046836599707603455
  ],
  "iteration": [
    1,
    501,
    1001,
    1501,
    2001,
    2501,
    3001,
    3501
  ]
}