{
  "hypervolume": 0.1099999814460865,
  "r2_indicator": -0.04536363568894863,
  "avg_pairwise_distance": 0.0,
  "spacing": 0.0,
  "spread": 1.0,
  "tds": 0.3479172679172679,
  "mpd": 4.61512051684126,
  "mce": 0.0,
  "num_modes": 1,
  "pmd": 0.0,
  "pfs": 0.0,
  "pas": 0.0,
  "rbd": 0.347917267917246,
  "fci": 0.4649332611832613,
  "qds": 0.04545453778763904,
  "der": 0.0,
  "num_parameters": 9351,
  "training_time": 6358.782557,
  "final_loss": -0.17372271418571472,
  "seed": 153,
  "exp_name": "medium_low_seed153",
  "condition_name": "medium_low"
}