{
  "loss": [
    215.9853515625,
    0.09893450140953064,
    -0.08222052454948425,
    -0.09223777055740356,
    -0.11958672106266022,
    -0.14033575356006622,
    -0.17548716068267822,
    -0.17372271418571472
  ],
  "base_loss": [
    222.2803192138672,
    0.32942286133766174,
    0.06991130858659744,
    0.10025252401828766,
    0.12298570573329926,
    0.022555332630872726,
    0.020571380853652954,
    0.008096844889223576
  ],
  "reg_term": [
    -6.2949676513671875,
    -0.2304883599281311,
    -0.1521318331360817,
    -0.19249029457569122,
    -0.24257242679595947,
    -0.16289108619093895,
    -0.19605854153633118,
    -0.1818195590749383
  ],
  "log_Z": [
    -0.0009999999310821295,
    -0.051372285932302475,
    -0.05652086064219475,
    -0.06082412973046303,
    -0.0640135258436203,
    -0.06539046764373779,
    -0.0656459778547287,
    -0.06500697880983353
  ],
  "iteration": [
    1,
    501,
    1001,
    1501,
    2001,
    2501,
    3001,
    3501
  ]
}