{
  "hypervolume": 0.09724592696875334,
  "r2_indicator": -0.27006888622816916,
  "avg_pairwise_distance": 0.48329680879089676,
  "spacing": 0.1750865876674652,
  "spread": 1.4516670286365922,
  "tds": 0.526395566034847,
  "mpd": 0.9943905586063305,
  "mce": 0.5383380179952786,
  "num_modes": 61,
  "pmd": 0.0,
  "pfs": 0.025940850170236417,
  "pas": 0.48329680879089676,
  "rbd": 0.5287526536314517,
  "fci": 0.4214106349512956,
  "qds": 0.6384792604348364,
  "der": 14.832792792618516,
  "num_parameters": 68103,
  "training_time": 1722.373183,
  "final_loss": 0.00021655415184795856,
  "seed": 42,
  "exp_name": "subtrajectory_balance_09_seed42",
  "capacity": "medium",
  "hidden_dim": 128,
  "num_layers": 4
}