{
  "loss": [
    12.00783920288086,
    0.004382184240967035,
    0.013115473091602325,
    0.0012368516763672233,
    0.001528938882984221,
    0.0010353012476116419,
    0.0015586939407512546,
    0.00021655415184795856
  ],
  "base_loss": [
    11.75260066986084,
    0.005261704325675964,
    0.008027816191315651,
    0.0011216475395485759,
    0.0015071764355525374,
    0.0008083836291916668,
    0.001158825820311904,
    0.00025264424039050937
  ],
  "reg_term": [
    0.25523853302001953,
    -0.0008795200847089291,
    0.0050876569002866745,
    0.00011520413681864738,
    2.176244743168354e-05,
    0.00022691761841997504,
    0.0003998681204393506,
    -3.60900885425508e-05
  ],
  "log_Z": [
    -0.0009999999310821295,
    -0.02498854696750641,
    -0.02172292023897171,
    -0.0195629745721817,
    -0.0187306459993124,
    -0.018186571076512337,
    -0.017502089962363243,
    -0.017288371920585632
  ],
  "iteration": [
    1,
    501,
    1001,
    1501,
    2001,
    2501,
    3001,
    3501
  ]
}