{
  "hypervolume": 1.4641000000000006,
  "r2_indicator": -0.0646003730159356,
  "avg_pairwise_distance": 0.267389149301374,
  "spacing": 0.0005917040980421007,
  "spread": 0.41052487831390844,
  "tds": 0.6486363636363637,
  "mpd": 0.6931471805599453,
  "mce": 0.5516309055251735,
  "num_modes": 92,
  "pmd": 0.0,
  "pfs": 0.0,
  "pas": 0.267389149301374,
  "rbd": 0.6486363636363637,
  "fci": 0.37698819698819697,
  "qds": 0.5607702612048577,
  "der": 96.40468079197196,
  "num_parameters": 2443,
  "training_time": 4087.188732,
  "final_loss": 5.4007439613342285,
  "seed": 486,
  "exp_name": "small_veryhigh_seed486",
  "condition_name": "small_veryhigh"
}