{
  "loss": [
    113.17855834960938,
    13.725232124328613,
    10.32056713104248,
    9.489347457885742,
    7.926499843597412,
    5.544775485992432,
    4.486145496368408,
    4.4723334312438965,
    10.405515670776367,
    6.098857402801514,
    5.18722677230835,
    3.677452564239502,
    4.944448471069336,
    5.329385280609131,
    6.054966926574707,
    5.4007439613342285
  ],
  "base_loss": [
    99.77183532714844,
    14.181791305541992,
    10.333860397338867,
    10.726849555969238,
    7.723245620727539,
    7.072256565093994,
    5.051666736602783,
    3.0886077880859375,
    10.904969215393066,
    8.873740196228027,
    5.172323226928711,
    5.270324230194092,
    5.696881294250488,
    6.907697677612305,
    6.406724452972412,
    5.336272716522217
  ],
  "reg_term": [
    13.406723022460938,
    -0.4565591812133789,
    -0.013293266296386719,
    -1.237502098083496,
    0.20325422286987305,
    -1.5274810791015625,
    -0.565521240234375,
    1.383725643157959,
    -0.4994535446166992,
    -2.7748827934265137,
    0.014903545379638672,
    -1.5928716659545898,
    -0.7524328231811523,
    -1.5783123970031738,
    -0.3517575263977051,
    0.06447124481201172
  ],
  "log_Z": [
    -0.0009999999310821295,
    -0.031789932399988174,
    -0.0028559332713484764,
    0.02667384408414364,
    0.02996659465134144,
    0.036845702677965164,
    0.04644313454627991,
    0.046558983623981476,
    0.047910261899232864,
    0.04659929871559143,
    0.046592339873313904,
    0.04040852561593056,
    0.04459867626428604,
    0.044603556394577026,
    0.040920332074165344,
    0.040474195033311844
  ],
  "iteration": [
    1,
    501,
    1001,
    1501,
    2001,
    2501,
    3001,
    3501,
    4001,
    4501,
    5001,
    5501,
    6001,
    6501,
    7001,
    7501
  ]
}