{
  "hypervolume": 1.1941044513107946,
  "r2_indicator": -0.2704561490660364,
  "avg_pairwise_distance": 0.4935907543383217,
  "spacing": 0.17878158390522003,
  "spread": 1.5113552130910506,
  "tds": 0.5619526940696189,
  "mpd": 0.8797371502295869,
  "mce": 0.45024757929097337,
  "num_modes": 4,
  "pmd": 0.0,
  "pfs": 0.0019572606306727603,
  "pas": 0.4935907543383217,
  "rbd": 0.561459701914258,
  "fci": 0.43296370967741926,
  "qds": 0.6417878598447224,
  "der": 10.653327043682264,
  "num_parameters": 68103,
  "training_time": 2449.164828,
  "final_loss": -0.06361600756645203,
  "seed": 153,
  "exp_name": "reward_shaping_diversity_seed153",
  "capacity": "medium",
  "hidden_dim": 128,
  "num_layers": 4
}