{
  "loss": [
    10.453425407409668,
    -0.06734409928321838,
    -0.06700146198272705,
    -0.059858519583940506,
    -0.06308232247829437,
    -0.06330136209726334,
    -0.05742553249001503,
    -0.06361600756645203
  ],
  "base_loss": [
    10.851919174194336,
    0.009554987773299217,
    0.001642150222323835,
    0.003523249179124832,
    0.0006500486633740366,
    0.0007953306194394827,
    0.0008372518932446837,
    0.0028791017830371857
  ],
  "reg_term": [
    -0.39849376678466797,
    -0.0768990870565176,
    -0.06864361220505089,
    -0.06338176876306534,
    -0.06373237114166841,
    -0.06409669271670282,
    -0.058262784383259714,
    -0.06649510934948921
  ],
  "log_Z": [
    -0.0009999999310821295,
    -0.02453460730612278,
    -0.023789044469594955,
    -0.023767011240124702,
    -0.023963939398527145,
    -0.02585095912218094,
    -0.028977613896131516,
    -0.03401300683617592
  ],
  "iteration": [
    1,
    501,
    1001,
    1501,
    2001,
    2501,
    3001,
    3501
  ]
}