{
  "hypervolume": 1.1909610166891182,
  "r2_indicator": -0.2700896814515758,
  "avg_pairwise_distance": 0.28032518999742595,
  "spacing": 0.11749271303415298,
  "spread": 1.3680372113361496,
  "tds": 0.6577272402202675,
  "mpd": 0.8944880317949341,
  "mce": 0.5707264773564736,
  "num_modes": 42,
  "pmd": 0.0,
  "pfs": 0.03672414906132361,
  "pas": 0.28032518999742595,
  "rbd": 0.6033678997769916,
  "fci": 0.5421760842291703,
  "qds": 0.5732417113269845,
  "der": 13.660949193306774,
  "num_parameters": 68103,
  "training_time": 1084.719647,
  "final_loss": 0.000726121012121439,
  "seed": 789,
  "exp_name": "temp_very_high_seed789",
  "hidden_dim": 128,
  "num_layers": 4,
  "conditioning": "concat",
  "pfs_metadata": {
    "recalculated": true,
    "recalculation_date": "2025-12-01T16:22:19.435113",
    "old_value": 0.0013158147459655738,
    "method": "extended_pfs_with_manifold_projection"
  }
}