{
  "loss": [
    13.291278839111328,
    0.008165634237229824,
    0.011499209329485893,
    0.0036501551512628794,
    0.0016162451356649399,
    0.0009951996617019176,
    0.0006442938465625048,
    0.000726121012121439
  ],
  "log_Z": [
    -0.0009999999310821295,
    -0.025120891630649567,
    -0.02834855206310749,
    -0.03130922093987465,
    -0.03421808406710625,
    -0.03661194443702698,
    -0.03933495283126831,
    -0.04140111804008484
  ],
  "iteration": [
    1,
    501,
    1001,
    1501,
    2001,
    2501,
    3001,
    3501
  ]
}