{
  "hypervolume": 1.1778839942993944,
  "r2_indicator": -0.26859282999952333,
  "avg_pairwise_distance": 0.1194909318315539,
  "spacing": 0.11940552294254303,
  "spread": 1.7842762725459236,
  "tds": 0.4019993533089028,
  "mpd": 1.6448128030025253,
  "mce": 0.24237254329038455,
  "num_modes": 2,
  "pmd": 0.0,
  "pfs": 7.831961934945404e-13,
  "pas": 0.11694457488278114,
  "rbd": 0.40203030303030746,
  "fci": 0.42943134338927846,
  "qds": 0.5215476228741682,
  "der": 0.26349689643642243,
  "num_parameters": 267271,
  "training_time": 6108.155797,
  "final_loss": 0.003521342296153307,
  "seed": 123,
  "exp_name": "xlarge_concat_seed123",
  "capacity": "xlarge",
  "hidden_dim": 256,
  "num_layers": 4,
  "conditioning": "concat",
  "alpha": 1.5,
  "preference_sampling": "dirichlet",
  "loss": "trajectory_balance"
}