{
  "loss": [
    12.825666427612305,
    0.022435827180743217,
    0.022427227348089218,
    0.05790477991104126,
    0.03934092819690704,
    0.008938821963965893,
    0.057530321180820465,
    0.003521342296153307
  ],
  "log_Z": [
    -0.0009999999310821295,
    -0.022020898759365082,
    -0.03069688007235527,
    -0.03932984545826912,
    -0.049665194004774094,
    -0.05711511895060539,
    -0.06505440920591354,
    -0.07803253084421158
  ],
  "iteration": [
    1,
    501,
    1001,
    1501,
    2001,
    2501,
    3001,
    3501
  ]
}