{
  "hypervolume": 1.2099998912219574,
  "r2_indicator": -0.27222221007934705,
  "avg_pairwise_distance": 0.002594663121328014,
  "spacing": 0.03560115396976471,
  "spread": 1.499778766935435,
  "tds": 0.16899791566458233,
  "mpd": 2.0302215052732095,
  "mce": 0.009369674900220922,
  "num_modes": 2,
  "pmd": 0.0,
  "pfs": 2.7994396963117973e-07,
  "pas": 0.002594663121328014,
  "rbd": 0.16899791566457334,
  "fci": 0.6181366624005169,
  "qds": 0.5008338718394383,
  "der": 0.2618256806270158,
  "num_parameters": 9351,
  "training_time": 3815.163739,
  "final_loss": 0.5456297397613525,
  "seed": 264,
  "exp_name": "medium_high_seed264",
  "condition_name": "medium_high"
}