{
  "loss": [
    223.73216247558594,
    5.393197059631348,
    0.13219480216503143,
    1.2052170038223267,
    0.11877912282943726,
    0.6420319080352783,
    0.2891455888748169,
    0.5456297397613525
  ],
  "base_loss": [
    230.62045288085938,
    4.807408332824707,
    0.14280441403388977,
    0.45234113931655884,
    0.25024205446243286,
    0.3831513524055481,
    0.27171388268470764,
    0.8939883708953857
  ],
  "reg_term": [
    -6.8882904052734375,
    0.5857887268066406,
    -0.010609611868858337,
    0.7528758645057678,
    -0.1314629316329956,
    0.2588805556297302,
    0.017431706190109253,
    -0.3483586311340332
  ],
  "log_Z": [
    -0.0009999999310821295,
    -0.04623652622103691,
    -0.047583870589733124,
    -0.04835270345211029,
    -0.05022776871919632,
    -0.05216827988624573,
    -0.05363595485687256,
    -0.05914120376110077
  ],
  "iteration": [
    1,
    501,
    1001,
    1501,
    2001,
    2501,
    3001,
    3501
  ]
}