{
  "hypervolume": 1.1826272607046762,
  "r2_indicator": -0.2691423180090131,
  "avg_pairwise_distance": 0.09014543243796963,
  "spacing": 0.07848962396383286,
  "spread": 1.7752907598666046,
  "tds": 0.44321041097372904,
  "mpd": 1.108443804813653,
  "mce": 0.1955602106940502,
  "num_modes": 2,
  "pmd": 0.0,
  "pfs": 2.8735389340046997e-14,
  "pas": 0.09014543243796963,
  "rbd": 0.4437333654000411,
  "fci": 0.44751122754491024,
  "qds": 0.5121156221384822,
  "der": 2.0504786869822667,
  "num_parameters": 68103,
  "training_time": 2323.939,
  "final_loss": 0.013570256531238556,
  "seed": 123,
  "exp_name": "pref_dirichlet_high_seed123",
  "hidden_dim": 128,
  "num_layers": 4,
  "conditioning": "concat"
}