{
  "loss": [
    12.589996337890625,
    0.18954290449619293,
    0.010540069080889225,
    0.0013632971094921231,
    0.003749588504433632,
    0.009010589681565762,
    0.0013745168689638376,
    0.013570256531238556
  ],
  "log_Z": [
    -0.0009999999310821295,
    -0.023158879950642586,
    -0.027883095666766167,
    -0.03216855973005295,
    -0.039371415972709656,
    -0.047219712287187576,
    -0.052360910922288895,
    -0.05751932039856911
  ],
  "iteration": [
    1,
    501,
    1001,
    1501,
    2001,
    2501,
    3001,
    3501
  ]
}