{
  "hypervolume": 1.4641000000000006,
  "r2_indicator": -0.06914373351163743,
  "avg_pairwise_distance": 0.25024746172704104,
  "spacing": 1.2981981711845947e-08,
  "spread": 0.41248316577683575,
  "tds": 0.6678787878787878,
  "mpd": 0.6931471805599453,
  "mce": 0.5199597141271471,
  "num_modes": 89,
  "pmd": 0.0,
  "pfs": 0.0,
  "pas": 0.25024746172704104,
  "rbd": 0.6678787878787878,
  "fci": 0.3664153201675644,
  "qds": 0.5568744231197821,
  "der": 1.6943547123275426,
  "num_parameters": 70923,
  "training_time": 7496.88328,
  "final_loss": 0.18287742137908936,
  "seed": 153,
  "exp_name": "medium_high_seed153",
  "condition_name": "medium_high"
}