{
  "loss": [
    49.95267105102539,
    3.389615535736084,
    2.3796491622924805,
    4.29135274887085,
    4.167107582092285,
    1.012357473373413,
    0.2745724618434906,
    4.66676664352417,
    1.238404393196106,
    0.47541454434394836,
    1.8179798126220703,
    0.372161865234375,
    0.44560492038726807,
    1.7142980098724365,
    0.2528982162475586,
    0.18287742137908936
  ],
  "base_loss": [
    37.256553649902344,
    7.311641216278076,
    2.3872170448303223,
    5.655165195465088,
    7.013449668884277,
    2.8319551944732666,
    0.6705613136291504,
    5.248050689697266,
    1.1050407886505127,
    0.4749634861946106,
    0.8608616590499878,
    0.49840062856674194,
    0.418483704328537,
    0.5154312252998352,
    0.3877311944961548,
    0.45418477058410645
  ],
  "reg_term": [
    12.696117401123047,
    -3.922025680541992,
    -0.007567882537841797,
    -1.3638124465942383,
    -2.846342086791992,
    -1.8195977210998535,
    -0.3959888517856598,
    -0.5812840461730957,
    0.13336360454559326,
    0.00045105814933776855,
    0.9571181535720825,
    -0.12623876333236694,
    0.02712121605873108,
    1.1988667845726013,
    -0.1348329782485962,
    -0.2713073492050171
  ],
  "log_Z": [
    -0.0010000000474974513,
    -0.016079749912023544,
    -0.02150135673582554,
    -0.02710018679499626,
    -0.02986711822450161,
    -0.03872893378138542,
    -0.042756468057632446,
    -0.03651447966694832,
    -0.048351265490055084,
    -0.047405026853084564,
    -0.03803497180342674,
    -0.030398566275835037,
    -0.031751200556755066,
    -0.028874928131699562,
    -0.024742890149354935,
    -0.023796353489160538
  ],
  "iteration": [
    1,
    501,
    1001,
    1501,
    2001,
    2501,
    3001,
    3501,
    4001,
    4501,
    5001,
    5501,
    6001,
    6501,
    7001,
    7501
  ]
}