{
  "hypervolume": 0.8824940485150539,
  "r2_indicator": -0.23057740442477395,
  "avg_pairwise_distance": 0.36685603807352546,
  "spacing": 0.10203634947538376,
  "spread": 1.25935639872699,
  "tds": 0.9009292119307561,
  "mpd": 0.6931471805599454,
  "mce": 0.15897077387962047,
  "num_modes": 28,
  "pmd": 0.0,
  "pfs": 0.02383259549035444,
  "pas": 0.36685603807352546,
  "rbd": 0.8833835978835995,
  "fci": 0.31934606481481476,
  "qds": 0.16336654192773645,
  "der": 117.95374962491279,
  "num_parameters": 3617,
  "training_time": 3095.550635,
  "final_loss": -0.06961586326360703,
  "seed": 375,
  "exp_name": "small_subtb_entropy_seed375",
  "condition_name": "small_subtb_entropy",
  "capacity_level": "small",
  "loss_level": "subtb_entropy",
  "pfs_metadata": {
    "recalculated": true,
    "recalculation_date": "2025-12-01T23:53:08.534700",
    "old_value": 4.133023866128456e-06,
    "method": "extended_pfs_with_manifold_projection"
  }
}