{
  "loss": [
    30.2696533203125,
    0.14254699647426605,
    0.07973581552505493,
    -0.050295308232307434,
    0.036390677094459534,
    -0.06974933296442032,
    -0.05974491685628891,
    -0.10755369067192078,
    -0.05634021759033203,
    -0.1238953173160553,
    -0.07866130769252777,
    -0.07415127009153366,
    -0.10662104934453964,
    -0.11348286271095276,
    -0.10788612067699432,
    -0.06961586326360703
  ],
  "base_loss": [
    21.799800872802734,
    0.2828165888786316,
    0.3044629693031311,
    0.10151384025812149,
    0.16017119586467743,
    0.0964081808924675,
    0.09831847995519638,
    0.054012179374694824,
    0.1398409903049469,
    0.0793953686952591,
    0.11727865040302277,
    0.11871369928121567,
    0.055886410176754,
    0.05150953307747841,
    0.05440865829586983,
    0.08016328513622284
  ],
  "reg_term": [
    8.469852447509766,
    -0.14026959240436554,
    -0.22472715377807617,
    -0.15180914849042892,
    -0.1237805187702179,
    -0.16615751385688782,
    -0.1580633968114853,
    -0.1615658700466156,
    -0.19618120789527893,
    -0.2032906860113144,
    -0.19593995809555054,
    -0.19286496937274933,
    -0.16250745952129364,
    -0.16499239578843117,
    -0.16229477897286415,
    -0.14977914839982986
  ],
  "log_Z": [
    -0.0009999999310821295,
    -0.16412094235420227,
    -0.15244776010513306,
    -0.06973234564065933,
    -0.045705340802669525,
    -0.040078092366456985,
    -0.033026400953531265,
    -0.03286923095583916,
    -0.030590206384658813,
    -0.04033980891108513,
    -0.04526751488447189,
    -0.044933293014764786,
    -0.05616497993469238,
    -0.05539765954017639,
    -0.05815988779067993,
    -0.05723854899406433
  ],
  "iteration": [
    1,
    501,
    1001,
    1501,
    2001,
    2501,
    3001,
    3501,
    4001,
    4501,
    5001,
    5501,
    6001,
    6501,
    7001,
    7501
  ]
}