{
  "hypervolume": 1.1778839942993944,
  "r2_indicator": -0.26859282999952333,
  "avg_pairwise_distance": 0.09533562567237046,
  "spacing": 0.0809934064745903,
  "spread": 1.7829361933818022,
  "tds": 0.39887367967234316,
  "mpd": 1.4566896457513263,
  "mce": 0.09301871245211854,
  "num_modes": 2,
  "pmd": 0.0,
  "pfs": 0.06705134556950286,
  "pas": 0.0970034029518317,
  "rbd": 0.39895001295001736,
  "fci": 0.4366441082802548,
  "qds": 0.5137838134256246,
  "der": 15.028532156191611,
  "num_parameters": 9351,
  "training_time": 2442.210533,
  "final_loss": 0.002802811097353697,
  "seed": 42,
  "exp_name": "medium_concat_seed42",
  "capacity": "medium",
  "hidden_dim": 64,
  "num_layers": 3,
  "conditioning": "concat",
  "alpha": 1.5,
  "preference_sampling": "dirichlet",
  "loss": "trajectory_balance",
  "pfs_metadata": {
    "recalculated": true,
    "recalculation_date": "2025-12-01T16:11:22.476659",
    "old_value": 5.627908223254749e-13,
    "method": "extended_pfs_with_manifold_projection"
  }
}