{
  "hypervolume": 1.1692031143482569,
  "r2_indicator": -0.26859282999952333,
  "avg_pairwise_distance": 0.09533562567237046,
  "spacing": 0.0809934064745903,
  "spread": 1.7829361933818022,
  "tds": 0.39887367967234316,
  "mpd": 1.4566896457513263,
  "mce": 0.2043625372781422,
  "num_modes": 2,
  "pmd": 0.0,
  "pfs": 5.627908223254749e-13,
  "pas": 0.0970034029518317,
  "rbd": 0.39895001295001736,
  "fci": 0.4366441082802548,
  "qds": 0.5137838134256246,
  "der": 21.82460377299959,
  "num_parameters": 9351,
  "training_time": 1681.718482,
  "final_loss": 0.002802811097353697,
  "seed": 42,
  "exp_name": "medium_concat_seed42",
  "capacity": "medium",
  "hidden_dim": 64,
  "num_layers": 3,
  "conditioning": "concat",
  "alpha": 1.5,
  "preference_sampling": "dirichlet",
  "loss": "trajectory_balance"
}