{
  "loss": [
    13.335477828979492,
    0.05345578491687775,
    0.014555553905665874,
    0.027568269520998,
    0.022469215095043182,
    0.022109074518084526,
    0.013174035586416721,
    0.002802811097353697
  ],
  "log_Z": [
    -0.0010000000474974513,
    -0.04301086440682411,
    -0.043483536690473557,
    -0.04430085048079491,
    -0.04543876647949219,
    -0.04749114811420441,
    -0.04980963468551636,
    -0.05299440398812294
  ],
  "iteration": [
    1,
    501,
    1001,
    1501,
    2001,
    2501,
    3001,
    3501
  ]
}