{
  "hypervolume": 1.1724697371262982,
  "r2_indicator": -0.26797264705444074,
  "avg_pairwise_distance": 0.10231142573107765,
  "spacing": 0.08357062935829163,
  "spread": 1.7929251743007444,
  "tds": 0.42791582868789396,
  "mpd": 1.3294325682194295,
  "mce": 0.21295736990736944,
  "num_modes": 2,
  "pmd": 0.0,
  "pfs": 2.4444925581550567e-13,
  "pas": 0.10231142573107765,
  "rbd": 0.428228956228965,
  "fci": 0.4532477094240839,
  "qds": 0.5160259204827671,
  "der": 2.3009095963667057,
  "num_parameters": 68103,
  "training_time": 2350.503156,
  "final_loss": 0.0012617993634194136,
  "seed": 456,
  "exp_name": "top_k_seed456",
  "hidden_dim": 128,
  "num_layers": 4,
  "conditioning": "concat"
}