{
  "loss": [
    12.943181991577148,
    0.019707784056663513,
    0.043224915862083435,
    0.017600074410438538,
    0.004834707360714674,
    0.008593522012233734,
    0.0004157194634899497,
    0.0012617993634194136
  ],
  "log_Z": [
    -0.0009999999310821295,
    -0.024100488051772118,
    -0.030914636328816414,
    -0.03689892217516899,
    -0.04150182753801346,
    -0.046696510165929794,
    -0.050925642251968384,
    -0.055667031556367874
  ],
  "iteration": [
    1,
    501,
    1001,
    1501,
    2001,
    2501,
    3001,
    3501
  ]
}