hypervolume,r2_indicator,avg_pairwise_distance,spacing,spread,tds,mpd,mce,num_modes,pmd,pfs,pas,rbd,fci,qds,der,num_parameters,training_time,final_loss,seed,exp_name,condition_name,capacity_level,temperature_level
0.02926268970763714,-0.10436368923253063,0.5944715809419268,0.09979433566331863,1.0813805203831226,0.9089761100945803,0.6931471805599453,0.6697722088805123,2,0.0,0.04715636182098585,0.5944715809419268,0.9039699374699379,0.27876701462013087,0.6560083305829107,100.53948989855033,3745,5683.8826,-0.08932389318943024,42,small_low_seed42,small_low,small,low
0.03165930351363699,-0.09361259688431245,0.5962816415544993,0.09871849417686462,1.0852158992746164,0.8991873317829052,0.6931471805599454,0.6600650109770403,2,0.0,0.0647174138403222,0.5962816415544993,0.8909586339586342,0.2939513131070872,0.6564833483019645,92.81626351113938,3745,6175.584038,-0.11642472445964813,153,small_low_seed153,small_low,small,low
0.03182987264786305,-0.10708688339650059,0.59624185538809,0.09904798120260239,1.0578999654437082,0.9012759376208275,0.6931471805599453,0.6613072917178308,2,0.0,0.03847147834796936,0.59624185538809,0.8969446849446847,0.2803582786592431,0.6564729071411071,58.46713618999969,3745,9803.052228,-0.08020548522472382,264,small_low_seed264,small_low,small,low
0.03079767851057478,-0.11032043405001651,0.5964273078638619,0.09260004013776779,1.0697024001542448,0.8982085122170986,0.6931471805599454,0.6629372560674336,2,0.0,0.054175853186929836,0.5964273078638619,0.886319865319866,0.2980809248554912,0.656521575794202,108.39490840061514,3745,5289.313587,-0.07384666055440903,375,small_low_seed375,small_low,small,low
