{
  "hypervolume": 1.1910353079549256,
  "r2_indicator": -0.27010749323730066,
  "avg_pairwise_distance": 0.481576005435381,
  "spacing": 0.18558090925216675,
  "spread": 1.594504671437742,
  "tds": 0.49544400033541103,
  "mpd": 1.0548861263325289,
  "mce": 0.40955423340691594,
  "num_modes": 39,
  "pmd": 0.0,
  "pfs": 0.0010119200322605893,
  "pas": 0.481576005435381,
  "rbd": 0.49826560420500654,
  "fci": 0.4160140098263365,
  "qds": 0.6379261732885756,
  "der": 13.011233762832088,
  "num_parameters": 68103,
  "training_time": 1956.512459,
  "final_loss": 0.0011224783957004547,
  "seed": 375,
  "exp_name": "kl_uniform_01_seed375",
  "capacity": "medium",
  "hidden_dim": 128,
  "num_layers": 4
}