{
  "loss": [
    11.824423789978027,
    0.012218575924634933,
    0.001829225104302168,
    0.0015668525593355298,
    0.004891284741461277,
    0.0007908185943961143,
    0.0008517296519130468,
    0.0011224783957004547
  ],
  "base_loss": [
    11.263826370239258,
    0.011270606890320778,
    0.002872580662369728,
    0.002716866321861744,
    0.0038015341851860285,
    0.0009889340726658702,
    0.0015571704134345055,
    0.0010363205801695585
  ],
  "reg_term": [
    0.5605974197387695,
    0.0009479690343141556,
    -0.0010433555580675602,
    -0.0011500137625262141,
    0.0010897505562752485,
    -0.00019811547826975584,
    -0.0007054407615214586,
    8.615781553089619e-05
  ],
  "log_Z": [
    -0.0009999998146668077,
    -0.025834130123257637,
    -0.024154597893357277,
    -0.02331901155412197,
    -0.02188125066459179,
    -0.02093503437936306,
    -0.02072351798415184,
    -0.018513359129428864
  ],
  "iteration": [
    1,
    501,
    1001,
    1501,
    2001,
    2501,
    3001,
    3501
  ]
}