{
  "hypervolume": 1.2099998098309546,
  "r2_indicator": -0.2722222008303874,
  "avg_pairwise_distance": 0.000999599959528066,
  "spacing": 0.022355085238814354,
  "spread": 1.499899371343366,
  "tds": 0.09362514029180696,
  "mpd": 1.9459101490553132,
  "mce": 0.0,
  "num_modes": 1,
  "pmd": 0.0,
  "pfs": 0.0,
  "pas": 0.000999599959528066,
  "rbd": 0.09362514029180648,
  "fci": 0.572295185810811,
  "qds": 0.5003211991221066,
  "der": 1.5388156067810896,
  "num_parameters": 519,
  "training_time": 4505.829878,
  "final_loss": 0.02388612926006317,
  "seed": 264,
  "exp_name": "small_subtb_entropy_seed264",
  "condition_name": "small_subtb_entropy"
}