{
  "loss": [
    232.00340270996094,
    8.386573791503906,
    0.18374109268188477,
    0.12865036725997925,
    0.0837043821811676,
    -0.014408357441425323,
    0.4749545454978943,
    0.10455098748207092
  ],
  "base_loss": [
    230.4026641845703,
    6.758861064910889,
    0.3260679244995117,
    0.24630610644817352,
    0.18984968960285187,
    0.10468840599060059,
    0.16153386235237122,
    0.11840369552373886
  ],
  "reg_term": [
    1.600738525390625,
    1.6277127265930176,
    -0.14232683181762695,
    -0.11765573918819427,
    -0.10614530742168427,
    -0.11909676343202591,
    0.31342068314552307,
    -0.013852708041667938
  ],
  "log_Z": [
    -0.0009999998146668077,
    -0.12738783657550812,
    -0.14774870872497559,
    -0.1553109735250473,
    -0.16183961927890778,
    -0.16717690229415894,
    -0.17286819219589233,
    -0.17953228950500488
  ],
  "iteration": [
    1,
    501,
    1001,
    1501,
    2001,
    2501,
    3001,
    3501
  ]
}