{
  "loss": [
    234.8939666748047,
    8.441287994384766,
    0.3826608657836914,
    0.2730400562286377,
    0.09448084235191345,
    0.26535138487815857,
    0.16632866859436035,
    0.02388612926006317
  ],
  "base_loss": [
    223.95571899414062,
    12.736703872680664,
    0.6852490305900574,
    0.2711751163005829,
    0.03463523089885712,
    0.6981846690177917,
    0.3001404404640198,
    0.07276381552219391
  ],
  "reg_term": [
    10.938247680664062,
    -4.295415878295898,
    -0.30258816480636597,
    0.0018649399280548096,
    0.059845611453056335,
    -0.4328332841396332,
    -0.13381177186965942,
    -0.04887768626213074
  ],
  "log_Z": [
    -0.0009999999310821295,
    -0.13160420954227448,
    -0.15649810433387756,
    -0.1600588709115982,
    -0.16282226145267487,
    -0.164590984582901,
    -0.1650570034980774,
    -0.16592605412006378
  ],
  "iteration": [
    1,
    501,
    1001,
    1501,
    2001,
    2501,
    3001,
    3501
  ]
}