{
  "hypervolume": 0.02926268970763714,
  "r2_indicator": -0.10436368923253063,
  "avg_pairwise_distance": 0.5944715809419268,
  "spacing": 0.09979433566331863,
  "spread": 1.0813805203831226,
  "tds": 0.9089761100945803,
  "mpd": 0.6931471805599453,
  "mce": 0.6697722088805123,
  "num_modes": 2,
  "pmd": 0.0,
  "pfs": 0.04715636182098585,
  "pas": 0.5944715809419268,
  "rbd": 0.9039699374699379,
  "fci": 0.27876701462013087,
  "qds": 0.6560083305829107,
  "der": 100.53948989855033,
  "num_parameters": 3745,
  "training_time": 5683.8826,
  "final_loss": -0.08932389318943024,
  "seed": 42,
  "exp_name": "small_low_seed42",
  "condition_name": "small_low"
}