{
  "loss": [
    58.52037048339844,
    0.1970108598470688,
    -0.03883746266365051,
    0.23913386464118958,
    -0.035015568137168884,
    -0.11483686417341232,
    -0.08603285998106003,
    -0.09404478967189789,
    -0.10680346935987473,
    -0.12489902973175049,
    -0.07569041848182678,
    -0.11073105037212372,
    -0.10717277973890305,
    0.017588138580322266,
    -0.1358959823846817,
    -0.08083684742450714,
    -0.08985867351293564,
    -0.09144315123558044,
    -0.05004337430000305,
    -0.08932389318943024
  ],
  "base_loss": [
    61.561424255371094,
    0.395446240901947,
    0.20385503768920898,
    0.18816468119621277,
    0.12398256361484528,
    0.09425820410251617,
    0.08955398201942444,
    0.07180505990982056,
    0.10837031155824661,
    0.06372775137424469,
    0.0915602371096611,
    0.08081924915313721,
    0.1018458902835846,
    0.16757811605930328,
    0.06369221210479736,
    0.09721827507019043,
    0.11600831151008606,
    0.13151538372039795,
    0.11004927009344101,
    0.10663660615682602
  ],
  "reg_term": [
    -3.0410537719726562,
    -0.19843538105487823,
    -0.2426925003528595,
    0.05096918344497681,
    -0.15899813175201416,
    -0.2090950682759285,
    -0.17558684200048447,
    -0.16584984958171844,
    -0.21517378091812134,
    -0.18862678110599518,
    -0.16725065559148788,
    -0.19155029952526093,
    -0.20901867002248764,
    -0.14998997747898102,
    -0.19958819448947906,
    -0.17805512249469757,
    -0.2058669850230217,
    -0.2229585349559784,
    -0.16009264439344406,
    -0.19596049934625626
  ],
  "log_Z": [
    -0.0009999998146668077,
    -0.14636273682117462,
    -0.1333339959383011,
    -0.12392394244670868,
    -0.11820013076066971,
    -0.11144910007715225,
    -0.1097855195403099,
    -0.11406390368938446,
    -0.11120348423719406,
    -0.10977179557085037,
    -0.11387263238430023,
    -0.11265358328819275,
    -0.10974546521902084,
    -0.11466831713914871,
    -0.11189377307891846,
    -0.10893557220697403,
    -0.10618249326944351,
    -0.10907073318958282,
    -0.1015075072646141,
    -0.10540641099214554
  ],
  "iteration": [
    1,
    501,
    1001,
    1501,
    2001,
    2501,
    3001,
    3501,
    4001,
    4501,
    5001,
    5501,
    6001,
    6501,
    7001,
    7501,
    8001,
    8501,
    9001,
    9501
  ]
}