{
  "hypervolume": 1.1692031143482569,
  "r2_indicator": -0.2680909681331855,
  "avg_pairwise_distance": 0.07126331709134538,
  "spacing": 0.07102086395025253,
  "spread": 1.726376546123809,
  "tds": 0.42634581922656706,
  "mpd": 1.3294325682194295,
  "mce": 0.1569411848993432,
  "num_modes": 2,
  "pmd": 0.0,
  "pfs": 0.0,
  "pas": 0.07331444414748164,
  "rbd": 0.42661187633915587,
  "fci": 0.4202911793372319,
  "qds": 0.5060466804090529,
  "der": 16.293678168520238,
  "num_parameters": 9351,
  "training_time": 1683.80325,
  "final_loss": 0.005131379701197147,
  "seed": 789,
  "exp_name": "medium_concat_seed789",
  "capacity": "medium",
  "hidden_dim": 64,
  "num_layers": 3,
  "conditioning": "concat",
  "alpha": 1.5,
  "preference_sampling": "dirichlet",
  "loss": "trajectory_balance"
}