{
  "loss": [
    13.516256332397461,
    0.049392517656087875,
    0.014506565406918526,
    0.0356263741850853,
    0.03510531783103943,
    0.005599609576165676,
    0.006664382293820381,
    0.005131379701197147
  ],
  "log_Z": [
    -0.0010000000474974513,
    -0.04084291309118271,
    -0.040815919637680054,
    -0.04103931784629822,
    -0.04246820509433746,
    -0.04365452006459236,
    -0.044814884662628174,
    -0.04637686535716057
  ],
  "iteration": [
    1,
    501,
    1001,
    1501,
    2001,
    2501,
    3001,
    3501
  ]
}