{
  "hypervolume": 1.1909610166891182,
  "r2_indicator": -0.2700896814515758,
  "avg_pairwise_distance": 0.48458236857454967,
  "spacing": 0.1758410781621933,
  "spread": 1.4796699358605894,
  "tds": 0.5472017150535199,
  "mpd": 0.9469461753709151,
  "mce": 0.44813622842070444,
  "num_modes": 4,
  "pmd": 0.0,
  "pfs": 0.0006940203451050817,
  "pas": 0.48458236857454967,
  "rbd": 0.5490475646687848,
  "fci": 0.3888618018310852,
  "qds": 0.6388924549987645,
  "der": 10.338495401296859,
  "num_parameters": 68103,
  "training_time": 2477.687483,
  "final_loss": -0.057622119784355164,
  "seed": 264,
  "exp_name": "reward_shaping_diversity_seed264",
  "capacity": "medium",
  "hidden_dim": 128,
  "num_layers": 4
}