{
  "loss": [
    10.851629257202148,
    -0.07593585550785065,
    -0.06240858510136604,
    -0.06838014721870422,
    -0.06210239231586456,
    -0.06036520004272461,
    -0.06352189928293228,
    -0.057622119784355164
  ],
  "base_loss": [
    10.605250358581543,
    0.004655267111957073,
    0.006912531331181526,
    0.0019946780521422625,
    0.0031817841809242964,
    0.0037102350033819675,
    0.0013907051179558039,
    0.001438621897250414
  ],
  "reg_term": [
    0.24637889862060547,
    -0.08059112261980772,
    -0.06932111643254757,
    -0.07037482527084649,
    -0.06528417649678886,
    -0.06407543504610658,
    -0.06491260440088809,
    -0.05906074168160558
  ],
  "log_Z": [
    -0.0009999999310821295,
    -0.024343712255358696,
    -0.022238200530409813,
    -0.02029658667743206,
    -0.01906568929553032,
    -0.020202169194817543,
    -0.02343658357858658,
    -0.028179867193102837
  ],
  "iteration": [
    1,
    501,
    1001,
    1501,
    2001,
    2501,
    3001,
    3501
  ]
}