{
  "loss": [
    13.021402359008789,
    0.02333434298634529,
    0.022650962695479393,
    0.005678211804479361,
    0.010797346942126751,
    0.016540680080652237,
    0.003268383676186204,
    0.007520889863371849
  ],
  "log_Z": [
    -0.0009999999310821295,
    -0.021589240059256554,
    -0.025682102888822556,
    -0.03196149319410324,
    -0.03833996132016182,
    -0.045397836714982986,
    -0.050593603402376175,
    -0.054324693977832794
  ],
  "iteration": [
    1,
    501,
    1001,
    1501,
    2001,
    2501,
    3001,
    3501
  ]
}