{
  "hypervolume": 1.1826272607046762,
  "r2_indicator": -0.2691423180090131,
  "avg_pairwise_distance": 0.0797366829300969,
  "spacing": 0.09746239334344864,
  "spread": 1.7721402685265546,
  "tds": 0.43844585746493325,
  "mpd": 1.6448128030025253,
  "mce": 0.06261947378031607,
  "num_modes": 3,
  "pmd": 0.0,
  "pfs": 0.10826386669796503,
  "pas": 0.0797366829300969,
  "rbd": 0.43829629629630373,
  "fci": 0.43220877757975606,
  "qds": 0.5087701233381691,
  "der": 3.652296565386525,
  "num_parameters": 68103,
  "training_time": 1154.059997,
  "final_loss": 0.015906792134046555,
  "seed": 42,
  "exp_name": "batch_64_seed42",
  "hidden_dim": 128,
  "num_layers": 4,
  "conditioning": "concat",
  "pfs_metadata": {
    "recalculated": true,
    "recalculation_date": "2025-12-01T16:16:53.684338",
    "old_value": 2.588263712479146e-14,
    "method": "extended_pfs_with_manifold_projection"
  }
}