{
  "hypervolume": 1.4641000000000006,
  "r2_indicator": -0.06914373351163743,
  "avg_pairwise_distance": 0.3769262421592593,
  "spacing": 8.02452060355563e-09,
  "spread": 0.3985175790571103,
  "tds": 0.5751515151515152,
  "mpd": 0.6931471805599453,
  "mce": 0.636942850706858,
  "num_modes": 169,
  "pmd": 0.0,
  "pfs": 0.0,
  "pas": 0.3769262421592593,
  "rbd": 0.5751515151515152,
  "fci": 0.4168430335097002,
  "qds": 0.5856650550361953,
  "der": 211.3999100987259,
  "num_parameters": 2443,
  "training_time": 2627.426708,
  "final_loss": 2.1942086219787598,
  "seed": 153,
  "exp_name": "small_tb_seed153",
  "condition_name": "small_tb"
}