{
  "hypervolume": 1.4641000000000006,
  "r2_indicator": -0.06914373351163743,
  "avg_pairwise_distance": 0.3260065893015409,
  "spacing": 9.939197020969459e-09,
  "spread": 0.4086563482402583,
  "tds": 0.6208333333333333,
  "mpd": 0.6931471805599453,
  "mce": 0.6058246494657499,
  "num_modes": 116,
  "pmd": 0.0,
  "pfs": 0.0,
  "pas": 0.3260065893015409,
  "rbd": 0.6208333333333333,
  "fci": 0.38978776529338344,
  "qds": 0.5740924066594411,
  "der": 126.57769661094902,
  "num_parameters": 2443,
  "training_time": 3795.318467,
  "final_loss": 3.8538522720336914,
  "seed": 153,
  "exp_name": "small_tb_seed153",
  "condition_name": "small_tb"
}