{
  "loss": [
    136.46604919433594,
    9.344327926635742,
    4.910929203033447,
    6.6222333908081055,
    5.683123588562012,
    5.873045921325684,
    5.170555114746094,
    1.8594152927398682,
    4.925084590911865,
    4.050198554992676,
    3.216808319091797,
    2.9067881107330322,
    5.903282165527344,
    3.5275912284851074,
    4.3710479736328125,
    3.8538522720336914
  ],
  "base_loss": [
    136.46604919433594,
    9.344327926635742,
    4.910929203033447,
    6.6222333908081055,
    5.683123588562012,
    5.873045921325684,
    5.170555114746094,
    1.8594152927398682,
    4.925084590911865,
    4.050198554992676,
    3.216808319091797,
    2.9067881107330322,
    5.903282165527344,
    3.5275912284851074,
    4.3710479736328125,
    3.8538522720336914
  ],
  "reg_term": [
    0.0,
    0.0,
    0.0,
    0.0,
    0.0,
    0.0,
    0.0,
    0.0,
    0.0,
    0.0,
    0.0,
    0.0,
    0.0,
    0.0,
    0.0,
    0.0
  ],
  "log_Z": [
    -0.0009999999310821295,
    -0.008030726574361324,
    -0.0066580637358129025,
    -0.011113226413726807,
    -0.022958699613809586,
    -0.03737897425889969,
    -0.050261467695236206,
    -0.06705612689256668,
    -0.08187533915042877,
    -0.09653805941343307,
    -0.10436790436506271,
    -0.11522052437067032,
    -0.12744176387786865,
    -0.1361517757177353,
    -0.14223609864711761,
    -0.1504102200269699
  ],
  "iteration": [
    1,
    501,
    1001,
    1501,
    2001,
    2501,
    3001,
    3501,
    4001,
    4501,
    5001,
    5501,
    6001,
    6501,
    7001,
    7501
  ]
}