{
  "loss": [
    136.0564727783203,
    3.132754325866699,
    0.6065129041671753,
    4.685138702392578,
    0.5179001688957214,
    2.2782790660858154,
    2.0461058616638184,
    1.7010632753372192,
    2.5633599758148193,
    2.2006425857543945,
    0.28726208209991455,
    2.0522360801696777,
    0.3020498752593994,
    0.6837788820266724,
    1.6241281032562256,
    2.1942086219787598
  ],
  "base_loss": [
    136.0564727783203,
    3.132754325866699,
    0.6065129041671753,
    4.685138702392578,
    0.5179001688957214,
    2.2782790660858154,
    2.0461058616638184,
    1.7010632753372192,
    2.5633599758148193,
    2.2006425857543945,
    0.28726208209991455,
    2.0522360801696777,
    0.3020498752593994,
    0.6837788820266724,
    1.6241281032562256,
    2.1942086219787598
  ],
  "reg_term": [
    0.0,
    0.0,
    0.0,
    0.0,
    0.0,
    0.0,
    0.0,
    0.0,
    0.0,
    0.0,
    0.0,
    0.0,
    0.0,
    0.0,
    0.0,
    0.0
  ],
  "log_Z": [
    -0.0009999999310821295,
    -0.014214442111551762,
    -0.014338395558297634,
    -0.016895003616809845,
    -0.020613638684153557,
    -0.026813238859176636,
    -0.033067487180233,
    -0.04153655096888542,
    -0.05061475560069084,
    -0.059045590460300446,
    -0.06716720759868622,
    -0.07397663593292236,
    -0.0828804075717926,
    -0.08758088946342468,
    -0.09546325355768204,
    -0.10042770206928253
  ],
  "iteration": [
    1,
    501,
    1001,
    1501,
    2001,
    2501,
    3001,
    3501,
    4001,
    4501,
    5001,
    5501,
    6001,
    6501,
    7001,
    7501
  ]
}