{
  "hypervolume": 1.4641000000000006,
  "r2_indicator": -0.07028279757740775,
  "avg_pairwise_distance": 0.256388190050883,
  "spacing": 0.0005917039816267788,
  "spread": 0.41822019614273054,
  "tds": 0.6685353535353535,
  "mpd": 0.6931471805599453,
  "mce": 0.5400862452989916,
  "num_modes": 72,
  "pmd": 0.0,
  "pfs": 0.0,
  "pas": 0.256388190050883,
  "rbd": 0.6685353535353535,
  "fci": 0.3737023519870235,
  "qds": 0.5582700431933825,
  "der": 2.491541206960915,
  "num_parameters": 70923,
  "training_time": 5223.304511,
  "final_loss": 0.2317226082086563,
  "seed": 42,
  "exp_name": "high_subtb_seed42",
  "condition_name": "high_subtb"
}