{
  "loss": [
    62.36105728149414,
    6.815385818481445,
    7.372650146484375,
    3.8983664512634277,
    2.1865787506103516,
    0.9892944097518921,
    0.2683151364326477,
    2.459641218185425,
    0.544395923614502,
    1.8924046754837036,
    0.5057936310768127,
    0.8761633634567261,
    0.9572361707687378,
    0.3336336612701416,
    0.47614604234695435,
    0.2317226082086563
  ],
  "base_loss": [
    87.31854248046875,
    4.613322734832764,
    7.842555999755859,
    4.250735282897949,
    0.9937359690666199,
    0.7403091192245483,
    2.4122297763824463,
    1.6516646146774292,
    0.6962366700172424,
    0.980754554271698,
    0.2946716248989105,
    0.6493146419525146,
    1.0863139629364014,
    0.16619819402694702,
    0.5891334414482117,
    0.21771204471588135
  ],
  "reg_term": [
    -24.95748519897461,
    2.2020630836486816,
    -0.4699058532714844,
    -0.3523688316345215,
    1.1928427815437317,
    0.24898529052734375,
    -2.1439146399497986,
    0.8079766035079956,
    -0.15184074640274048,
    0.9116501212120056,
    0.21112200617790222,
    0.22684872150421143,
    -0.12907779216766357,
    0.16743546724319458,
    -0.11298739910125732,
    0.014010563492774963
  ],
  "log_Z": [
    -0.0009999999310821295,
    -0.020970793440937996,
    -0.015232076868414879,
    -0.016764027997851372,
    -0.020925210788846016,
    -0.0269317626953125,
    -0.03516377881169319,
    -0.03289395943284035,
    -0.03298228979110718,
    -0.034561943262815475,
    -0.02164570428431034,
    -0.015201606787741184,
    -0.011538317427039146,
    -0.014666929841041565,
    -0.009132374078035355,
    -0.006824083626270294
  ],
  "iteration": [
    1,
    501,
    1001,
    1501,
    2001,
    2501,
    3001,
    3501,
    4001,
    4501,
    5001,
    5501,
    6001,
    6501,
    7001,
    7501
  ]
}