{
  "hypervolume": 1.1692031143482569,
  "r2_indicator": -0.2680909681331855,
  "avg_pairwise_distance": 0.15922039181874775,
  "spacing": 0.0954580008983612,
  "spread": 1.793126857199929,
  "tds": 0.44350538011853813,
  "mpd": 1.1179462685290043,
  "mce": 0.1434310180384448,
  "num_modes": 8,
  "pmd": 0.0,
  "pfs": 3.0898377111388912e-12,
  "pas": 0.1524564160001197,
  "rbd": 0.44384664830120646,
  "fci": 0.4416890900195696,
  "qds": 0.5343171549513611,
  "der": 366.61955309459034,
  "num_parameters": 519,
  "training_time": 3012.438626,
  "final_loss": 0.001615162007510662,
  "seed": 1011,
  "exp_name": "small_concat_seed1011",
  "capacity": "small",
  "hidden_dim": 32,
  "num_layers": 2,
  "conditioning": "concat",
  "alpha": 1.5,
  "preference_sampling": "dirichlet",
  "loss": "trajectory_balance"
}