{
  "hypervolume": 1.186420147661154,
  "r2_indicator": -0.2695755311086247,
  "avg_pairwise_distance": 0.13632156054628988,
  "spacing": 0.18927592039108276,
  "spread": 1.8196042077280268,
  "tds": 0.47229215734048025,
  "mpd": 1.153495483492338,
  "mce": 0.10442894279378842,
  "num_modes": 4,
  "pmd": 0.0,
  "pfs": 3.9417185925348587e-13,
  "pas": 0.13494115915167712,
  "rbd": 0.47272920345648695,
  "fci": 0.4347328561917443,
  "qds": 0.526957191826815,
  "der": 522.9829463076263,
  "num_parameters": 519,
  "training_time": 1808.057195,
  "final_loss": 0.0030324573162943125,
  "seed": 1011,
  "exp_name": "small_concat_seed1011",
  "capacity": "small",
  "hidden_dim": 32,
  "num_layers": 2,
  "conditioning": "concat",
  "alpha": 1.5,
  "preference_sampling": "dirichlet",
  "loss": "trajectory_balance"
}