{
  "loss": [
    15.593766212463379,
    0.010391297750175,
    0.004276254680007696,
    0.012238926254212856,
    0.0017344760708510876,
    0.004115329124033451,
    0.004319204017519951,
    0.0030324573162943125,
    0.0028748544864356518,
    0.004025937523692846,
    0.0032733064144849777,
    0.001835283124819398,
    0.000609645969234407,
    0.0014251512475311756,
    0.003284465055912733,
    0.0012404113076627254,
    0.0026217857375741005,
    0.0026894607581198215,
    0.00282961199991405,
    0.001615162007510662
  ],
  "log_Z": [
    -0.0009999999310821295,
    -0.10086233913898468,
    -0.10055071860551834,
    -0.10029664635658264,
    -0.10036617517471313,
    -0.10050996392965317,
    -0.10077483206987381,
    -0.10083390772342682,
    -0.1011747196316719,
    -0.1012003943324089,
    -0.10181104391813278,
    -0.10215900093317032,
    -0.10216508060693741,
    -0.10358926653862,
    -0.10414187610149384,
    -0.10479658097028732,
    -0.10506483912467957,
    -0.10587727278470993,
    -0.10647041350603104,
    -0.10748934000730515
  ],
  "iteration": [
    1,
    501,
    1001,
    1501,
    2001,
    2501,
    3001,
    3501,
    4001,
    4501,
    5001,
    5501,
    6001,
    6501,
    7001,
    7501,
    8001,
    8501,
    9001,
    9501
  ]
}