{
  "loss": [
    15.593766212463379,
    0.010391297750175,
    0.004276254680007696,
    0.012238926254212856,
    0.0017344760708510876,
    0.004115329124033451,
    0.004319204017519951,
    0.0030324573162943125
  ],
  "log_Z": [
    -0.0009999999310821295,
    -0.10086233913898468,
    -0.10055071860551834,
    -0.10029664635658264,
    -0.10036617517471313,
    -0.10050996392965317,
    -0.10077483206987381,
    -0.10083390772342682
  ],
  "iteration": [
    1,
    501,
    1001,
    1501,
    2001,
    2501,
    3001,
    3501
  ]
}