{
  "hypervolume": 1.1734945536488595,
  "r2_indicator": -0.2680909681331855,
  "avg_pairwise_distance": 0.11540868436842669,
  "spacing": 0.08535725623369217,
  "spread": 1.8042200252289877,
  "tds": 0.43459241301786367,
  "mpd": 1.006580523534409,
  "mce": 0.07232580453643281,
  "num_modes": 4,
  "pmd": 0.0,
  "pfs": 2.9684512657636487e-13,
  "pas": 0.11540868436842669,
  "rbd": 0.43540500240500973,
  "fci": 0.4287701085230571,
  "qds": 0.5202355388452323,
  "der": 2.630367226071479,
  "num_parameters": 68103,
  "training_time": 2319.307663,
  "final_loss": 0.0035974946804344654,
  "seed": 456,
  "exp_name": "pref_uniform_seed456",
  "hidden_dim": 128,
  "num_layers": 4,
  "conditioning": "concat"
}