{
  "loss": [
    14.152740478515625,
    0.055559925734996796,
    0.01628985069692135,
    0.01324066799134016,
    0.015540899708867073,
    0.018590211868286133,
    0.01725061424076557,
    0.0035974946804344654
  ],
  "log_Z": [
    -0.0009999999310821295,
    -0.02449413761496544,
    -0.029245151206851006,
    -0.035206642001867294,
    -0.04144006967544556,
    -0.051263418048620224,
    -0.06020244210958481,
    -0.06598469614982605
  ],
  "iteration": [
    1,
    501,
    1001,
    1501,
    2001,
    2501,
    3001,
    3501
  ]
}