{
  "hypervolume": 1.2099998098309543,
  "r2_indicator": -0.2722222008303874,
  "avg_pairwise_distance": 0.23563551501286933,
  "spacing": 0.10195253789424896,
  "spread": 1.8132157431120748,
  "tds": 0.36519368417313464,
  "mpd": 0.8363265872546287,
  "mce": 0.6214205357187216,
  "num_modes": 34,
  "pmd": 0.0,
  "pfs": 2.4404638568870238e-20,
  "pas": 0.23563551501286933,
  "rbd": 0.367323485896762,
  "fci": 0.49851337853172106,
  "qds": 0.5757360385058012,
  "der": 457.02473307639895,
  "num_parameters": 519,
  "training_time": 3576.318483,
  "final_loss": 0.053477026522159576,
  "seed": 486,
  "exp_name": "small_veryhigh_seed486",
  "condition_name": "small_veryhigh"
}