{
  "loss": [
    235.0541534423828,
    11.18574333190918,
    0.1913289874792099,
    0.5212436318397522,
    0.07194238901138306,
    0.022276654839515686,
    0.02571437507867813,
    0.053477026522159576
  ],
  "base_loss": [
    242.4890899658203,
    7.376229286193848,
    0.1760164201259613,
    0.4770048260688782,
    0.04365231841802597,
    0.028413258492946625,
    0.04347274452447891,
    0.09892064332962036
  ],
  "reg_term": [
    -7.4349365234375,
    3.809514045715332,
    0.015312567353248596,
    0.04423880577087402,
    0.028290070593357086,
    -0.006136603653430939,
    -0.01775836944580078,
    -0.045443616807460785
  ],
  "log_Z": [
    -0.0009999999310821295,
    -0.17547392845153809,
    -0.20289650559425354,
    -0.2061779797077179,
    -0.20743606984615326,
    -0.208023801445961,
    -0.20830701291561127,
    -0.20843960344791412
  ],
  "iteration": [
    1,
    501,
    1001,
    1501,
    2001,
    2501,
    3001,
    3501
  ]
}