{
  "hypervolume": 1.1778718423767327,
  "r2_indicator": -0.26859282999952333,
  "avg_pairwise_distance": 0.08321917984010481,
  "spacing": 0.07543615251779556,
  "spread": 1.7460759510508757,
  "tds": 0.3845044996497279,
  "mpd": 1.4588754598577645,
  "mce": 0.08450428738594043,
  "num_modes": 2,
  "pmd": 0.0,
  "pfs": 0.0,
  "pas": 0.08321917984010481,
  "rbd": 0.3845859387526102,
  "fci": 0.45124353607485834,
  "qds": 0.509889440238409,
  "der": 3.818433973913679,
  "num_parameters": 68103,
  "training_time": 1152.058157,
  "final_loss": 0.00550522655248642,
  "seed": 789,
  "exp_name": "batch_64_seed789",
  "hidden_dim": 128,
  "num_layers": 4,
  "conditioning": "concat"
}