{
  "hypervolume": 1.2099999814259024,
  "r2_indicator": -0.27222222013469755,
  "avg_pairwise_distance": 0.07041025418062205,
  "spacing": 0.07993955910205841,
  "spread": 1.4922632473129775,
  "tds": 0.3666309536029563,
  "mpd": 1.1744156307737026,
  "mce": 0.062018898591591855,
  "num_modes": 10,
  "pmd": 0.0,
  "pfs": 0.13579841521307542,
  "pas": 0.07041025418062205,
  "rbd": 0.3666436363756998,
  "fci": 0.47550907245027285,
  "qds": 0.5226305735749576,
  "der": 0.3531019008270276,
  "num_parameters": 68103,
  "training_time": 10540.764585,
  "final_loss": 0.12724706530570984,
  "seed": 153,
  "exp_name": "high_tb_seed153",
  "condition_name": "high_tb",
  "pfs_metadata": {
    "recalculated": true,
    "recalculation_date": "2025-12-02T00:49:35.575785",
    "old_value": 3.9414517119965135e-07,
    "method": "extended_pfs_with_manifold_projection"
  }
}