{
  "loss": [
    253.9759063720703,
    3.9892115592956543,
    10.533866882324219,
    1.5899090766906738,
    4.778669357299805,
    0.888834536075592,
    0.06154699623584747,
    0.12724706530570984
  ],
  "base_loss": [
    253.9759063720703,
    3.9892115592956543,
    10.533866882324219,
    1.5899090766906738,
    4.778669357299805,
    0.888834536075592,
    0.06154699623584747,
    0.12724706530570984
  ],
  "reg_term": [
    0.0,
    0.0,
    0.0,
    0.0,
    0.0,
    0.0,
    0.0,
    0.0
  ],
  "log_Z": [
    -0.0009999999310821295,
    -0.022303638979792595,
    -0.023259196430444717,
    -0.0242669228464365,
    -0.027146002277731895,
    -0.030637431889772415,
    -0.033789269626140594,
    -0.0370992049574852
  ],
  "iteration": [
    1,
    501,
    1001,
    1501,
    2001,
    2501,
    3001,
    3501
  ]
}