{
  "loss": [
    12.874948501586914,
    0.018034497275948524,
    0.0032368358224630356,
    0.0005306924576871097,
    0.0020415170583873987,
    0.0007475934107787907,
    0.0013355629052966833,
    0.00028497364837676287
  ],
  "log_Z": [
    -0.009999998845160007,
    -0.34828320145606995,
    -0.39624708890914917,
    -0.44364556670188904,
    -0.47988370060920715,
    -0.4899624288082123,
    -0.5334050059318542,
    -0.556386411190033
  ],
  "iteration": [
    1,
    501,
    1001,
    1501,
    2001,
    2501,
    3001,
    3501
  ]
}