{
  "hypervolume": 1.4641000000000006,
  "r2_indicator": -0.07759036533851421,
  "avg_pairwise_distance": 0.36094056497332516,
  "spacing": 8.615654856214405e-09,
  "spread": 0.39649788316213547,
  "tds": 0.6139141414141415,
  "mpd": 0.6931471805599453,
  "mce": 0.6345074350621782,
  "num_modes": 149,
  "pmd": 0.0,
  "pfs": 0.0,
  "pas": 0.36094056497332516,
  "rbd": 0.6139141414141415,
  "fci": 0.39434920634920645,
  "qds": 0.5820319465848466,
  "der": 140.11086468819457,
  "num_parameters": 2443,
  "training_time": 3796.146063,
  "final_loss": 2.310734510421753,
  "seed": 264,
  "exp_name": "small_tb_seed264",
  "condition_name": "small_tb"
}