{
  "hypervolume": 1.4641000000000006,
  "r2_indicator": -0.07759036533851421,
  "avg_pairwise_distance": 0.37985732805535416,
  "spacing": 7.852501759941788e-09,
  "spread": 0.404276770610987,
  "tds": 0.5806818181818182,
  "mpd": 0.6931471805599453,
  "mce": 0.6346892614541185,
  "num_modes": 177,
  "pmd": 0.0,
  "pfs": 0.0,
  "pas": 0.37985732805535416,
  "rbd": 0.5806818181818182,
  "fci": 0.4076519097222222,
  "qds": 0.5863312109216714,
  "der": 213.62774449332275,
  "num_parameters": 2443,
  "training_time": 2620.24492,
  "final_loss": 0.1571662724018097,
  "seed": 264,
  "exp_name": "small_tb_seed264",
  "condition_name": "small_tb"
}