{
  "loss": [
    110.72746276855469,
    4.17842435836792,
    2.9727611541748047,
    0.601743757724762,
    3.1391115188598633,
    0.49540722370147705,
    3.9833555221557617,
    2.0742990970611572,
    0.728000819683075,
    0.6984058618545532,
    0.43083202838897705,
    0.5431293249130249,
    1.7324998378753662,
    3.0534961223602295,
    0.7594835162162781,
    2.310734510421753
  ],
  "base_loss": [
    110.72746276855469,
    4.17842435836792,
    2.9727611541748047,
    0.601743757724762,
    3.1391115188598633,
    0.49540722370147705,
    3.9833555221557617,
    2.0742990970611572,
    0.728000819683075,
    0.6984058618545532,
    0.43083202838897705,
    0.5431293249130249,
    1.7324998378753662,
    3.0534961223602295,
    0.7594835162162781,
    2.310734510421753
  ],
  "reg_term": [
    0.0,
    0.0,
    0.0,
    0.0,
    0.0,
    0.0,
    0.0,
    0.0,
    0.0,
    0.0,
    0.0,
    0.0,
    0.0,
    0.0,
    0.0,
    0.0
  ],
  "log_Z": [
    -0.0009999999310821295,
    -0.017876744270324707,
    -0.023020492866635323,
    -0.02596045844256878,
    -0.032313235104084015,
    -0.036479584872722626,
    -0.043896112591028214,
    -0.05138604715466499,
    -0.05606738105416298,
    -0.0636679008603096,
    -0.06953459233045578,
    -0.08118832856416702,
    -0.08633431047201157,
    -0.09437327086925507,
    -0.10154761373996735,
    -0.11017469316720963
  ],
  "iteration": [
    1,
    501,
    1001,
    1501,
    2001,
    2501,
    3001,
    3501,
    4001,
    4501,
    5001,
    5501,
    6001,
    6501,
    7001,
    7501
  ]
}