{
  "loss": [
    101.6517105102539,
    0.5203561782836914,
    0.48269400000572205,
    0.35156527161598206,
    1.324601411819458,
    0.32952141761779785,
    2.0530641078948975,
    1.5282901525497437,
    0.4099479913711548,
    0.17102637887001038,
    0.1554584503173828,
    0.28764140605926514,
    0.12488129734992981,
    0.2871544659137726,
    0.2711285352706909,
    0.1571662724018097
  ],
  "base_loss": [
    101.6517105102539,
    0.5203561782836914,
    0.48269400000572205,
    0.35156527161598206,
    1.324601411819458,
    0.32952141761779785,
    2.0530641078948975,
    1.5282901525497437,
    0.4099479913711548,
    0.17102637887001038,
    0.1554584503173828,
    0.28764140605926514,
    0.12488129734992981,
    0.2871544659137726,
    0.2711285352706909,
    0.1571662724018097
  ],
  "reg_term": [
    0.0,
    0.0,
    0.0,
    0.0,
    0.0,
    0.0,
    0.0,
    0.0,
    0.0,
    0.0,
    0.0,
    0.0,
    0.0,
    0.0,
    0.0,
    0.0
  ],
  "log_Z": [
    -0.0010000000474974513,
    -0.022639617323875427,
    -0.0225830078125,
    -0.023134466260671616,
    -0.025065235793590546,
    -0.02711149863898754,
    -0.03109685331583023,
    -0.03624369576573372,
    -0.038104016333818436,
    -0.043773237615823746,
    -0.047149427235126495,
    -0.05510773882269859,
    -0.05892719700932503,
    -0.06337770819664001,
    -0.06842070817947388,
    -0.07239039242267609
  ],
  "iteration": [
    1,
    501,
    1001,
    1501,
    2001,
    2501,
    3001,
    3501,
    4001,
    4501,
    5001,
    5501,
    6001,
    6501,
    7001,
    7501
  ]
}