{
  "hypervolume": 0.8053324731171778,
  "r2_indicator": -0.21756093260607748,
  "avg_pairwise_distance": 0.0005364740187829227,
  "spacing": 0.0034609725698828697,
  "spread": 1.31593384118377,
  "tds": 0.3588295654962322,
  "mpd": 4.61512051684126,
  "mce": 0.0,
  "num_modes": 1,
  "pmd": 0.0,
  "pfs": 0.0,
  "pas": 0.0005364740187829227,
  "rbd": 0.3588295654962099,
  "fci": 0.4486109335038364,
  "qds": 0.33295444296506227,
  "der": 0.00948096218468431,
  "num_parameters": 68103,
  "training_time": 2991.111049,
  "final_loss": 0.016173111274838448,
  "seed": 375,
  "exp_name": "low_subtb_seed375",
  "condition_name": "low_subtb"
}