{
  "loss": [
    216.71176147460938,
    0.8278771042823792,
    0.20727787911891937,
    0.08720462024211884,
    0.03930231183767319,
    0.01648876816034317,
    0.014444548636674881,
    0.016173111274838448
  ],
  "base_loss": [
    216.7213134765625,
    1.3610808849334717,
    0.26624906063079834,
    0.1564880907535553,
    0.03193540498614311,
    0.018356021493673325,
    0.016821105033159256,
    0.005888436455279589
  ],
  "reg_term": [
    -0.009552001953125,
    -0.5332037806510925,
    -0.05897118151187897,
    -0.06928347051143646,
    0.007366906851530075,
    -0.0018672533333301544,
    -0.002376556396484375,
    0.010284674819558859
  ],
  "log_Z": [
    -0.0009999999310821295,
    -0.022680552676320076,
    -0.023954566568136215,
    -0.022223826497793198,
    -0.02043968252837658,
    -0.01942550577223301,
    -0.02067721076309681,
    -0.020187854766845703
  ],
  "iteration": [
    1,
    501,
    1001,
    1501,
    2001,
    2501,
    3001,
    3501
  ]
}