{
  "hypervolume": 1.1981136890294533,
  "r2_indicator": -0.2708851484820219,
  "avg_pairwise_distance": 0.0003531817726397476,
  "spacing": 0.007983075454831123,
  "spread": 1.494399422496094,
  "tds": 0.3422927689594356,
  "mpd": 4.61512051684126,
  "mce": 0.0,
  "num_modes": 1,
  "pmd": 0.0,
  "pfs": 0.0,
  "pas": 0.0003531817726397476,
  "rbd": 0.3422927689594159,
  "fci": 0.49740928761651126,
  "qds": 0.4952018181729424,
  "der": 0.0026308109444185277,
  "num_parameters": 68103,
  "training_time": 7096.511313,
  "final_loss": 0.12013854086399078,
  "seed": 153,
  "exp_name": "low_tb_seed153",
  "condition_name": "low_tb"
}