{
  "loss": [
    253.94039916992188,
    11.576601028442383,
    0.47484341263771057,
    0.3687358498573303,
    0.13433104753494263,
    0.45344972610473633,
    0.06811250746250153,
    0.12013854086399078
  ],
  "base_loss": [
    253.94039916992188,
    11.576601028442383,
    0.47484341263771057,
    0.3687358498573303,
    0.13433104753494263,
    0.45344972610473633,
    0.06811250746250153,
    0.12013854086399078
  ],
  "reg_term": [
    0.0,
    0.0,
    0.0,
    0.0,
    0.0,
    0.0,
    0.0,
    0.0
  ],
  "log_Z": [
    -0.0010000000474974513,
    -0.02103598415851593,
    -0.022252850234508514,
    -0.02359941229224205,
    -0.02550777979195118,
    -0.027597712352871895,
    -0.03023301064968109,
    -0.033757757395505905
  ],
  "iteration": [
    1,
    501,
    1001,
    1501,
    2001,
    2501,
    3001,
    3501
  ]
}