{
  "hypervolume": 1.181338715910031,
  "r2_indicator": -0.2689766610414166,
  "avg_pairwise_distance": 0.07042788960550579,
  "spacing": 0.0737602561712265,
  "spread": 1.7768226822024273,
  "tds": 0.37998195116037875,
  "mpd": 1.7516738067092603,
  "mce": 0.18140884945165406,
  "num_modes": 2,
  "pmd": 0.0,
  "pfs": 3.643732399412629e-14,
  "pas": 0.0704585255590974,
  "rbd": 0.3799984459984508,
  "fci": 0.43825547043212665,
  "qds": 0.5057781638452225,
  "der": 0.9160153747468697,
  "num_parameters": 69127,
  "training_time": 4004.024285,
  "final_loss": 0.004687969572842121,
  "seed": 123,
  "exp_name": "large_film_seed123",
  "capacity": "large",
  "hidden_dim": 128,
  "num_layers": 4,
  "conditioning": "film",
  "alpha": 1.5,
  "preference_sampling": "dirichlet",
  "loss": "trajectory_balance"
}