{
  "loss": [
    13.429133415222168,
    0.019857708364725113,
    0.01019278820604086,
    0.008947419002652168,
    0.006251918151974678,
    0.003941697534173727,
    0.006160082761198282,
    0.004687969572842121
  ],
  "log_Z": [
    -0.0009999998146668077,
    -0.022019730880856514,
    -0.03189288452267647,
    -0.03690031170845032,
    -0.03971550613641739,
    -0.041995298117399216,
    -0.0444754920899868,
    -0.04624798148870468
  ],
  "iteration": [
    1,
    501,
    1001,
    1501,
    2001,
    2501,
    3001,
    3501
  ]
}