{
  "hypervolume": 1.1941006575887376,
  "r2_indicator": -0.2704561490660364,
  "avg_pairwise_distance": 0.2011413816521244,
  "spacing": 0.08513536304235458,
  "spread": 1.3428473858927144,
  "tds": 0.4198046480296396,
  "mpd": 1.6334472094833359,
  "mce": 0.5730145255240147,
  "num_modes": 47,
  "pmd": 0.0,
  "pfs": 0.10267336141345365,
  "pas": 0.2011413816521244,
  "rbd": 0.4198855218855267,
  "fci": 0.39822311742182515,
  "qds": 0.5477910713991943,
  "der": 10.630570831405493,
  "num_parameters": 68103,
  "training_time": 1000.186759,
  "final_loss": 0.0008091251365840435,
  "seed": 123,
  "exp_name": "off_policy_50_seed123",
  "hidden_dim": 128,
  "num_layers": 4,
  "conditioning": "concat",
  "pfs_metadata": {
    "recalculated": true,
    "recalculation_date": "2025-12-01T16:18:30.994110",
    "old_value": 0.0020437360642742227,
    "method": "extended_pfs_with_manifold_projection"
  }
}