{
  "loss": [
    13.113114356994629,
    0.036723122000694275,
    0.010035693645477295,
    0.01735910214483738,
    0.0013574996264651418,
    0.0006746310973539948,
    0.0007634869543835521,
    0.0008091251365840435
  ],
  "log_Z": [
    -0.0009999999310821295,
    -0.02426874078810215,
    -0.02839532494544983,
    -0.03244423866271973,
    -0.036701273173093796,
    -0.04061678797006607,
    -0.04385362192988396,
    -0.04674067348241806
  ],
  "iteration": [
    1,
    501,
    1001,
    1501,
    2001,
    2501,
    3001,
    3501
  ]
}