{
  "hypervolume": 0.08801260031759739,
  "r2_indicator": -0.27006888622816916,
  "avg_pairwise_distance": 0.481825874821815,
  "spacing": 0.18630468845367432,
  "spread": 1.5893969475568424,
  "tds": 0.5320225531299696,
  "mpd": 0.9799422255405321,
  "mce": 0.6912239471013625,
  "num_modes": 2,
  "pmd": 0.0,
  "pfs": 0.02708699114819226,
  "pas": 0.481825874821815,
  "rbd": 0.5341846128058336,
  "fci": 0.43609556799005245,
  "qds": 0.6380064843511022,
  "der": 14.409446308440694,
  "num_parameters": 68103,
  "training_time": 1767.580016,
  "final_loss": 0.001881919102743268,
  "seed": 153,
  "exp_name": "subtrajectory_balance_09_seed153",
  "capacity": "medium",
  "hidden_dim": 128,
  "num_layers": 4,
  "num_unique_solutions": 59
}