{
  "loss": [
    11.478601455688477,
    0.004694456700235605,
    0.003635082859545946,
    0.0015460962895303965,
    0.0007740965811535716,
    0.0022233817726373672,
    0.0032136174850165844,
    0.001881919102743268
  ],
  "base_loss": [
    10.78111457824707,
    0.0029560322873294353,
    0.005804767832159996,
    0.0014174564275890589,
    0.0008452492766082287,
    0.004460841882973909,
    0.003140632761642337,
    0.0038672275841236115
  ],
  "reg_term": [
    0.6974868774414062,
    0.0017384244129061699,
    -0.00216968497261405,
    0.00012863986194133759,
    -7.115269545465708e-05,
    -0.002237460110336542,
    7.298472337424755e-05,
    -0.0019853084813803434
  ],
  "log_Z": [
    -0.0009999999310821295,
    -0.024017995223402977,
    -0.022222578525543213,
    -0.020436624065041542,
    -0.019373131915926933,
    -0.01741415075957775,
    -0.015529355965554714,
    -0.014020193368196487
  ],
  "iteration": [
    1,
    501,
    1001,
    1501,
    2001,
    2501,
    3001,
    3501
  ]
}