{
  "hypervolume": 0.029416963069518288,
  "r2_indicator": -0.09444125273673235,
  "avg_pairwise_distance": 0.5582677513201165,
  "spacing": 0.10094671696424484,
  "spread": 1.2077136612758064,
  "tds": 0.9060978136980624,
  "mpd": 0.6931471805599453,
  "mce": 0.18483590985227386,
  "num_modes": 48,
  "pmd": 0.0,
  "pfs": 0.055822213982062996,
  "pas": 0.5582677513201165,
  "rbd": 0.9003186628186634,
  "fci": 0.2789362675624101,
  "qds": 0.6465072893202528,
  "der": 135.6326259492792,
  "num_parameters": 3745,
  "training_time": 3956.662892,
  "final_loss": -0.09146998077630997,
  "seed": 153,
  "exp_name": "small_high_seed153",
  "condition_name": "small_high"
}