{
  "loss": [
    16.244281768798828,
    0.2782449424266815,
    0.07796457409858704,
    -0.010063469409942627,
    -0.008024916052818298,
    0.10832373797893524,
    -0.06072910130023956,
    -0.07112447917461395,
    -0.016832053661346436,
    -0.033014148473739624,
    -0.07343165576457977,
    -0.04652327299118042,
    -0.0601576492190361,
    -0.0912477895617485,
    0.013121455907821655,
    -0.04865102469921112,
    -0.09392993152141571,
    -0.04272650182247162,
    -0.07622022926807404,
    -0.09146998077630997
  ],
  "base_loss": [
    13.960376739501953,
    0.4867180585861206,
    0.14421409368515015,
    0.15526388585567474,
    0.13999618589878082,
    0.11819623410701752,
    0.12128172814846039,
    0.11540033668279648,
    0.2105274498462677,
    0.168447807431221,
    0.14898696541786194,
    0.12842528522014618,
    0.07729214429855347,
    0.08432371914386749,
    0.1993056982755661,
    0.1186443418264389,
    0.12283580750226974,
    0.12232279777526855,
    0.10580265522003174,
    0.13405221700668335
  ],
  "reg_term": [
    2.283905029296875,
    -0.2084731161594391,
    -0.06624951958656311,
    -0.16532735526561737,
    -0.14802110195159912,
    -0.009872496128082275,
    -0.18201082944869995,
    -0.18652481585741043,
    -0.22735950350761414,
    -0.20146195590496063,
    -0.2224186211824417,
    -0.1749485582113266,
    -0.13744979351758957,
    -0.175571508705616,
    -0.18618424236774445,
    -0.16729536652565002,
    -0.21676573902368546,
    -0.16504929959774017,
    -0.18202288448810577,
    -0.22552219778299332
  ],
  "log_Z": [
    -0.0009999998146668077,
    -0.12185260653495789,
    -0.11960695683956146,
    -0.11341045051813126,
    -0.10608477890491486,
    -0.09353919327259064,
    -0.08181948214769363,
    -0.08036245405673981,
    -0.07231542468070984,
    -0.0721646249294281,
    -0.06805482506752014,
    -0.07006286084651947,
    -0.07307381927967072,
    -0.06797648221254349,
    -0.06049570441246033,
    -0.058890413492918015,
    -0.04667291417717934,
    -0.0464916005730629,
    -0.046331677585840225,
    -0.03894062340259552
  ],
  "iteration": [
    1,
    501,
    1001,
    1501,
    2001,
    2501,
    3001,
    3501,
    4001,
    4501,
    5001,
    5501,
    6001,
    6501,
    7001,
    7501,
    8001,
    8501,
    9001,
    9501
  ]
}