,mce,mce,mce,pas,pas,pas,qds,qds,qds,der,der,der
,mean,std,count,mean,std,count,mean,std,count,mean,std,count
exp_name,,,,,,,,,,,,
batch_256,0.16598978833825556,,1,0.1079879048509097,,1,0.5178504099731749,,1,1.2084045845215639,,1
batch_32,0.1792595479018862,,1,0.08242373179744303,,1,0.5096337735542964,,1,7.684778657026659,,1
batch_512,0.19891721245238608,,1,0.10891738245741214,,1,0.5181491553906834,,1,0.5982123294514889,,1
batch_64,0.19574119930173334,,1,0.09086104814422427,,1,0.5123456297378532,,1,4.168714316688735,,1
