,hypervolume,hypervolume,hypervolume,tds,tds,tds,mpd,mpd,mpd,mce,mce,mce,pmd,pmd,pmd,pas,pas,pas,fci,fci,fci,qds,qds,qds,der,der,der,rbd,rbd,rbd
,mean,std,count,mean,std,count,mean,std,count,mean,std,count,mean,std,count,mean,std,count,mean,std,count,mean,std,count,mean,std,count,mean,std,count
exp_name,,,,,,,,,,,,,,,,,,,,,,,,,,,,,,
batch_256,1.1821308312082595,,1,0.4105863680340887,,1,1.4458430911106592,,1,0.16598978833825556,,1,0.0,,1,0.1079879048509097,,1,0.4438711651984136,,1,0.5178504099731749,,1,1.2084045845215639,,1,0.41083090489757657,,1
batch_32,1.1771235894040546,,1,0.4095244913965176,,1,1.6063117226176007,,1,0.1792595479018862,,1,0.0,,1,0.08242373179744303,,1,0.42796001287503477,,1,0.5096337735542964,,1,7.684778657026659,,1,0.40970788840789324,,1
batch_512,1.1772143734309493,,1,0.4089273085442871,,1,1.335680473930846,,1,0.19891721245238608,,1,0.0,,1,0.10891738245741214,,1,0.430604028981604,,1,0.5181491553906834,,1,0.5982123294514889,,1,0.4091937756968103,,1
batch_64,1.177247268433908,,1,0.40751883998961824,,1,1.6708817653637738,,1,0.19574119930173334,,1,0.0,,1,0.09086104814422427,,1,0.4379640071611245,,1,0.5123456297378532,,1,4.168714316688735,,1,0.40758385441719314,,1
