,hypervolume,hypervolume,hypervolume,tds,tds,tds,mpd,mpd,mpd,mce,mce,mce,pmd,pmd,pmd,pas,pas,pas,fci,fci,fci,qds,qds,qds,der,der,der,rbd,rbd,rbd
,mean,std,count,mean,std,count,mean,std,count,mean,std,count,mean,std,count,mean,std,count,mean,std,count,mean,std,count,mean,std,count,mean,std,count
exp_name,,,,,,,,,,,,,,,,,,,,,,,,,,,,,,
off_policy_10,1.1692031143482569,,1,0.41100890973429893,,1,1.4707798479000354,,1,0.1817996955723573,,1,0.0,,1,0.11078589378079236,,1,0.4202702706239359,,1,0.5187497176759044,,1,2.4945247550937424,,1,0.4111357966388324,,1
off_policy_25,1.1692031143482569,,1,0.41100890973429893,,1,1.4707798479000354,,1,0.1817996955723573,,1,0.0,,1,0.11078589378079236,,1,0.4202702706239359,,1,0.5187497176759044,,1,2.4939527805452477,,1,0.4111357966388324,,1
off_policy_50,1.1692031143482569,,1,0.41100890973429893,,1,1.4707798479000354,,1,0.1817996955723573,,1,0.0,,1,0.11078589378079236,,1,0.4202702706239359,,1,0.5187497176759044,,1,2.4903172438142738,,1,0.4111357966388324,,1
on_policy_pure,1.1692031143482569,,1,0.41100890973429893,,1,1.4707798479000354,,1,0.1817996955723573,,1,0.0,,1,0.11078589378079236,,1,0.4202702706239359,,1,0.5187497176759044,,1,2.4949429166779233,,1,0.4111357966388324,,1
