,hypervolume,hypervolume,hypervolume,tds,tds,tds,mpd,mpd,mpd,mce,mce,mce,pmd,pmd,pmd,pas,pas,pas,fci,fci,fci,qds,qds,qds,der,der,der,rbd,rbd,rbd
,mean,std,count,mean,std,count,mean,std,count,mean,std,count,mean,std,count,mean,std,count,mean,std,count,mean,std,count,mean,std,count,mean,std,count
exp_name,,,,,,,,,,,,,,,,,,,,,,,,,,,,,,
off_policy_10,1.1893873770228338,,1,0.4276057430855441,,1,1.3185216362742778,,1,0.4534427652226098,,1,0.0,,1,0.4733950391340505,,1,0.42208821700558535,,1,0.6352967111302441,,1,13.039593252273296,,1,0.4277665179937971,,1
off_policy_25,1.1922253349084888,,1,0.4134835005602784,,1,1.3838385003418883,,1,0.4225556005280283,,1,0.0,,1,0.4388178437451316,,1,0.41761553969056975,,1,0.6241831796148273,,1,15.820416437690076,,1,0.4135840098173471,,1
off_policy_50,1.1928604182264628,,1,0.41193254456155903,,1,1.7068057491894357,,1,0.21806075858828997,,1,0.0,,1,0.2150904247215601,,1,0.4208874904189613,,1,0.5522744636471312,,1,11.328396593929911,,1,0.4120529916772397,,1
on_policy_pure,1.1793324257073183,,1,0.41100890973429893,,1,1.4707798479000354,,1,0.1817996955723573,,1,0.0,,1,0.11078589378079236,,1,0.4202702706239359,,1,0.5187497176759044,,1,2.5182985465079772,,1,0.4111357966388324,,1
