,mce,mce,mce,pas,pas,pas,qds,qds,qds,der,der,der
,mean,std,count,mean,std,count,mean,std,count,mean,std,count
exp_name,,,,,,,,,,,,
off_policy_10,0.4534427652226098,,1,0.4733950391340505,,1,0.6352967111302441,,1,13.039593252273296,,1
off_policy_25,0.4225556005280283,,1,0.4388178437451316,,1,0.6241831796148273,,1,15.820416437690076,,1
off_policy_50,0.21806075858828997,,1,0.2150904247215601,,1,0.5522744636471312,,1,11.328396593929911,,1
on_policy_pure,0.1817996955723573,,1,0.11078589378079236,,1,0.5187497176759044,,1,2.5182985465079772,,1
