,mce,mce,mce,pmd,pmd,pmd,pas,pas,pas,fci,fci,fci,qds,qds,qds,der,der,der,rbd,rbd,rbd
,mean,std,count,mean,std,count,mean,std,count,mean,std,count,mean,std,count,mean,std,count,mean,std,count
exp_name,,,,,,,,,,,,,,,,,,,,,
pref_dirichlet_high,0.20011132664534323,,1,0.0,,1,0.0945151586731824,,1,0.4462524394951757,,1,0.5135201053443221,,1,2.145985016653029,,1,0.4182999790333179,,1
pref_dirichlet_low,0.21341947480971912,,1,0.0,,1,0.11224930952879053,,1,0.4246320235591098,,1,0.519220077311861,,1,2.556873517325517,,1,0.4065005563460156,,1
pref_dirichlet_medium,0.1817996955723573,,1,0.0,,1,0.11078589378079236,,1,0.4202702706239359,,1,0.5187497176759044,,1,2.517709723169834,,1,0.4111357966388324,,1
pref_uniform,0.15167303628269677,,1,0.0,,1,0.10545800313316711,,1,0.4425529855184956,,1,0.5170372687639243,,1,2.4004719385536903,,1,0.4137402641129981,,1
