,mce,mce,mce,pas,pas,pas,qds,qds,qds,der,der,der
,mean,std,count,mean,std,count,mean,std,count,mean,std,count
exp_name,,,,,,,,,,,,
categorical,0.1817996955723573,0.10516570792029208,10,0.11078589378079236,0.029172873923994033,10,0.5187497176759044,0.009376516808343846,10,2.514313084429811,0.6652549432854993,10
greedy,0.0,0.0,10,0.0,0.0,10,0.044206719676202,0.0,10,0.0,0.0,10
top_k,0.2023549894815954,0.040024662292249304,10,0.09511635633271817,0.023582892387311972,10,0.5137133375906362,0.007579828694118583,10,2.1381348144410657,0.5344674233810881,10
top_p,0.0,0.0,10,0.00109720641008332,0.001416487384534908,10,0.04455937517298893,0.0004552762886680797,10,0.023069924051031022,0.029783218640647435,10
