,mce,mce,mce,pas,pas,pas,qds,qds,qds,der,der,der
,mean,std,count,mean,std,count,mean,std,count,mean,std,count
exp_name,,,,,,,,,,,,
categorical,0.1817996955723573,,1,0.11078589378079236,,1,0.5187497176759044,,1,2.514313084429811,,1
greedy,0.0,,1,0.0,,1,0.044206719676202,,1,0.0,,1
top_k,0.2023549894815954,,1,0.09511635633271817,,1,0.5137133375906362,,1,2.1381348144410657,,1
top_p,0.0,,1,0.00109720641008332,,1,0.04455937517298893,,1,0.023069924051031022,,1
