,mce,mce,mce,pmd,pmd,pmd,pas,pas,pas,fci,fci,fci,qds,qds,qds,der,der,der,rbd,rbd,rbd
,mean,std,count,mean,std,count,mean,std,count,mean,std,count,mean,std,count,mean,std,count,mean,std,count
exp_name,,,,,,,,,,,,,,,,,,,,,
temp_high,0.37008803270403606,,1,0.0,,1,0.48465296552637804,,1,0.43309652639989815,,1,0.6389151457184776,,1,13.689638480277864,,1,0.5494325408598231,,1
temp_low,0.0,,1,0.0,,1,0.0034498981735742998,,1,0.4189141245039682,,1,0.30062382722476805,,1,0.07593876102280554,,1,0.3872511784511833,,1
temp_medium,0.1817996955723573,,1,0.0,,1,0.11078589378079236,,1,0.4202702706239359,,1,0.5187497176759044,,1,2.5120012157234344,,1,0.4111357966388324,,1
temp_very_high,0.2588160210339082,,1,0.0,,1,0.25099303706635323,,1,0.5585252020679444,,1,0.5638140003068198,,1,12.301181313867172,,1,0.5981991901476759,,1
