{
  "hypervolume": 1.1692031143482569,
  "r2_indicator": -0.27002227097433623,
  "avg_pairwise_distance": 0.16798152808712294,
  "spacing": 0.10472122579813004,
  "spread": 1.7990618402432967,
  "tds": 0.4198210598761184,
  "mpd": 1.2867142068511648,
  "mce": 0.20856469459076946,
  "num_modes": 3,
  "pmd": 0.0,
  "pfs": 1.1268932598840314e-13,
  "pas": 0.16798152808712294,
  "rbd": 0.42026936026936423,
  "fci": 0.41040426587301604,
  "qds": 0.5371330907996645,
  "der": 0.9243525326378221,
  "num_parameters": 68103,
  "training_time": 9606.38857,
  "final_loss": 0.005800774786621332,
  "seed": 123,
  "exp_name": "batch_512_seed123",
  "hidden_dim": 128,
  "num_layers": 4,
  "conditioning": "concat"
}