{
  "hypervolume": 0.964556467111683,
  "r2_indicator": -0.24151304496381315,
  "avg_pairwise_distance": 0.0004140489801226624,
  "spacing": 0.005003792233765125,
  "spread": 1.3882018862768508,
  "tds": 0.35379830046496713,
  "mpd": 2.6491586832740186,
  "mce": 0.0,
  "num_modes": 1,
  "pmd": 0.0,
  "pfs": 1.0796506707931527e-16,
  "pas": 0.0004140489801226624,
  "rbd": 0.35379830046494504,
  "fci": 0.4809309054154107,
  "qds": 0.3987099761155471,
  "der": 0.002746832138787876,
  "num_parameters": 68103,
  "training_time": 7968.119826,
  "final_loss": -0.1614290177822113,
  "seed": 42,
  "exp_name": "low_subtb_entropy_seed42",
  "condition_name": "low_subtb_entropy"
}