{
  "loss": [
    225.9305877685547,
    0.00261843204498291,
    -0.012278079986572266,
    -0.13884735107421875,
    -0.16847188770771027,
    -0.11739801615476608,
    -0.181533083319664,
    -0.1614290177822113
  ],
  "base_loss": [
    220.05023193359375,
    0.24294576048851013,
    0.06104664131999016,
    0.02010858990252018,
    0.01879427395761013,
    0.02703549712896347,
    0.020252658054232597,
    0.017939098179340363
  ],
  "reg_term": [
    5.8803558349609375,
    -0.24032732844352722,
    -0.07332472130656242,
    -0.15895594097673893,
    -0.1872661616653204,
    -0.14443351328372955,
    -0.2017857413738966,
    -0.17936811596155167
  ],
  "log_Z": [
    -0.0010000000474974513,
    -0.02204234153032303,
    -0.020020781084895134,
    -0.018451547250151634,
    -0.0172208733856678,
    -0.01651265099644661,
    -0.01836988516151905,
    -0.020607639104127884
  ],
  "iteration": [
    1,
    501,
    1001,
    1501,
    2001,
    2501,
    3001,
    3501
  ]
}