{
  "hypervolume": 1.181338715910031,
  "r2_indicator": -0.2689766610414166,
  "avg_pairwise_distance": 0.1022076480053909,
  "spacing": 0.13671749830245972,
  "spread": 1.787471618433782,
  "tds": 0.42815669011707197,
  "mpd": 1.1603558828453664,
  "mce": 0.0958537582713459,
  "num_modes": 2,
  "pmd": 0.0,
  "pfs": 0.033257866845018025,
  "pas": 0.1022076480053909,
  "rbd": 0.4283011063011092,
  "fci": 0.4026968125650854,
  "qds": 0.5159925650584174,
  "der": 2.32636326762815,
  "num_parameters": 68103,
  "training_time": 2322.427257,
  "final_loss": 0.0012686788104474545,
  "seed": 456,
  "exp_name": "on_policy_pure_seed456",
  "hidden_dim": 128,
  "num_layers": 4,
  "conditioning": "concat",
  "pfs_metadata": {
    "recalculated": true,
    "recalculation_date": "2025-12-01T16:18:55.509954",
    "old_value": 2.2671922247096457e-13,
    "method": "extended_pfs_with_manifold_projection"
  }
}