{
  "hypervolume": 1.4636607700000006,
  "r2_indicator": -0.0646003730159356,
  "avg_pairwise_distance": 0.31027567234222725,
  "spacing": 0.0008367542759515345,
  "spread": 0.4078443490294801,
  "tds": 0.646439393939394,
  "mpd": 0.6931471805599453,
  "mce": 0.5766564416714866,
  "num_modes": 138,
  "pmd": 0.0,
  "pfs": 0.0,
  "pas": 0.31027567234222725,
  "rbd": 0.646439393939394,
  "fci": 0.3925363693864643,
  "qds": 0.5705171982595971,
  "der": 2.3313267807651297,
  "num_parameters": 70923,
  "training_time": 6755.538538,
  "final_loss": 0.15142643451690674,
  "seed": 486,
  "exp_name": "high_tb_seed486",
  "condition_name": "high_tb"
}