{
  "loss": [
    104.42227172851562,
    5.626354694366455,
    5.357373237609863,
    0.9000957608222961,
    2.7514877319335938,
    0.7269562482833862,
    0.3221499025821686,
    0.3791984021663666,
    0.20080628991127014,
    0.8161247968673706,
    0.2580941915512085,
    0.2992146611213684,
    0.6113817691802979,
    0.1818421483039856,
    0.10341528058052063,
    0.15142643451690674
  ],
  "base_loss": [
    104.42227172851562,
    5.626354694366455,
    5.357373237609863,
    0.9000957608222961,
    2.7514877319335938,
    0.7269562482833862,
    0.3221499025821686,
    0.3791984021663666,
    0.20080628991127014,
    0.8161247968673706,
    0.2580941915512085,
    0.2992146611213684,
    0.6113817691802979,
    0.1818421483039856,
    0.10341528058052063,
    0.15142643451690674
  ],
  "reg_term": [
    0.0,
    0.0,
    0.0,
    0.0,
    0.0,
    0.0,
    0.0,
    0.0,
    0.0,
    0.0,
    0.0,
    0.0,
    0.0,
    0.0,
    0.0,
    0.0
  ],
  "log_Z": [
    -0.0009999999310821295,
    -0.024559183046221733,
    -0.04247143119573593,
    -0.053368210792541504,
    -0.06124722957611084,
    -0.07030130177736282,
    -0.0795070081949234,
    -0.08748960494995117,
    -0.09927014261484146,
    -0.10868877172470093,
    -0.11837983131408691,
    -0.12920565903186798,
    -0.1390969604253769,
    -0.14953742921352386,
    -0.15742947161197662,
    -0.16710807383060455
  ],
  "iteration": [
    1,
    501,
    1001,
    1501,
    2001,
    2501,
    3001,
    3501,
    4001,
    4501,
    5001,
    5501,
    6001,
    6501,
    7001,
    7501
  ]
}