{
  "hypervolume": 1.1692031143482569,
  "r2_indicator": -0.26760264067453415,
  "avg_pairwise_distance": 0.6501232124505141,
  "spacing": 0.16364970803260803,
  "spread": 1.7818958867738226,
  "tds": 0.36211633681550376,
  "mpd": 0.985967372080739,
  "mce": 0.47627967935782534,
  "num_modes": 11,
  "pmd": 0.0,
  "pfs": 0.0,
  "pas": 0.6501232124505141,
  "rbd": 0.36105350990200247,
  "fci": 0.5243083900226759,
  "qds": 0.6920992973933272,
  "der": 4107.324526209025,
  "num_parameters": 9863,
  "training_time": 57.773692,
  "final_loss": 15.592267036437988,
  "seed": 123,
  "exp_name": "temp_medium_seed123",
  "hidden_dim": 64,
  "num_layers": 3,
  "conditioning": "film"
}