{
  "loss": [
    12.72298812866211,
    0.018228547647595406,
    0.005429230630397797,
    0.006965214852243662,
    0.004442387260496616,
    0.009911459870636463,
    0.011967705562710762,
    0.003790784627199173
  ],
  "log_Z": [
    -0.0009999999310821295,
    -0.022154316306114197,
    -0.026992199942469597,
    -0.03368930518627167,
    -0.0405263788998127,
    -0.048423100262880325,
    -0.05534665659070015,
    -0.062459539622068405
  ],
  "iteration": [
    1,
    501,
    1001,
    1501,
    2001,
    2501,
    3001,
    3501
  ]
}