{
  "loss": [
    15.592267036437988
  ],
  "log_Z": [
    -0.0009999999310821295
  ],
  "iteration": [
    1
  ]
}