{
  "hypervolume": 1.191023156032264,
  "r2_indicator": -0.27010749323730066,
  "avg_pairwise_distance": 0.49113861920697444,
  "spacing": 0.1769612580537796,
  "spread": 1.4820186627145666,
  "tds": 0.5237120281480807,
  "mpd": 1.0098137035875243,
  "mce": 0.5234195462451766,
  "num_modes": 49,
  "pmd": 0.0,
  "pfs": 0.10267260534364843,
  "pas": 0.49113861920697444,
  "rbd": 0.5267283608647286,
  "fci": 0.3994893099068586,
  "qds": 0.6409997137630127,
  "der": 10.603475121433695,
  "num_parameters": 68103,
  "training_time": 2448.454966,
  "final_loss": -0.060850635170936584,
  "seed": 486,
  "exp_name": "reward_shaping_diversity_seed486",
  "capacity": "medium",
  "hidden_dim": 128,
  "num_layers": 4,
  "pfs_metadata": {
    "recalculated": true,
    "recalculation_date": "2025-12-01T16:15:19.468526",
    "old_value": 0.0008659479816890302,
    "method": "extended_pfs_with_manifold_projection"
  }
}