{
  "loss": [
    12.107508659362793,
    -0.06471893191337585,
    -0.05885349214076996,
    -0.06278802454471588,
    -0.060684382915496826,
    -0.05540424957871437,
    -0.053646307438611984,
    -0.060850635170936584
  ],
  "base_loss": [
    12.613119125366211,
    0.008351537398993969,
    0.00886573363095522,
    0.0019044263754040003,
    0.0014103094581514597,
    0.0031648464500904083,
    0.006509529892355204,
    0.0014268229715526104
  ],
  "reg_term": [
    -0.505610466003418,
    -0.07307046931236982,
    -0.06771922577172518,
    -0.06469245092011988,
    -0.062094692373648286,
    -0.05856909602880478,
    -0.06015583733096719,
    -0.062277458142489195
  ],
  "log_Z": [
    -0.0010000000474974513,
    -0.026595983654260635,
    -0.025537045672535896,
    -0.024802690371870995,
    -0.02343161031603813,
    -0.023043321445584297,
    -0.024913202971220016,
    -0.028817208483815193
  ],
  "iteration": [
    1,
    501,
    1001,
    1501,
    2001,
    2501,
    3001,
    3501
  ]
}