hypervolume,r2_indicator,avg_pairwise_distance,spacing,spread,tds,mpd,mce,num_modes,pmd,pfs,pas,rbd,fci,qds,der,num_parameters,training_time,final_loss,seed,exp_name,hidden_dim,num_layers,conditioning
1.1692031143482569,-0.26773308338883395,0.10713751975716732,0.08228901028633118,1.778808056275423,0.410655815018932,1.609037592092357,0.20711613531595321,2,0.0,1.4042972326232344e-11,0.10713751975716732,0.4107003367003402,0.43511190097332153,0.5175770858520816,531.8605714080451,9863,73.525377,14.427350044250488,42,temp_low_seed42,64,3,film
1.1692031143482569,-0.26760264067453415,0.6501232124505141,0.16364970803260803,1.7818958867738226,0.36211633681550376,0.985967372080739,0.47627967935782534,11,0.0,0.0,0.6501232124505141,0.36105350990200247,0.5243083900226759,0.6920992973933272,4182.015678079968,9863,56.741849,15.592267036437988,123,temp_low_seed123,64,3,film
1.1692031143482569,-0.26773308338883395,0.10206700444050872,0.16808642446994781,1.7859192418776169,0.4246564268391269,1.690393192201014,0.14421995542994523,3,0.0,0.0,0.10206700444050872,0.42470196918682696,0.44765475811584987,0.5159473605045727,515.8164932220349,9863,72.224345,12.544815063476562,456,temp_low_seed456,64,3,film
1.1692031143482569,-0.2680909681331855,0.07535396086524601,0.11226518452167511,1.756931416779215,0.3888190700125674,1.4042167928578282,0.1647529675626298,2,0.0,0.0,0.07535396086524601,0.38870707070707544,0.48483382116891716,0.5073614631144818,370.8432766882553,9863,74.166732,16.987804412841797,789,temp_low_seed789,64,3,film
1.1692031143482569,-0.26859282999952333,0.11633931422179296,0.08781019598245621,1.7909960859818408,0.2746898597626753,1.1246364500091401,0.22977710375446295,2,0.0,0.0,0.11633931422179296,0.27499265381083965,0.5707133917396747,0.5205346546089096,516.6156220355549,9863,82.196331,14.738520622253418,1011,temp_low_seed1011,64,3,film
