{
  "hypervolume": 0.1099999814460865,
  "r2_indicator": -0.04536363568894863,
  "avg_pairwise_distance": 0.0,
  "spacing": 0.0,
  "spread": 1.0,
  "tds": 0.0901010101010101,
  "mpd": 1.6094379124341003,
  "mce": 0.0,
  "num_modes": 1,
  "pmd": 0.0,
  "pfs": 0.0,
  "pas": 0.0,
  "rbd": 0.09010101010101056,
  "fci": 0.5652772177419356,
  "qds": 0.04545453778763904,
  "der": 0.0,
  "num_parameters": 519,
  "training_time": 4333.55101,
  "final_loss": 0.12608031928539276,
  "seed": 375,
  "exp_name": "small_low_seed375",
  "condition_name": "small_low"
}