{
  "loss": [
    231.60946655273438,
    13.763769149780273,
    0.21797873079776764,
    0.22806662321090698,
    0.2637511193752289,
    0.09152549505233765,
    0.009523190557956696,
    0.12608031928539276
  ],
  "base_loss": [
    243.7548065185547,
    16.8122615814209,
    0.33514949679374695,
    0.2944266200065613,
    0.2167116403579712,
    0.130985826253891,
    0.08245588839054108,
    0.16696394979953766
  ],
  "reg_term": [
    -12.145339965820312,
    -3.048492431640625,
    -0.11717076599597931,
    -0.0663599967956543,
    0.04703947901725769,
    -0.039460331201553345,
    -0.07293269783258438,
    -0.0408836305141449
  ],
  "log_Z": [
    -0.0009999999310821295,
    -0.11402572691440582,
    -0.13736282289028168,
    -0.14248962700366974,
    -0.14499446749687195,
    -0.14788907766342163,
    -0.15188392996788025,
    -0.1576249897480011
  ],
  "iteration": [
    1,
    501,
    1001,
    1501,
    2001,
    2501,
    3001,
    3501
  ]
}