{
  "hypervolume": 0.08801260031759739,
  "r2_indicator": -0.27006888622816916,
  "avg_pairwise_distance": 0.4659173435834597,
  "spacing": 0.18423230946063995,
  "spread": 1.5744382092831903,
  "tds": 0.5407735154717414,
  "mpd": 0.9085413084994173,
  "mce": 0.37850954566356987,
  "num_modes": 7,
  "pmd": 0.0,
  "pfs": 0.023467768482862528,
  "pas": 0.4659173435834597,
  "rbd": 0.5414150692181127,
  "fci": 0.43498222748815163,
  "qds": 0.6328932887523026,
  "der": 12.955038927923887,
  "num_parameters": 68103,
  "training_time": 1901.106349,
  "final_loss": 0.0008996764081530273,
  "seed": 375,
  "exp_name": "subtrajectory_balance_09_seed375",
  "capacity": "medium",
  "hidden_dim": 128,
  "num_layers": 4,
  "num_unique_solutions": 59
}