{
  "loss": [
    11.845199584960938,
    0.007942053489387035,
    0.005073719657957554,
    0.0014083574060350657,
    0.0031410951633006334,
    0.0009161496418528259,
    0.0018099863082170486,
    0.0008996764081530273
  ],
  "base_loss": [
    11.15261173248291,
    0.0062403930351138115,
    0.006210959516465664,
    0.001108252676203847,
    0.002470283769071102,
    0.0008654652046971023,
    0.0016896800370886922,
    0.0008033573976717889
  ],
  "reg_term": [
    0.6925878524780273,
    0.0017016604542732239,
    -0.00113723985850811,
    0.0003001047298312187,
    0.0006708113942295313,
    5.068443715572357e-05,
    0.00012030627112835646,
    9.631901048123837e-05
  ],
  "log_Z": [
    -0.0009999999310821295,
    -0.026556065306067467,
    -0.025130916386842728,
    -0.02400285005569458,
    -0.023249246180057526,
    -0.022152064368128777,
    -0.021922508254647255,
    -0.020311890169978142
  ],
  "iteration": [
    1,
    501,
    1001,
    1501,
    2001,
    2501,
    3001,
    3501
  ]
}