{
  "hypervolume": 1.4641000000000006,
  "r2_indicator": -0.07590025447924478,
  "avg_pairwise_distance": 0.2671176127479299,
  "spacing": 0.0005917040398344398,
  "spread": 0.405511158859656,
  "tds": 0.6708838383838384,
  "mpd": 0.6931471805599453,
  "mce": 0.5528682251161631,
  "num_modes": 80,
  "pmd": 0.0,
  "pfs": 0.6546361260303196,
  "pas": 0.2671176127479299,
  "rbd": 0.6708838383838384,
  "fci": 0.3837520729684909,
  "qds": 0.5607085483518023,
  "der": 1.8082955316407063,
  "num_parameters": 70923,
  "training_time": 7498.05322,
  "final_loss": 0.18124663829803467,
  "seed": 375,
  "exp_name": "medium_low_seed375",
  "condition_name": "medium_low",
  "pfs_metadata": {
    "recalculated": true,
    "recalculation_date": "2025-12-02T00:00:31.037231",
    "old_value": 0.0,
    "method": "extended_pfs_with_manifold_projection"
  }
}