{
  "loss": [
    67.03482818603516,
    2.0708155632019043,
    2.2875282764434814,
    2.305694580078125,
    1.2657983303070068,
    1.124852180480957,
    1.098954677581787,
    0.38944539427757263,
    0.21192854642868042,
    0.3428138494491577,
    0.11394133418798447,
    1.0268337726593018,
    0.3142247200012207,
    0.5485810041427612,
    0.5902644991874695,
    0.18124663829803467
  ],
  "base_loss": [
    66.46493530273438,
    1.9897983074188232,
    2.2524609565734863,
    1.0808875560760498,
    1.70058012008667,
    1.5644391775131226,
    1.0701533555984497,
    0.4038047790527344,
    0.3512009382247925,
    0.39206916093826294,
    1.1896034479141235,
    0.6858663558959961,
    0.4226812422275543,
    0.28453874588012695,
    0.5672615170478821,
    0.4382663369178772
  ],
  "reg_term": [
    0.5698928833007812,
    0.08101725578308105,
    0.03506731986999512,
    1.2248070240020752,
    -0.4347817897796631,
    -0.4395869970321655,
    0.028801321983337402,
    -0.014359384775161743,
    -0.13927239179611206,
    -0.049255311489105225,
    -1.075662113726139,
    0.34096741676330566,
    -0.10845652222633362,
    0.2640422582626343,
    0.023002982139587402,
    -0.25701969861984253
  ],
  "log_Z": [
    -0.0009999999310821295,
    -0.023572275415062904,
    -0.0248218085616827,
    -0.01951586827635765,
    -0.01639905385673046,
    -0.020484400913119316,
    -0.03617030754685402,
    -0.041505105793476105,
    -0.04118040204048157,
    -0.041588835418224335,
    -0.04436071589589119,
    -0.04680534452199936,
    -0.033079538494348526,
    -0.034084025770425797,
    -0.029308756813406944,
    -0.030062593519687653
  ],
  "iteration": [
    1,
    501,
    1001,
    1501,
    2001,
    2501,
    3001,
    3501,
    4001,
    4501,
    5001,
    5501,
    6001,
    6501,
    7001,
    7501
  ]
}