{
  "hypervolume": 1.4641000000000006,
  "r2_indicator": -0.07759036533851421,
  "avg_pairwise_distance": 0.26142787318082744,
  "spacing": 0.0014284998178482056,
  "spread": 0.40800158222085586,
  "tds": 0.6741919191919192,
  "mpd": 0.6931471805599453,
  "mce": 0.5585789572389931,
  "num_modes": 68,
  "pmd": 0.0,
  "pfs": 0.8030555753986315,
  "pas": 0.26142787318082744,
  "rbd": 0.6741919191919192,
  "fci": 0.3720588828392821,
  "qds": 0.5594154257229154,
  "der": 1.7884059567940365,
  "num_parameters": 70923,
  "training_time": 7419.953525,
  "final_loss": 0.28619125485420227,
  "seed": 264,
  "exp_name": "low_subtb_entropy_seed264",
  "condition_name": "low_subtb_entropy",
  "pfs_metadata": {
    "recalculated": true,
    "recalculation_date": "2025-12-02T00:01:59.632442",
    "old_value": 0.0,
    "method": "extended_pfs_with_manifold_projection"
  }
}