{
  "loss": [
    63.54569625854492,
    4.862557411193848,
    0.729144275188446,
    2.559798240661621,
    1.0077522993087769,
    1.0649833679199219,
    1.5136526823043823,
    2.2827720642089844,
    2.4532315731048584,
    0.42471861839294434,
    0.3825986385345459,
    0.5232935547828674,
    1.185611367225647,
    0.37021633982658386,
    0.25777724385261536,
    0.28619125485420227
  ],
  "base_loss": [
    72.39427947998047,
    4.976827621459961,
    1.5919946432113647,
    2.6189370155334473,
    1.3602849245071411,
    0.3711015582084656,
    2.219536542892456,
    1.380334496498108,
    2.408268451690674,
    0.39700430631637573,
    0.3047180473804474,
    0.6170547008514404,
    0.9116761684417725,
    0.33168113231658936,
    0.3048734664916992,
    0.2333787977695465
  ],
  "reg_term": [
    -8.848583221435547,
    -0.11427021026611328,
    -0.8628503680229187,
    -0.05913877487182617,
    -0.35253262519836426,
    0.6938818097114563,
    -0.7058838605880737,
    0.9024375677108765,
    0.04496312141418457,
    0.027714312076568604,
    0.07788059115409851,
    -0.093761146068573,
    0.2739351987838745,
    0.03853520750999451,
    -0.04709622263908386,
    0.05281245708465576
  ],
  "log_Z": [
    -0.0009999998146668077,
    -0.024243414402008057,
    -0.02794044092297554,
    -0.033927638083696365,
    -0.04176519066095352,
    -0.04078325629234314,
    -0.039756763726472855,
    -0.047233328223228455,
    -0.04583925008773804,
    -0.046952031552791595,
    -0.04141522943973541,
    -0.03579847887158394,
    -0.0355355367064476,
    -0.029300983995199203,
    -0.03518231213092804,
    -0.03334544226527214
  ],
  "iteration": [
    1,
    501,
    1001,
    1501,
    2001,
    2501,
    3001,
    3501,
    4001,
    4501,
    5001,
    5501,
    6001,
    6501,
    7001,
    7501
  ]
}