{
  "hypervolume": 1.1692031143482569,
  "r2_indicator": -0.26773308338883395,
  "avg_pairwise_distance": 0.06639102448843867,
  "spacing": 0.11350926756858826,
  "spread": 1.7169297314282375,
  "tds": 0.3903825431034483,
  "mpd": 1.660947433286918,
  "mce": 0.15501658899315113,
  "num_modes": 2,
  "pmd": 0.0,
  "pfs": 3.900212198683251e-12,
  "pas": 0.0,
  "rbd": 0.390412846412849,
  "fci": 0.41786216596343184,
  "qds": 0.5044806662547617,
  "der": 0.1449739095623982,
  "num_parameters": 267271,
  "training_time": 6168.366668,
  "final_loss": 0.07720060646533966,
  "seed": 456,
  "exp_name": "xlarge_concat_seed456",
  "capacity": "xlarge",
  "hidden_dim": 256,
  "num_layers": 4,
  "conditioning": "concat",
  "alpha": 1.5,
  "preference_sampling": "dirichlet",
  "loss": "trajectory_balance"
}