{
  "loss": [
    12.651960372924805,
    0.020286738872528076,
    0.006458721123635769,
    0.015157759189605713,
    0.013364013284444809,
    0.010356870479881763,
    0.0004716056864708662,
    0.07720060646533966
  ],
  "log_Z": [
    -0.0009999999310821295,
    -0.019374987110495567,
    -0.02673065848648548,
    -0.03528234362602234,
    -0.044218942523002625,
    -0.052834652364254,
    -0.061853814870119095,
    -0.06861130893230438
  ],
  "iteration": [
    1,
    501,
    1001,
    1501,
    2001,
    2501,
    3001,
    3501
  ]
}