{
  "hypervolume": 1.2099997972135246,
  "r2_indicator": -0.27222219941107134,
  "avg_pairwise_distance": 0.0014129786959294318,
  "spacing": 0.02519574761390686,
  "spread": 1.6232660947646205,
  "tds": 0.01769119769119769,
  "mpd": 0.6931471805599453,
  "mce": 0.004500205972584393,
  "num_modes": 2,
  "pmd": 0.0,
  "pfs": 0.0,
  "pas": 0.0014129786959294318,
  "rbd": 0.01769119769119832,
  "fci": 0.537822646103896,
  "qds": 0.5004540640801556,
  "der": 3.5594227965795664,
  "num_parameters": 519,
  "training_time": 2753.538665,
  "final_loss": 0.1846439689397812,
  "seed": 486,
  "exp_name": "small_subtb_seed486",
  "condition_name": "small_subtb"
}