{
  "loss": [
    236.28317260742188,
    19.668392181396484,
    1.9407901763916016,
    0.24629947543144226,
    0.12859581410884857,
    0.27215832471847534,
    0.11795079708099365,
    0.1846439689397812
  ],
  "base_loss": [
    243.587158203125,
    20.636585235595703,
    1.2247061729431152,
    0.26132932305336,
    0.24444860219955444,
    0.1979018747806549,
    0.07185299694538116,
    0.11693163961172104
  ],
  "reg_term": [
    -7.303985595703125,
    -0.9681930541992188,
    0.7160840034484863,
    -0.015029847621917725,
    -0.11585278809070587,
    0.07425644993782043,
    0.04609780013561249,
    0.06771232932806015
  ],
  "log_Z": [
    -0.0009999998146668077,
    -0.1378803849220276,
    -0.16781868040561676,
    -0.17642703652381897,
    -0.18049708008766174,
    -0.181805819272995,
    -0.18252070248126984,
    -0.18233045935630798
  ],
  "iteration": [
    1,
    501,
    1001,
    1501,
    2001,
    2501,
    3001,
    3501
  ]
}