{
  "loss": [
    242.0951690673828,
    24.0704345703125,
    1.1705726385116577,
    0.2606160342693329,
    0.5358904600143433,
    0.1588241010904312,
    0.057175662368535995,
    0.13903534412384033
  ],
  "base_loss": [
    250.11277770996094,
    23.14759635925293,
    0.360044926404953,
    0.08644302189350128,
    0.614848256111145,
    0.3858121633529663,
    0.08755920827388763,
    0.08417758345603943
  ],
  "reg_term": [
    -8.017608642578125,
    0.9228382110595703,
    0.8105277121067047,
    0.1741730123758316,
    -0.07895779609680176,
    -0.2269880622625351,
    -0.03038354590535164,
    0.0548577606678009
  ],
  "log_Z": [
    -0.0009999999310821295,
    -0.11830808967351913,
    -0.1528017371892929,
    -0.16019126772880554,
    -0.16485188901424408,
    -0.16794908046722412,
    -0.1694568395614624,
    -0.17114996910095215
  ],
  "iteration": [
    1,
    501,
    1001,
    1501,
    2001,
    2501,
    3001,
    3501
  ]
}