{
  "hypervolume": 1.2099998768421116,
  "r2_indicator": -0.27222220836837346,
  "avg_pairwise_distance": 0.40456541568509813,
  "spacing": 0.17629940807819366,
  "spread": 1.6477415464181966,
  "tds": 0.4801839854797747,
  "mpd": 0.8593962442156123,
  "mce": 0.17225038688673058,
  "num_modes": 24,
  "pmd": 0.0,
  "pfs": 2.126761176007026e-09,
  "pas": 0.40456541568509813,
  "rbd": 0.48789653753864365,
  "fci": 0.5759462906540072,
  "qds": 0.6300321650105754,
  "der": 29.39982456400881,
  "num_parameters": 9351,
  "training_time": 5297.713393,
  "final_loss": 0.3495357036590576,
  "seed": 153,
  "exp_name": "medium_veryhigh_seed153",
  "condition_name": "medium_veryhigh"
}