{
  "loss": [
    224.02012634277344,
    0.5381858944892883,
    0.18910013139247894,
    0.8089789748191833,
    0.2606329023838043,
    0.7115934491157532,
    0.2615991532802582,
    0.3495357036590576
  ],
  "base_loss": [
    219.22830200195312,
    0.414511501789093,
    0.37944453954696655,
    0.49447882175445557,
    0.20863021910190582,
    0.5844074487686157,
    0.3896344006061554,
    0.1742011159658432
  ],
  "reg_term": [
    4.7918243408203125,
    0.12367439270019531,
    -0.1903444081544876,
    0.3145001530647278,
    0.0520026832818985,
    0.12718600034713745,
    -0.12803524732589722,
    0.17533458769321442
  ],
  "log_Z": [
    -0.0009999999310821295,
    -0.053072649985551834,
    -0.05451986566185951,
    -0.055529892444610596,
    -0.05720679089426994,
    -0.05977526679635048,
    -0.06195412948727608,
    -0.06297922134399414
  ],
  "iteration": [
    1,
    501,
    1001,
    1501,
    2001,
    2501,
    3001,
    3501
  ]
}