{
  "hypervolume": 1.4641000000000006,
  "r2_indicator": -0.07028279757740775,
  "avg_pairwise_distance": 0.21644366794123177,
  "spacing": 0.0010247590253129601,
  "spread": 0.5041758988958013,
  "tds": 0.5349747474747475,
  "mpd": 0.6931471805599453,
  "mce": 0.42800381485575106,
  "num_modes": 78,
  "pmd": 0.0,
  "pfs": 0.0,
  "pas": 0.21644366794123177,
  "rbd": 0.5349747474747475,
  "fci": 0.39466837278737454,
  "qds": 0.5491917427139164,
  "der": 110.70877976709025,
  "num_parameters": 2443,
  "training_time": 2880.99069,
  "final_loss": 3.1218318939208984,
  "seed": 42,
  "exp_name": "small_subtb_entropy_seed42",
  "condition_name": "small_subtb_entropy"
}