{
  "hypervolume": 1.4641000000000006,
  "r2_indicator": -0.07028279757740775,
  "avg_pairwise_distance": 0.2819640399982578,
  "spacing": 1.1820857181987776e-08,
  "spread": 0.4078105490691078,
  "tds": 0.6318939393939393,
  "mpd": 0.6931471805599453,
  "mce": 0.5679959766661692,
  "num_modes": 79,
  "pmd": 0.0,
  "pfs": 0.8658696010781347,
  "pas": 0.2819640399982578,
  "rbd": 0.6318939393939393,
  "fci": 0.373551912568306,
  "qds": 0.5640827363632404,
  "der": 99.60032508161119,
  "num_parameters": 2443,
  "training_time": 4171.689751,
  "final_loss": 0.6483539938926697,
  "seed": 42,
  "exp_name": "small_subtb_entropy_seed42",
  "condition_name": "small_subtb_entropy",
  "pfs_metadata": {
    "recalculated": true,
    "recalculation_date": "2025-12-01T23:59:02.164741",
    "old_value": 0.0,
    "method": "extended_pfs_with_manifold_projection"
  }
}