{
  "loss": [
    244.0416717529297,
    5.185704231262207,
    3.9876348972320557,
    4.3932600021362305,
    3.594768762588501,
    3.3048598766326904,
    1.555719256401062,
    1.5839637517929077,
    1.5260673761367798,
    2.610555410385132,
    2.4733643531799316,
    1.6200032234191895,
    0.9433803558349609,
    1.6155623197555542,
    2.7863893508911133,
    3.1218318939208984
  ],
  "base_loss": [
    230.67410278320312,
    3.0402863025665283,
    4.155144691467285,
    1.0853391885757446,
    3.3312156200408936,
    3.7132978439331055,
    1.7514561414718628,
    2.9546291828155518,
    3.542588233947754,
    1.9748157262802124,
    1.1309937238693237,
    1.377516508102417,
    2.110006332397461,
    2.158900260925293,
    3.885920763015747,
    2.654355049133301
  ],
  "reg_term": [
    13.367568969726562,
    2.1454179286956787,
    -0.1675097942352295,
    3.307920813560486,
    0.2635531425476074,
    -0.40843796730041504,
    -0.19573688507080078,
    -1.370665431022644,
    -2.016520857810974,
    0.6357396841049194,
    1.342370629310608,
    0.24248671531677246,
    -1.1666259765625,
    -0.5433379411697388,
    -1.0995314121246338,
    0.46747684478759766
  ],
  "log_Z": [
    -0.0009999999310821295,
    -0.09033521264791489,
    -0.07158937305212021,
    -0.01827811636030674,
    -0.0005434469785541296,
    0.02616117335855961,
    0.035579606890678406,
    0.050713881850242615,
    0.05984118953347206,
    0.0649924948811531,
    0.06273660063743591,
    0.06663355231285095,
    0.07088480144739151,
    0.0630507618188858,
    0.06662967056035995,
    0.0648636519908905
  ],
  "iteration": [
    1,
    501,
    1001,
    1501,
    2001,
    2501,
    3001,
    3501,
    4001,
    4501,
    5001,
    5501,
    6001,
    6501,
    7001,
    7501
  ]
}