{
  "loss": [
    207.65872192382812,
    4.538567543029785,
    8.994037628173828,
    5.838161945343018,
    4.593602657318115,
    4.501179218292236,
    4.341441631317139,
    4.861500263214111,
    2.6603682041168213,
    2.733325481414795,
    3.6423215866088867,
    5.1384992599487305,
    1.2978007793426514,
    4.4268059730529785,
    3.0999696254730225,
    0.6483539938926697
  ],
  "base_loss": [
    198.39169311523438,
    6.766534328460693,
    8.414905548095703,
    7.70723819732666,
    3.9118106365203857,
    4.965140342712402,
    2.1656041145324707,
    4.305432319641113,
    3.993223190307617,
    2.54655122756958,
    3.043882131576538,
    3.002812623977661,
    1.064354419708252,
    2.597590684890747,
    2.8668644428253174,
    2.3906872272491455
  ],
  "reg_term": [
    9.26702880859375,
    -2.227966785430908,
    0.579132080078125,
    -1.8690762519836426,
    0.6817920207977295,
    -0.463961124420166,
    2.175837516784668,
    0.556067943572998,
    -1.332854986190796,
    0.18677425384521484,
    0.5984394550323486,
    2.1356866359710693,
    0.23344635963439941,
    1.8292152881622314,
    0.23310518264770508,
    -1.7423332333564758
  ],
  "log_Z": [
    -0.0009999998146668077,
    -0.08733227103948593,
    -0.06066439300775528,
    -0.028521081432700157,
    -0.019284795969724655,
    -0.027952807024121284,
    -0.022428952157497406,
    -0.03339098393917084,
    -0.03603815659880638,
    -0.03424527868628502,
    -0.027262967079877853,
    -0.024850329384207726,
    -0.028917022049427032,
    -0.025784699246287346,
    -0.02578018233180046,
    -0.027433115988969803
  ],
  "iteration": [
    1,
    501,
    1001,
    1501,
    2001,
    2501,
    3001,
    3501,
    4001,
    4501,
    5001,
    5501,
    6001,
    6501,
    7001,
    7501
  ]
}