{
  "hypervolume": 1.4641000000000006,
  "r2_indicator": -0.0646003730159356,
  "avg_pairwise_distance": 0.2675058021668521,
  "spacing": 1.2466315091330671e-08,
  "spread": 0.41673503768412784,
  "tds": 0.6618939393939394,
  "mpd": 0.6931471805599453,
  "mce": 0.5519434445452516,
  "num_modes": 82,
  "pmd": 0.0,
  "pfs": 0.0,
  "pas": 0.2675058021668521,
  "rbd": 0.6618939393939394,
  "fci": 0.38486475239284235,
  "qds": 0.5607967732197391,
  "der": 1.7723247251676237,
  "num_parameters": 70923,
  "training_time": 7661.350177,
  "final_loss": 0.1783766895532608,
  "seed": 486,
  "exp_name": "medium_low_seed486",
  "condition_name": "medium_low"
}