{
  "loss": [
    63.89560317993164,
    2.7269656658172607,
    5.68846321105957,
    1.2530354261398315,
    3.124908685684204,
    0.9426427483558655,
    0.7117516994476318,
    1.5792334079742432,
    0.9646017551422119,
    3.0480422973632812,
    0.8765394687652588,
    1.2925288677215576,
    0.6860143542289734,
    0.2196017950773239,
    0.5613996386528015,
    0.1783766895532608
  ],
  "base_loss": [
    59.665252685546875,
    1.9073855876922607,
    5.867591857910156,
    0.7567786574363708,
    3.309274911880493,
    2.4001729488372803,
    0.322578102350235,
    1.3122611045837402,
    3.647865056991577,
    3.6555087566375732,
    1.129483699798584,
    0.44403475522994995,
    2.1267268657684326,
    0.425905704498291,
    0.9992138743400574,
    0.6678446531295776
  ],
  "reg_term": [
    4.230350494384766,
    0.819580078125,
    -0.17912864685058594,
    0.4962567687034607,
    -0.18436622619628906,
    -1.4575302004814148,
    0.38917359709739685,
    0.26697230339050293,
    -2.6832633018493652,
    -0.607466459274292,
    -0.2529442310333252,
    0.8484941124916077,
    -1.4407125115394592,
    -0.2063039094209671,
    -0.43781423568725586,
    -0.48946796357631683
  ],
  "log_Z": [
    -0.0009999998146668077,
    -0.005275761242955923,
    -0.007850508205592632,
    -0.003064858727157116,
    -0.0012075587874278426,
    0.006160734221339226,
    0.0031815257389098406,
    0.0035653722006827593,
    0.003735526464879513,
    0.006580908317118883,
    0.009396055713295937,
    0.011765237897634506,
    0.009253311902284622,
    0.010840457864105701,
    0.012354440987110138,
    0.01113766897469759
  ],
  "iteration": [
    1,
    501,
    1001,
    1501,
    2001,
    2501,
    3001,
    3501,
    4001,
    4501,
    5001,
    5501,
    6001,
    6501,
    7001,
    7501
  ]
}