{
  "hypervolume": 0.1099999814460865,
  "r2_indicator": -0.04536363568894863,
  "avg_pairwise_distance": 0.0,
  "spacing": 0.0,
  "spread": 1.0,
  "tds": 0.03746673080006414,
  "mpd": 1.0986122886681098,
  "mce": 0.0,
  "num_modes": 1,
  "pmd": 0.0,
  "pfs": 0.0,
  "pas": 0.0,
  "rbd": 0.03746673080006436,
  "fci": 0.5671028645833334,
  "qds": 0.04545453778763904,
  "der": 0.0,
  "num_parameters": 519,
  "training_time": 4499.870397,
  "final_loss": 0.14067810773849487,
  "seed": 486,
  "exp_name": "small_low_seed486",
  "condition_name": "small_low"
}