{
  "loss": [
    242.09539794921875,
    21.85272979736328,
    0.4635710120201111,
    0.18928596377372742,
    0.14129774272441864,
    0.08367954939603806,
    0.07614339888095856,
    0.14067810773849487
  ],
  "base_loss": [
    245.75851440429688,
    23.551166534423828,
    0.5399650931358337,
    0.14908403158187866,
    0.110176220536232,
    0.10443191230297089,
    0.07629694789648056,
    0.054663389921188354
  ],
  "reg_term": [
    -3.663116455078125,
    -1.6984367370605469,
    -0.07639408111572266,
    0.040201932191848755,
    0.031121522188186646,
    -0.02075236290693283,
    -0.00015354901552200317,
    0.08601471781730652
  ],
  "log_Z": [
    -0.0009999999310821295,
    -0.1169864758849144,
    -0.14936602115631104,
    -0.15551628172397614,
    -0.15721991658210754,
    -0.15926676988601685,
    -0.15996100008487701,
    -0.16063612699508667
  ],
  "iteration": [
    1,
    501,
    1001,
    1501,
    2001,
    2501,
    3001,
    3501
  ]
}