{
  "loss": [
    13.812500953674316,
    0.03230315446853638,
    0.006299467291682959,
    0.006164879072457552,
    0.0245056189596653,
    0.008464159443974495,
    0.0037292297929525375,
    0.00550522655248642
  ],
  "log_Z": [
    -0.0009999999310821295,
    -0.024600086733698845,
    -0.028208652511239052,
    -0.03359811380505562,
    -0.039105258882045746,
    -0.04518934339284897,
    -0.049871109426021576,
    -0.05377969518303871
  ],
  "iteration": [
    1,
    501,
    1001,
    1501,
    2001,
    2501,
    3001,
    3501
  ]
}