{
  "hypervolume": 1.1692031143482569,
  "r2_indicator": -0.2689766610414166,
  "avg_pairwise_distance": 0.093825983215717,
  "spacing": 0.13324211537837982,
  "spread": 1.7671642223003008,
  "tds": 0.40646822508021246,
  "mpd": 1.240095951486959,
  "mce": 0.19946342335092612,
  "num_modes": 2,
  "pmd": 0.0,
  "pfs": 2.5533175535567847e-14,
  "pas": 0.093825983215717,
  "rbd": 0.4067359139177362,
  "fci": 0.4374116505264045,
  "qds": 0.5132985959627762,
  "der": 0.5133352364173763,
  "num_parameters": 68103,
  "training_time": 9661.805829,
  "final_loss": 0.007529206573963165,
  "seed": 1011,
  "exp_name": "batch_512_seed1011",
  "hidden_dim": 128,
  "num_layers": 4,
  "conditioning": "concat"
}