{
  "loss": [
    235.3102264404297,
    0.013843759894371033,
    -0.15655505657196045,
    -0.14220300316810608,
    -0.17195811867713928,
    -0.19370818138122559,
    -0.14244964718818665,
    -0.18185922503471375
  ],
  "base_loss": [
    218.64901733398438,
    0.2607349753379822,
    0.014138078317046165,
    0.026572203263640404,
    0.0067502036690711975,
    0.005711367353796959,
    0.022107120603322983,
    0.008967895060777664
  ],
  "reg_term": [
    16.661209106445312,
    -0.24689121544361115,
    -0.17069313488900661,
    -0.16877520643174648,
    -0.17870832234621048,
    -0.19941954873502254,
    -0.16455676779150963,
    -0.1908271200954914
  ],
  "log_Z": [
    -0.0009999998146668077,
    -0.022521458566188812,
    -0.02090378850698471,
    -0.019084090366959572,
    -0.017799435183405876,
    -0.018319828435778618,
    -0.018516890704631805,
    -0.020843172445893288
  ],
  "iteration": [
    1,
    501,
    1001,
    1501,
    2001,
    2501,
    3001,
    3501
  ]
}