{
  "hypervolume": 1.1941006575887376,
  "r2_indicator": -0.2704561490660364,
  "avg_pairwise_distance": 0.5024741164117439,
  "spacing": 0.18624955415725708,
  "spread": 1.5094542567976028,
  "tds": 0.38812041214896625,
  "mpd": 1.9870017798744246,
  "mce": 0.44762840278689386,
  "num_modes": 44,
  "pmd": 0.0,
  "pfs": 0.002761883915914105,
  "pas": 0.5024741164117439,
  "rbd": 0.38810774410775073,
  "fci": 0.4192955099756108,
  "qds": 0.6446430805546552,
  "der": 14.232881392739532,
  "num_parameters": 68103,
  "training_time": 1866.195433,
  "final_loss": 0.007118534296751022,
  "seed": 123,
  "exp_name": "diverse_sampling_seed123",
  "hidden_dim": 128,
  "num_layers": 4,
  "conditioning": "concat"
}