{
  "loss": [
    13.347618103027344,
    0.02967260405421257,
    0.007600646466016769,
    0.008093205280601978,
    0.019624954089522362,
    0.00926266424357891,
    0.0071659269742667675,
    0.007118534296751022
  ],
  "log_Z": [
    -0.0009999999310821295,
    -0.023402348160743713,
    -0.027656162157654762,
    -0.03249702230095863,
    -0.03838205337524414,
    -0.044165078550577164,
    -0.04965057224035263,
    -0.05404680594801903
  ],
  "iteration": [
    1,
    501,
    1001,
    1501,
    2001,
    2501,
    3001,
    3501
  ]
}