{
  "loss": [
    227.9231719970703,
    0.31956082582473755,
    0.05284110829234123,
    0.01096271350979805,
    0.044652074575424194,
    0.050978124141693115,
    0.024791402742266655,
    0.004902950953692198
  ],
  "base_loss": [
    229.04281616210938,
    0.41068917512893677,
    0.022767409682273865,
    0.01720063015818596,
    0.04827948287129402,
    0.06353609263896942,
    0.018849490210413933,
    0.00668024318292737
  ],
  "reg_term": [
    -1.1196441650390625,
    -0.09112834930419922,
    0.030073698610067368,
    -0.006237916648387909,
    -0.0036274082958698273,
    -0.012557968497276306,
    0.005941912531852722,
    -0.0017772922292351723
  ],
  "log_Z": [
    -0.0009999999310821295,
    -0.021809499710798264,
    -0.02134065143764019,
    -0.01912568137049675,
    -0.017668692395091057,
    -0.01567484252154827,
    -0.015983643010258675,
    -0.01561614777892828
  ],
  "iteration": [
    1,
    501,
    1001,
    1501,
    2001,
    2501,
    3001,
    3501
  ]
}