{
  "hypervolume": 1.2099998098309546,
  "r2_indicator": -0.2722222008303874,
  "avg_pairwise_distance": 0.001399159914925371,
  "spacing": 0.02644824981689453,
  "spread": 1.4998999270370637,
  "tds": 0.034805194805194804,
  "mpd": 0.6931471805599453,
  "mce": 0.0,
  "num_modes": 1,
  "pmd": 0.0,
  "pfs": 5.04870841906821e-19,
  "pas": 0.001399159914925371,
  "rbd": 0.03480519480519604,
  "fci": 0.5574781586021504,
  "qds": 0.5004496225557211,
  "der": 3.4911791535068404,
  "num_parameters": 519,
  "training_time": 2779.907605,
  "final_loss": 0.7851346731185913,
  "seed": 375,
  "exp_name": "small_subtb_seed375",
  "condition_name": "small_subtb"
}