{
  "loss": [
    238.36581420898438,
    12.249812126159668,
    0.48907944560050964,
    0.3842848241329193,
    0.2863626182079315,
    0.1324193924665451,
    0.2350006252527237,
    0.11978701502084732
  ],
  "base_loss": [
    235.73837280273438,
    12.282938957214355,
    0.37764355540275574,
    0.6322681903839111,
    0.28379034996032715,
    0.16782231628894806,
    0.2764962911605835,
    0.11304619908332825
  ],
  "reg_term": [
    2.62744140625,
    -0.0331268310546875,
    0.1114358901977539,
    -0.24798336625099182,
    0.00257226824760437,
    -0.035402923822402954,
    -0.0414956659078598,
    0.0067408159375190735
  ],
  "log_Z": [
    -0.0009999999310821295,
    -0.11350809037685394,
    -0.1349414587020874,
    -0.1389675736427307,
    -0.14246322214603424,
    -0.1441466510295868,
    -0.14777907729148865,
    -0.15136635303497314
  ],
  "iteration": [
    1,
    501,
    1001,
    1501,
    2001,
    2501,
    3001,
    3501
  ]
}