{
  "loss": [
    241.25559997558594,
    10.509085655212402,
    0.2986989915370941,
    0.09675538539886475,
    0.13134147226810455,
    0.10941797494888306,
    0.1377878487110138,
    0.7851346731185913
  ],
  "base_loss": [
    234.79034423828125,
    14.289268493652344,
    0.3842540979385376,
    0.10957050323486328,
    0.2028127908706665,
    0.13013163208961487,
    0.10171326994895935,
    0.35663166642189026
  ],
  "reg_term": [
    6.4652557373046875,
    -3.7801828384399414,
    -0.08555510640144348,
    -0.012815117835998535,
    -0.07147131860256195,
    -0.02071365714073181,
    0.03607457876205444,
    0.42850300669670105
  ],
  "log_Z": [
    -0.0009999999310821295,
    -0.11844330281019211,
    -0.13688495755195618,
    -0.14059609174728394,
    -0.14277736842632294,
    -0.14514917135238647,
    -0.1461983621120453,
    -0.14750030636787415
  ],
  "iteration": [
    1,
    501,
    1001,
    1501,
    2001,
    2501,
    3001,
    3501
  ]
}