{
  "hypervolume": 0.10698026161640893,
  "r2_indicator": -0.04525382769514218,
  "avg_pairwise_distance": 0.0,
  "spacing": 0.0,
  "spread": 1.0,
  "tds": 0.3757171717171717,
  "mpd": 4.584967478670572,
  "mce": 0.0,
  "num_modes": 1,
  "pmd": 0.0,
  "pfs": 0.0,
  "pas": 0.0,
  "rbd": 0.37571717171717606,
  "fci": 0.4714087301587302,
  "qds": 0.04420671967620203,
  "der": 0.0,
  "num_parameters": 68103,
  "training_time": 2510.68499,
  "final_loss": 0.010043284855782986,
  "seed": 1011,
  "exp_name": "top_p_seed1011",
  "hidden_dim": 128,
  "num_layers": 4,
  "conditioning": "concat"
}