{
  "loss": [
    13.398948669433594,
    0.0554896742105484,
    0.0066301655024290085,
    0.01819729059934616,
    0.009506531059741974,
    0.0023965733125805855,
    0.004051205236464739,
    0.010043284855782986
  ],
  "log_Z": [
    -0.0009999999310821295,
    -0.023196252062916756,
    -0.027028048411011696,
    -0.033256400376558304,
    -0.03929140418767929,
    -0.0454881489276886,
    -0.050475772470235825,
    -0.05510791018605232
  ],
  "iteration": [
    1,
    501,
    1001,
    1501,
    2001,
    2501,
    3001,
    3501
  ]
}