{
  "hypervolume": 1.2099998017128804,
  "r2_indicator": -0.27222219991719726,
  "avg_pairwise_distance": 0.002411310367395191,
  "spacing": 0.03366834670305252,
  "spread": 1.6329148344775737,
  "tds": 0.11999037999038,
  "mpd": 2.302585092994046,
  "mce": 0.008692969120922645,
  "num_modes": 2,
  "pmd": 0.0,
  "pfs": 0.0,
  "pas": 0.002411310367395191,
  "rbd": 0.11999037999037702,
  "fci": 0.6521310866983372,
  "qds": 0.5007749425687784,
  "der": 0.1526887945224801,
  "num_parameters": 9351,
  "training_time": 6079.815368,
  "final_loss": 0.03960663452744484,
  "seed": 375,
  "exp_name": "medium_high_seed375",
  "condition_name": "medium_high"
}