{
  "loss": [
    230.30902099609375,
    1.8117021322250366,
    0.36038538813591003,
    1.5528819561004639,
    1.1998354196548462,
    2.3838212490081787,
    0.0771050974726677,
    0.03960663452744484
  ],
  "base_loss": [
    233.5780029296875,
    1.8627374172210693,
    0.504568338394165,
    0.8559322357177734,
    1.01231849193573,
    2.2737810611724854,
    0.11183173954486847,
    0.2363884449005127
  ],
  "reg_term": [
    -3.26898193359375,
    -0.051035284996032715,
    -0.144182950258255,
    0.6969497203826904,
    0.1875169277191162,
    0.11004018783569336,
    -0.034726642072200775,
    -0.19678181037306786
  ],
  "log_Z": [
    -0.0009999999310821295,
    -0.04893260821700096,
    -0.05060802400112152,
    -0.05149580538272858,
    -0.05373125150799751,
    -0.05472482740879059,
    -0.05588572099804878,
    -0.0573754757642746
  ],
  "iteration": [
    1,
    501,
    1001,
    1501,
    2001,
    2501,
    3001,
    3501
  ]
}