{
  "hypervolume": 1.1909430055728751,
  "r2_indicator": -0.2700896814515758,
  "avg_pairwise_distance": 0.4984774718424632,
  "spacing": 0.1842724233865738,
  "spread": 1.5264268228929,
  "tds": 0.508468500761717,
  "mpd": 0.9586329123673893,
  "mce": 0.4652151906060989,
  "num_modes": 46,
  "pmd": 0.0,
  "pfs": 0.001096351340080514,
  "pas": 0.4984774718424632,
  "rbd": 0.509427322397025,
  "fci": 0.4121273316681724,
  "qds": 0.6433585103378685,
  "der": 14.034581036253897,
  "num_parameters": 68103,
  "training_time": 1877.510353,
  "final_loss": 0.002056990982964635,
  "seed": 42,
  "exp_name": "kl_uniform_001_seed42",
  "capacity": "medium",
  "hidden_dim": 128,
  "num_layers": 4
}