{
  "loss": [
    11.944665908813477,
    0.009241845458745956,
    0.00394256878644228,
    0.002922405255958438,
    0.0016909975092858076,
    0.0016746472101658583,
    0.004936759360134602,
    0.002056990982964635
  ],
  "base_loss": [
    11.97350025177002,
    0.009569322690367699,
    0.004997846204787493,
    0.0014492383925244212,
    0.0015003640437498689,
    0.0011727671371772885,
    0.0049875229597091675,
    0.0021655966993421316
  ],
  "reg_term": [
    -0.02883434295654297,
    -0.00032747723162174225,
    -0.001055277418345213,
    0.0014731668634340167,
    0.00019063346553593874,
    0.0005018800729885697,
    -5.076359957456589e-05,
    -0.00010860571637749672
  ],
  "log_Z": [
    -0.0009999999310821295,
    -0.02626381255686283,
    -0.022343264892697334,
    -0.0196524765342474,
    -0.018153944984078407,
    -0.016731709241867065,
    -0.015652671456336975,
    -0.015001331456005573
  ],
  "iteration": [
    1,
    501,
    1001,
    1501,
    2001,
    2501,
    3001,
    3501
  ]
}