{
  "hypervolume": 1.2099998020466234,
  "r2_indicator": -0.2722221999547395,
  "avg_pairwise_distance": 0.002197799778686204,
  "spacing": 0.03314799442887306,
  "spread": 1.4998980618915958,
  "tds": 0.0843706910373577,
  "mpd": 1.9459101490553132,
  "mce": 0.010598815601651511,
  "num_modes": 2,
  "pmd": 0.0,
  "pfs": 0.0,
  "pas": 0.002197799778686204,
  "rbd": 0.0843706910373564,
  "fci": 0.6281599378881988,
  "qds": 0.5007063151299899,
  "der": 5.4034448708487535,
  "num_parameters": 519,
  "training_time": 2821.321272,
  "final_loss": 0.0754733458161354,
  "seed": 42,
  "exp_name": "small_subtb_seed42",
  "condition_name": "small_subtb"
}