{
  "hypervolume": 0.1099999814460865,
  "r2_indicator": -0.04536363568894863,
  "avg_pairwise_distance": 0.0,
  "spacing": 0.0,
  "spread": 1.0,
  "tds": 0.041468654801988136,
  "mpd": 1.3862943611198906,
  "mce": 0.0,
  "num_modes": 1,
  "pmd": 0.0,
  "pfs": 0.0,
  "pas": 0.0,
  "rbd": 0.04146865480198932,
  "fci": 0.6300534188034188,
  "qds": 0.04545453778763904,
  "der": 0.0,
  "num_parameters": 519,
  "training_time": 1489.986901,
  "final_loss": 0.24405285716056824,
  "seed": 42,
  "exp_name": "small_subtb_seed42",
  "condition_name": "small_subtb"
}