{
  "loss": [
    222.41648864746094,
    4.66162633895874,
    0.2850484251976013,
    0.2873077988624573,
    0.10669904202222824,
    0.09435022622346878,
    0.654985249042511,
    0.0754733458161354
  ],
  "base_loss": [
    224.44439697265625,
    5.880991458892822,
    0.25423669815063477,
    0.3847866654396057,
    0.14167746901512146,
    0.06346739828586578,
    0.33132684230804443,
    0.09771458804607391
  ],
  "reg_term": [
    -2.0279083251953125,
    -1.219365119934082,
    0.030811727046966553,
    -0.09747886657714844,
    -0.03497842699289322,
    0.030882827937602997,
    0.32365840673446655,
    -0.022241242229938507
  ],
  "log_Z": [
    -0.0009999999310821295,
    -0.13531950116157532,
    -0.15740680694580078,
    -0.16130709648132324,
    -0.1643168181180954,
    -0.1677609533071518,
    -0.16918696463108063,
    -0.1726563274860382
  ],
  "iteration": [
    1,
    501,
    1001,
    1501,
    2001,
    2501,
    3001,
    3501
  ]
}