{
  "loss": [
    207.80308532714844,
    3.3733160495758057,
    0.21347300708293915,
    0.10102105140686035,
    0.7429889440536499,
    0.47633087635040283,
    0.11525507271289825,
    0.24405285716056824
  ],
  "base_loss": [
    219.15618896484375,
    3.410271644592285,
    0.2745312452316284,
    0.09740141779184341,
    1.2005460262298584,
    0.5309522151947021,
    0.052901506423950195,
    0.09201160818338394
  ],
  "reg_term": [
    -11.353103637695312,
    -0.03695559501647949,
    -0.06105823814868927,
    0.0036196336150169373,
    -0.4575570821762085,
    -0.054621338844299316,
    0.06235356628894806,
    0.1520412489771843
  ],
  "log_Z": [
    -0.0009999999310821295,
    -0.13337835669517517,
    -0.15291917324066162,
    -0.15622253715991974,
    -0.1599760800600052,
    -0.16223259270191193,
    -0.1642587035894394,
    -0.16943830251693726
  ],
  "iteration": [
    1,
    501,
    1001,
    1501,
    2001,
    2501,
    3001,
    3501
  ]
}