{
  "hypervolume": 1.1909610166891182,
  "r2_indicator": -0.2700896814515758,
  "avg_pairwise_distance": 0.48538822807488696,
  "spacing": 0.1864863783121109,
  "spread": 1.5619705428512358,
  "tds": 0.5596121729448877,
  "mpd": 1.0184999909591805,
  "mce": 0.38506423569044385,
  "num_modes": 13,
  "pmd": 0.0,
  "pfs": 0.0009848459694246634,
  "pas": 0.48538822807488696,
  "rbd": 0.5590471402895655,
  "fci": 0.4528207964601769,
  "qds": 0.6391514680521154,
  "der": 25.159647034519242,
  "num_parameters": 68103,
  "training_time": 1019.81396,
  "final_loss": 0.0009360893163830042,
  "seed": 375,
  "exp_name": "subtrajectory_balance_05_seed375",
  "capacity": "medium",
  "hidden_dim": 128,
  "num_layers": 4
}