{
  "loss": [
    9.336679458618164,
    0.004539551679044962,
    0.0006722144898958504,
    0.0006879839347675443,
    0.0007484467350877821,
    0.00144357664976269,
    0.000272939883871004,
    0.0009360893163830042
  ],
  "base_loss": [
    9.205066680908203,
    0.0029337063897401094,
    0.0006525570061057806,
    0.00036324778920970857,
    0.0007242168067023158,
    0.0005336122121661901,
    0.0004175236099399626,
    0.0011346704559400678
  ],
  "reg_term": [
    0.13161277770996094,
    0.0016058452893048525,
    1.965748379006982e-05,
    0.0003247361455578357,
    2.4229928385466337e-05,
    0.0009099644375964999,
    -0.00014458372606895864,
    -0.00019858113955706358
  ],
  "log_Z": [
    -0.0010000000474974513,
    -0.025871027261018753,
    -0.02302585542201996,
    -0.02087564952671528,
    -0.019284576177597046,
    -0.017444711178541183,
    -0.01721242256462574,
    -0.017499111592769623
  ],
  "iteration": [
    1,
    501,
    1001,
    1501,
    2001,
    2501,
    3001,
    3501
  ]
}