{
  "hypervolume": 1.4641000000000006,
  "r2_indicator": -0.07759036533851421,
  "avg_pairwise_distance": 0.25002095816547915,
  "spacing": 1.2929709747311335e-08,
  "spread": 0.42949425793281953,
  "tds": 0.6767424242424243,
  "mpd": 0.6931471805599453,
  "mce": 0.5435963390270593,
  "num_modes": 63,
  "pmd": 0.0,
  "pfs": 0.7545208124324433,
  "pas": 0.25002095816547915,
  "rbd": 0.6767424242424243,
  "fci": 0.37017078561382344,
  "qds": 0.5568229450376089,
  "der": 1.6899915582084426,
  "num_parameters": 70923,
  "training_time": 7509.435355,
  "final_loss": 0.10692267119884491,
  "seed": 264,
  "exp_name": "medium_high_seed264",
  "condition_name": "medium_high",
  "pfs_metadata": {
    "recalculated": true,
    "recalculation_date": "2025-12-02T00:00:21.635416",
    "old_value": 0.0,
    "method": "extended_pfs_with_manifold_projection"
  }
}