{
  "loss": [
    83.89244079589844,
    5.911474704742432,
    4.4158034324646,
    2.0436434745788574,
    1.2947914600372314,
    4.390741348266602,
    2.3800082206726074,
    1.8460477590560913,
    3.350062847137451,
    0.5900089740753174,
    0.4923458695411682,
    0.4369366765022278,
    0.4437485635280609,
    0.3712620139122009,
    0.3800247013568878,
    0.10692267119884491
  ],
  "base_loss": [
    83.00912475585938,
    3.7637977600097656,
    5.335355758666992,
    1.742303490638733,
    2.5603737831115723,
    5.108819961547852,
    3.312338352203369,
    1.2356353998184204,
    2.3829023838043213,
    0.7072217464447021,
    0.5936990976333618,
    0.47702038288116455,
    0.4436485767364502,
    0.38665473461151123,
    0.18749681115150452,
    0.3451971411705017
  ],
  "reg_term": [
    0.8833160400390625,
    2.147676944732666,
    -0.9195523262023926,
    0.3013399839401245,
    -1.2655823230743408,
    -0.71807861328125,
    -0.9323301315307617,
    0.6104123592376709,
    0.9671604633331299,
    -0.11721277236938477,
    -0.1013532280921936,
    -0.04008370637893677,
    9.998679161071777e-05,
    -0.015392720699310303,
    0.1925278902053833,
    -0.2382744699716568
  ],
  "log_Z": [
    -0.0009999999310821295,
    -0.009476901963353157,
    -0.004401036538183689,
    -0.004627930466085672,
    -0.0021906618494540453,
    -0.0029734927229583263,
    -0.010102121159434319,
    -0.009721259586513042,
    -0.0160712581127882,
    -0.018334392458200455,
    -0.016988711431622505,
    -0.013302619569003582,
    -0.001139163039624691,
    0.001244026585482061,
    0.0020715680439025164,
    0.002263308735564351
  ],
  "iteration": [
    1,
    501,
    1001,
    1501,
    2001,
    2501,
    3001,
    3501,
    4001,
    4501,
    5001,
    5501,
    6001,
    6501,
    7001,
    7501
  ]
}