{
  "hypervolume": 1.1909610166891182,
  "r2_indicator": -0.2700896814515758,
  "avg_pairwise_distance": 0.4972085241175081,
  "spacing": 0.18234504759311676,
  "spread": 1.4795876603946503,
  "tds": 0.5660990330726119,
  "mpd": 0.937455185268786,
  "mce": 0.43225471364259266,
  "num_modes": 17,
  "pmd": 0.0,
  "pfs": 0.0012083671868407453,
  "pas": 0.4972085241175081,
  "rbd": 0.5657090933757629,
  "fci": 0.42311617387466893,
  "qds": 0.642950655091829,
  "der": 13.995807945617015,
  "num_parameters": 68103,
  "training_time": 1877.918968,
  "final_loss": 0.002578726736828685,
  "seed": 42,
  "exp_name": "none_seed42",
  "capacity": "medium",
  "hidden_dim": 128,
  "num_layers": 4
}