{
  "loss": [
    11.958724975585938,
    0.00751373078674078,
    0.0030793091282248497,
    0.000946209067478776,
    0.002504743868485093,
    0.0013976084301248193,
    0.0011387990089133382,
    0.002578726736828685
  ],
  "base_loss": [
    11.809030532836914,
    0.007227495312690735,
    0.005251917522400618,
    0.0018205499509349465,
    0.0020292948465794325,
    0.0025722363498061895,
    0.0009477512212470174,
    0.003098927903920412
  ],
  "reg_term": [
    0.14969444274902344,
    0.000286235474050045,
    -0.002172608394175768,
    -0.0008743408834561706,
    0.00047544902190566063,
    -0.0011746279196813703,
    0.0001910477876663208,
    -0.0005202011670917273
  ],
  "log_Z": [
    -0.0009999999310821295,
    -0.02528894506394863,
    -0.02211981825530529,
    -0.019913075491786003,
    -0.018539374694228172,
    -0.017357679083943367,
    -0.016314879059791565,
    -0.015741167590022087
  ],
  "iteration": [
    1,
    501,
    1001,
    1501,
    2001,
    2501,
    3001,
    3501
  ]
}