{
  "hypervolume": 1.1770510177782363,
  "r2_indicator": -0.2684965544578177,
  "avg_pairwise_distance": 0.11918094441323523,
  "spacing": 0.12012936919927597,
  "spread": 1.767433273172903,
  "tds": 0.4042346725608852,
  "mpd": 1.3238454528796557,
  "mce": 0.08717999640630704,
  "num_modes": 3,
  "pmd": 0.0,
  "pfs": 0.02313406318607473,
  "pas": 0.11918094441323523,
  "rbd": 0.4041748436748486,
  "fci": 0.4177615814696485,
  "qds": 0.5214479891443611,
  "der": 2.712609621030259,
  "num_parameters": 68103,
  "training_time": 2322.500318,
  "final_loss": 0.0012827054597437382,
  "seed": 789,
  "exp_name": "pref_dirichlet_low_seed789",
  "hidden_dim": 128,
  "num_layers": 4,
  "conditioning": "concat",
  "pfs_metadata": {
    "recalculated": true,
    "recalculation_date": "2025-12-01T16:20:06.430366",
    "old_value": 1.8475335167702953e-10,
    "method": "extended_pfs_with_manifold_projection"
  }
}