{
  "loss": [
    13.864792823791504,
    0.022725911810994148,
    0.0241001695394516,
    0.01566062867641449,
    0.003243088722229004,
    0.00783107802271843,
    0.0020132646895945072,
    0.0012827054597437382
  ],
  "log_Z": [
    -0.0009999998146668077,
    -0.024037163704633713,
    -0.027540776878595352,
    -0.033578675240278244,
    -0.03913707658648491,
    -0.04486631229519844,
    -0.050202060490846634,
    -0.05427061766386032
  ],
  "iteration": [
    1,
    501,
    1001,
    1501,
    2001,
    2501,
    3001,
    3501
  ]
}