{
  "hypervolume": 1.4641000000000006,
  "r2_indicator": -0.07590025447924478,
  "avg_pairwise_distance": 0.3249323729093288,
  "spacing": 1.036246910501859e-08,
  "spread": 0.3988295776921959,
  "tds": 0.6525757575757576,
  "mpd": 0.6931471805599453,
  "mce": 0.5954459689012962,
  "num_modes": 151,
  "pmd": 0.0,
  "pfs": 0.0,
  "pas": 0.3249323729093288,
  "rbd": 0.6525757575757576,
  "fci": 0.38601696668735785,
  "qds": 0.573848266570302,
  "der": 2.4095681965148805,
  "num_parameters": 70923,
  "training_time": 6844.93239,
  "final_loss": 0.3334428369998932,
  "seed": 375,
  "exp_name": "medium_tb_seed375",
  "condition_name": "medium_tb"
}