{
  "hypervolume": 0.09724592696875334,
  "r2_indicator": -0.2700896814515758,
  "avg_pairwise_distance": 0.4578878452300768,
  "spacing": 0.18379154801368713,
  "spread": 1.5864126796253097,
  "tds": 0.48542412198192336,
  "mpd": 1.0692282605410914,
  "mce": 0.3765324750554265,
  "num_modes": 39,
  "pmd": 0.0,
  "pfs": 0.0007469232520593463,
  "pas": 0.4578878452300768,
  "rbd": 0.4869972939518498,
  "fci": 0.40792098128441245,
  "qds": 0.6303125102363011,
  "der": 13.526115344549115,
  "num_parameters": 68103,
  "training_time": 1789.461199,
  "final_loss": 0.0020957267843186855,
  "seed": 264,
  "exp_name": "subtrajectory_balance_09_seed264",
  "capacity": "medium",
  "hidden_dim": 128,
  "num_layers": 4,
  "num_unique_solutions": 60
}