{
  "loss": [
    11.919471740722656,
    0.0051965173333883286,
    0.009051071479916573,
    0.011066927574574947,
    0.005316461902111769,
    0.003901525866240263,
    0.0009956563590094447,
    0.0020957267843186855
  ],
  "base_loss": [
    11.804825782775879,
    0.013737632893025875,
    0.009527148678898811,
    0.009468651376664639,
    0.0035191047936677933,
    0.0035171962808817625,
    0.0013969333376735449,
    0.0018659998895600438
  ],
  "reg_term": [
    0.11464595794677734,
    -0.008541115559637547,
    -0.00047607719898223877,
    0.0015982761979103088,
    0.0017973571084439754,
    0.0003843295853585005,
    -0.00040127697866410017,
    0.00022972689475864172
  ],
  "log_Z": [
    -0.0009999999310821295,
    -0.025203710421919823,
    -0.022315887734293938,
    -0.019842753186821938,
    -0.017501093447208405,
    -0.014714881777763367,
    -0.013054680079221725,
    -0.010294637642800808
  ],
  "iteration": [
    1,
    501,
    1001,
    1501,
    2001,
    2501,
    3001,
    3501
  ]
}