{
  "hypervolume": 1.4641000000000006,
  "r2_indicator": -0.0646003730159356,
  "avg_pairwise_distance": 0.2814520845034846,
  "spacing": 0.0005917040980421007,
  "spread": 0.42639593392511266,
  "tds": 0.6090151515151515,
  "mpd": 0.6931471805599453,
  "mce": 0.5593547713323733,
  "num_modes": 107,
  "pmd": 0.0,
  "pfs": 0.0,
  "pas": 0.2814520845034846,
  "rbd": 0.6090151515151515,
  "fci": 0.37529197080291965,
  "qds": 0.563966382841701,
  "der": 144.52740647914825,
  "num_parameters": 2443,
  "training_time": 2869.67883,
  "final_loss": 4.79660177230835,
  "seed": 486,
  "exp_name": "small_high_seed486",
  "condition_name": "small_high"
}