{
  "loss": [
    93.08650970458984,
    8.330595016479492,
    5.348150730133057,
    6.005603790283203,
    4.882214546203613,
    4.634097099304199,
    2.8058528900146484,
    0.923381507396698,
    3.7807552814483643,
    8.208401679992676,
    3.1196181774139404,
    3.148902654647827,
    0.5938518643379211,
    1.957697868347168,
    2.510222911834717,
    4.79660177230835
  ],
  "base_loss": [
    89.89822387695312,
    10.702445030212402,
    3.6113953590393066,
    5.745266914367676,
    2.051283836364746,
    3.043973922729492,
    3.1444485187530518,
    1.449953317642212,
    7.165356159210205,
    7.957510948181152,
    2.9587912559509277,
    3.6182026863098145,
    2.091249942779541,
    2.9406681060791016,
    1.6967542171478271,
    3.5137746334075928
  ],
  "reg_term": [
    3.1882858276367188,
    -2.37185001373291,
    1.73675537109375,
    0.26033687591552734,
    2.830930709838867,
    1.590123176574707,
    -0.3385956287384033,
    -0.5265718102455139,
    -3.384600877761841,
    0.25089073181152344,
    0.1608269214630127,
    -0.4693000316619873,
    -1.4973980784416199,
    -0.9829702377319336,
    0.8134686946868896,
    1.2828271389007568
  ],
  "log_Z": [
    -0.0009999999310821295,
    -0.03649221733212471,
    -0.010151533409953117,
    0.006399350240826607,
    0.02388138324022293,
    0.03785543516278267,
    0.05251530185341835,
    0.056348416954278946,
    0.05843808129429817,
    0.05896635726094246,
    0.05552438646554947,
    0.06227431073784828,
    0.061245184391736984,
    0.05544716492295265,
    0.05731182545423508,
    0.061452850699424744
  ],
  "iteration": [
    1,
    501,
    1001,
    1501,
    2001,
    2501,
    3001,
    3501,
    4001,
    4501,
    5001,
    5501,
    6001,
    6501,
    7001,
    7501
  ]
}