{
  "hypervolume": 0.1099999814460865,
  "r2_indicator": -0.04536363568894863,
  "avg_pairwise_distance": 0.0,
  "spacing": 0.0,
  "spread": 1.0,
  "tds": 0.10853936187269521,
  "mpd": 2.1972245773362196,
  "mce": 0.0,
  "num_modes": 1,
  "pmd": 0.0,
  "pfs": 0.0,
  "pas": 0.0,
  "rbd": 0.10853936187269239,
  "fci": 0.6585873067010308,
  "qds": 0.04545453778763904,
  "der": 0.0,
  "num_parameters": 519,
  "training_time": 4160.89652,
  "final_loss": 1.1676114797592163,
  "seed": 264,
  "exp_name": "small_low_seed264",
  "condition_name": "small_low"
}