{
  "hypervolume": 0.1099999814460865,
  "r2_indicator": -0.04536363568894863,
  "avg_pairwise_distance": 0.0,
  "spacing": 0.0,
  "spread": 1.0,
  "tds": 0.08118967452300786,
  "mpd": 1.3862943611198906,
  "mce": 0.0,
  "num_modes": 1,
  "pmd": 0.0,
  "pfs": 0.0,
  "pas": 0.0,
  "rbd": 0.08118967452300586,
  "fci": 0.5003213562753037,
  "qds": 0.04545453778763904,
  "der": 0.0,
  "num_parameters": 519,
  "training_time": 3741.387766,
  "final_loss": 0.023295823484659195,
  "seed": 264,
  "exp_name": "small_low_seed264",
  "condition_name": "small_low"
}