{
  "loss": [
    251.842041015625,
    40.85416793823242,
    14.176368713378906,
    0.4601143002510071,
    1.0721635818481445,
    0.7320498824119568,
    0.2689911127090454,
    1.1676114797592163
  ],
  "log_Z": [
    -0.0009999999310821295,
    -0.08767193555831909,
    -0.09835376590490341,
    -0.10984019935131073,
    -0.11098206043243408,
    -0.11134666949510574,
    -0.11142200231552124,
    -0.11144238710403442
  ],
  "iteration": [
    1,
    501,
    1001,
    1501,
    2001,
    2501,
    3001,
    3501
  ]
}