{
  "loss": [
    220.88595581054688,
    6.420552730560303,
    0.019775263965129852,
    0.3913878798484802,
    0.15429027378559113,
    0.07019033282995224,
    0.19082999229431152,
    0.023295823484659195
  ],
  "base_loss": [
    227.5546112060547,
    7.921024799346924,
    0.3012450039386749,
    0.337577760219574,
    0.32802215218544006,
    0.1971571445465088,
    0.4909208118915558,
    0.10464772582054138
  ],
  "reg_term": [
    -6.6686553955078125,
    -1.500472068786621,
    -0.2814697399735451,
    0.05381011962890625,
    -0.17373187839984894,
    -0.12696681171655655,
    -0.30009081959724426,
    -0.08135190233588219
  ],
  "log_Z": [
    -0.0009999998146668077,
    -0.1313277930021286,
    -0.14948534965515137,
    -0.15343773365020752,
    -0.15931543707847595,
    -0.164833664894104,
    -0.17156268656253815,
    -0.17965903878211975
  ],
  "iteration": [
    1,
    501,
    1001,
    1501,
    2001,
    2501,
    3001,
    3501
  ]
}