{
  "loss": [
    222.13037109375,
    0.29322606325149536,
    0.613486111164093,
    0.35669806599617004,
    2.27213978767395,
    -0.0002554282546043396,
    1.7715729475021362,
    -0.026619330048561096
  ],
  "base_loss": [
    239.0814666748047,
    0.3664955198764801,
    0.5701426267623901,
    1.2370593547821045,
    1.1645725965499878,
    0.12624669075012207,
    1.4723752737045288,
    0.06627670675516129
  ],
  "reg_term": [
    -16.951095581054688,
    -0.07326945662498474,
    0.04334348440170288,
    -0.8803612887859344,
    1.1075671911239624,
    -0.1265021190047264,
    0.2991976737976074,
    -0.09289603680372238
  ],
  "log_Z": [
    -0.0009999999310821295,
    -0.04402831941843033,
    -0.0438629612326622,
    -0.044400207698345184,
    -0.04566951096057892,
    -0.04892737790942192,
    -0.05212048441171646,
    -0.05823182687163353
  ],
  "iteration": [
    1,
    501,
    1001,
    1501,
    2001,
    2501,
    3001,
    3501
  ]
}