{
  "hypervolume": 0.03652139935657858,
  "r2_indicator": -0.10562798339515693,
  "avg_pairwise_distance": 0.5862774012224372,
  "spacing": 0.09269386529922485,
  "spread": 1.1083719637400538,
  "tds": 0.9100755534421725,
  "mpd": 0.6931471805599454,
  "mce": 0.22259355772494135,
  "num_modes": 56,
  "pmd": 0.0,
  "pfs": 0.9134835604939504,
  "pas": 0.5862774012224372,
  "rbd": 0.8971390091390083,
  "fci": 0.29463923176871853,
  "qds": 0.6538579160979856,
  "der": 6.4386504390817505,
  "num_parameters": 73505,
  "training_time": 4459.579655,
  "final_loss": 0.09306763857603073,
  "seed": 264,
  "exp_name": "low_tb_seed264",
  "condition_name": "low_tb",
  "pfs_metadata": {
    "recalculated": true,
    "recalculation_date": "2025-12-01T23:56:56.044958",
    "old_value": 0.05903474543582646,
    "method": "extended_pfs_with_manifold_projection"
  }
}