{
  "loss": [
    1.789027452468872,
    0.051728636026382446,
    0.0580865852534771,
    0.07102763652801514,
    0.061041031032800674,
    0.04629436135292053,
    0.03771735727787018,
    0.0742570012807846,
    0.03584318608045578,
    0.04538252577185631,
    0.04634788632392883,
    0.030128050595521927,
    0.04096183180809021,
    0.059826482087373734,
    0.05004274100065231,
    0.09306763857603073
  ],
  "base_loss": [
    1.789027452468872,
    0.051728636026382446,
    0.0580865852534771,
    0.07102763652801514,
    0.061041031032800674,
    0.04629436135292053,
    0.03771735727787018,
    0.0742570012807846,
    0.03584318608045578,
    0.04538252577185631,
    0.04634788632392883,
    0.030128050595521927,
    0.04096183180809021,
    0.059826482087373734,
    0.05004274100065231,
    0.09306763857603073
  ],
  "reg_term": [
    0.0,
    0.0,
    0.0,
    0.0,
    0.0,
    0.0,
    0.0,
    0.0,
    0.0,
    0.0,
    0.0,
    0.0,
    0.0,
    0.0,
    0.0,
    0.0
  ],
  "log_Z": [
    -0.0009999998146668077,
    -0.0569658987224102,
    -0.0750477984547615,
    -0.09276211261749268,
    -0.11503429710865021,
    -0.13719289004802704,
    -0.15919792652130127,
    -0.18221810460090637,
    -0.2072359323501587,
    -0.22629974782466888,
    -0.24955664575099945,
    -0.27076834440231323,
    -0.2881547510623932,
    -0.3036164343357086,
    -0.31902697682380676,
    -0.33167558908462524
  ],
  "iteration": [
    1,
    501,
    1001,
    1501,
    2001,
    2501,
    3001,
    3501,
    4001,
    4501,
    5001,
    5501,
    6001,
    6501,
    7001,
    7501
  ]
}