{
  "hypervolume": 1.1703522299589615,
  "r2_indicator": -0.26773308338883395,
  "avg_pairwise_distance": 0.07809348537862647,
  "spacing": 0.07193153351545334,
  "spread": 1.7900151100515134,
  "tds": 0.4097777298521344,
  "mpd": 1.4588754598577645,
  "mce": 0.07973189566722133,
  "num_modes": 2,
  "pmd": 0.0,
  "pfs": 0.0783164922223811,
  "pas": 0.07809348537862647,
  "rbd": 0.4099461279461325,
  "fci": 0.4360182804912882,
  "qds": 0.5082419796420445,
  "der": 1.7743776526530324,
  "num_parameters": 68103,
  "training_time": 2326.510433,
  "final_loss": 0.0037246625870466232,
  "seed": 789,
  "exp_name": "pref_uniform_seed789",
  "hidden_dim": 128,
  "num_layers": 4,
  "conditioning": "concat",
  "pfs_metadata": {
    "recalculated": true,
    "recalculation_date": "2025-12-01T16:21:04.437528",
    "old_value": 0.0,
    "method": "extended_pfs_with_manifold_projection"
  }
}