{
  "loss": [
    13.726166725158691,
    0.05021600425243378,
    0.045927226543426514,
    0.03565141186118126,
    0.009611973538994789,
    0.004714144393801689,
    0.0054145329631865025,
    0.0037246625870466232
  ],
  "log_Z": [
    -0.0009999999310821295,
    -0.023672299459576607,
    -0.027519162744283676,
    -0.032556019723415375,
    -0.03859580680727959,
    -0.04425166919827461,
    -0.048887986689805984,
    -0.0538095198571682
  ],
  "iteration": [
    1,
    501,
    1001,
    1501,
    2001,
    2501,
    3001,
    3501
  ]
}