{
  "hypervolume": 1.1692031143482569,
  "r2_indicator": -0.2680909681331855,
  "avg_pairwise_distance": 0.09810394631646412,
  "spacing": 0.0812469869852066,
  "spread": 1.805485710986308,
  "tds": 0.43356785279393856,
  "mpd": 0.9806602281202045,
  "mce": 0.2195726325856516,
  "num_modes": 2,
  "pmd": 0.0,
  "pfs": 0.0,
  "pas": 0.0,
  "rbd": 0.4339834856501592,
  "fci": 0.42751884131194484,
  "qds": 0.5146735853801416,
  "der": 0.23024180046705678,
  "num_parameters": 267271,
  "training_time": 5739.221246,
  "final_loss": 0.006465488113462925,
  "seed": 42,
  "exp_name": "xlarge_concat_seed42",
  "capacity": "xlarge",
  "hidden_dim": 256,
  "num_layers": 4,
  "conditioning": "concat",
  "alpha": 1.5,
  "preference_sampling": "dirichlet",
  "loss": "trajectory_balance"
}