{
  "loss": [
    13.466167449951172,
    0.031239092350006104,
    0.011601245030760765,
    0.025515438988804817,
    0.003458488266915083,
    0.011649331077933311,
    0.01888503134250641,
    0.006465488113462925
  ],
  "log_Z": [
    -0.0009999999310821295,
    -0.020797112956643105,
    -0.031006542965769768,
    -0.039177216589450836,
    -0.04768238589167595,
    -0.054069336503744125,
    -0.06124141439795494,
    -0.07038022577762604
  ],
  "iteration": [
    1,
    501,
    1001,
    1501,
    2001,
    2501,
    3001,
    3501
  ]
}