{
  "hypervolume": 0.10698026161640893,
  "r2_indicator": -0.04525382769514218,
  "avg_pairwise_distance": 0.0,
  "spacing": 0.0,
  "spread": 1.0,
  "tds": 0.24223569023569025,
  "mpd": 1.9459101490553132,
  "mce": 0.0,
  "num_modes": 1,
  "pmd": 0.0,
  "pfs": 0.0,
  "pas": 0.0,
  "rbd": 0.2422356902356871,
  "fci": 0.6423076923076925,
  "qds": 0.04420671967620203,
  "der": 0.0,
  "num_parameters": 68103,
  "training_time": 2264.787942,
  "final_loss": 0.003341801231727004,
  "seed": 789,
  "exp_name": "greedy_seed789",
  "hidden_dim": 128,
  "num_layers": 4,
  "conditioning": "concat"
}