{
  "loss": [
    17.25679588317871,
    0.012597235850989819,
    0.006903567351400852,
    0.002521260641515255,
    0.02300313301384449,
    0.002247860422357917,
    0.0016262310091406107,
    0.003341801231727004
  ],
  "log_Z": [
    -0.0009999999310821295,
    -0.06492657959461212,
    -0.06997842341661453,
    -0.07609988749027252,
    -0.08202087879180908,
    -0.08800221979618073,
    -0.0945163369178772,
    -0.0980164110660553
  ],
  "iteration": [
    1,
    501,
    1001,
    1501,
    2001,
    2501,
    3001,
    3501
  ]
}