{
  "hypervolume": 1.4641000000000006,
  "r2_indicator": -0.0646003730159356,
  "avg_pairwise_distance": 0.266743887152478,
  "spacing": 1.2476107258407865e-08,
  "spread": 0.41698758569739913,
  "tds": 0.6646969696969697,
  "mpd": 0.6931471805599453,
  "mce": 0.558407386104637,
  "num_modes": 76,
  "pmd": 0.0,
  "pfs": 0.5921579185732176,
  "pas": 0.266743887152478,
  "rbd": 0.6646969696969697,
  "fci": 0.3847732001664588,
  "qds": 0.5606236107164723,
  "der": 1.804646529060705,
  "num_parameters": 70923,
  "training_time": 7502.702538,
  "final_loss": 0.6561585664749146,
  "seed": 486,
  "exp_name": "low_subtb_entropy_seed486",
  "condition_name": "low_subtb_entropy",
  "pfs_metadata": {
    "recalculated": true,
    "recalculation_date": "2025-12-02T00:02:04.435164",
    "old_value": 0.0,
    "method": "extended_pfs_with_manifold_projection"
  }
}