{
  "loss": [
    51.71043014526367,
    2.6177818775177,
    2.8518834114074707,
    0.97066330909729,
    3.6872684955596924,
    2.4086825847625732,
    0.779441773891449,
    0.8165873289108276,
    1.4903230667114258,
    4.141632556915283,
    0.5217543840408325,
    0.7216745615005493,
    0.4699612557888031,
    1.2893040180206299,
    0.7942720651626587,
    0.6561585664749146
  ],
  "base_loss": [
    63.43716812133789,
    3.9241127967834473,
    2.693235158920288,
    1.3463499546051025,
    3.0087945461273193,
    3.306704521179199,
    0.8789743781089783,
    1.0058567523956299,
    2.6139934062957764,
    0.5644033551216125,
    0.6968685388565063,
    0.3410639464855194,
    1.112898349761963,
    1.5657105445861816,
    0.9181108474731445,
    0.3466513454914093
  ],
  "reg_term": [
    -11.726737976074219,
    -1.306330919265747,
    0.15864825248718262,
    -0.3756866455078125,
    0.678473949432373,
    -0.898021936416626,
    -0.0995326042175293,
    -0.18926942348480225,
    -1.1236703395843506,
    3.5772292017936707,
    -0.17511415481567383,
    0.3806106150150299,
    -0.6429370939731598,
    -0.27640652656555176,
    -0.12383878231048584,
    0.30950722098350525
  ],
  "log_Z": [
    -0.0009999998146668077,
    -0.020399510860443115,
    -0.015774544328451157,
    -0.022125063464045525,
    -0.02155436761677265,
    -0.025623075664043427,
    -0.02608020231127739,
    -0.027375634759664536,
    -0.025111788883805275,
    -0.01976604014635086,
    -0.015967918559908867,
    -0.010269087739288807,
    -0.008480723015964031,
    -0.004424782935529947,
    0.0016960949869826436,
    0.00726966792717576
  ],
  "iteration": [
    1,
    501,
    1001,
    1501,
    2001,
    2501,
    3001,
    3501,
    4001,
    4501,
    5001,
    5501,
    6001,
    6501,
    7001,
    7501
  ]
}