{
  "hypervolume": 0.1099999814460865,
  "r2_indicator": -0.04536363568894863,
  "avg_pairwise_distance": 0.0,
  "spacing": 0.0,
  "spread": 1.0,
  "tds": 0.35468975468975467,
  "mpd": 4.61512051684126,
  "mce": 0.0,
  "num_modes": 1,
  "pmd": 0.0,
  "pfs": 0.0,
  "pas": 0.0,
  "rbd": 0.35468975468973113,
  "fci": 0.4735019243641232,
  "qds": 0.04545453778763904,
  "der": 0.0,
  "num_parameters": 68103,
  "training_time": 8345.802499,
  "final_loss": -0.17226022481918335,
  "seed": 486,
  "exp_name": "low_subtb_entropy_seed486",
  "condition_name": "low_subtb_entropy"
}