{
  "loss": [
    241.58526611328125,
    -0.09280874580144882,
    -0.14256003499031067,
    -0.14049497246742249,
    -0.1556282639503479,
    -0.13448277115821838,
    -0.16110903024673462,
    -0.17226022481918335
  ],
  "base_loss": [
    232.26275634765625,
    0.12045450508594513,
    0.05264277383685112,
    0.023959871381521225,
    0.020851820707321167,
    0.025316450744867325,
    0.027178937569260597,
    0.05883949249982834
  ],
  "reg_term": [
    9.322509765625,
    -0.21326325088739395,
    -0.1952028088271618,
    -0.1644548438489437,
    -0.17648008465766907,
    -0.1597992219030857,
    -0.18828796781599522,
    -0.2310997173190117
  ],
  "log_Z": [
    -0.0009999998146668077,
    -0.02337951585650444,
    -0.023428834974765778,
    -0.020495077595114708,
    -0.017612971365451813,
    -0.015532457269728184,
    -0.01389303244650364,
    -0.013668679632246494
  ],
  "iteration": [
    1,
    501,
    1001,
    1501,
    2001,
    2501,
    3001,
    3501
  ]
}