{
  "hypervolume": 1.1905341376779326,
  "r2_indicator": -0.27002227097433623,
  "avg_pairwise_distance": 0.10088513837760812,
  "spacing": 0.09290263801813126,
  "spread": 1.7423626446862654,
  "tds": 0.3954810633109228,
  "mpd": 1.4499851073435976,
  "mce": 0.13048632030459578,
  "num_modes": 2,
  "pmd": 0.0,
  "pfs": 0.0048720510479893205,
  "pas": 0.09752460530042782,
  "rbd": 0.39552621452621983,
  "fci": 0.4125212585034015,
  "qds": 0.5155674943647858,
  "der": 1.29506670476221,
  "num_parameters": 69127,
  "training_time": 4056.858378,
  "final_loss": 0.004192858003079891,
  "seed": 1011,
  "exp_name": "large_film_seed1011",
  "capacity": "large",
  "hidden_dim": 128,
  "num_layers": 4,
  "conditioning": "film",
  "alpha": 1.5,
  "preference_sampling": "dirichlet",
  "loss": "trajectory_balance",
  "pfs_metadata": {
    "recalculated": true,
    "recalculation_date": "2025-12-01T16:10:50.963933",
    "old_value": 7.128968337176542e-14,
    "method": "extended_pfs_with_manifold_projection"
  }
}