{
  "loss": [
    13.798238754272461,
    0.010232268832623959,
    0.007122260518372059,
    0.008929803967475891,
    0.006180509924888611,
    0.004676402546465397,
    0.0029316183645278215,
    0.004192858003079891
  ],
  "log_Z": [
    -0.0009999999310821295,
    -0.024307923391461372,
    -0.028739750385284424,
    -0.03089822828769684,
    -0.033508703112602234,
    -0.03511033579707146,
    -0.03696667030453682,
    -0.038283344358205795
  ],
  "iteration": [
    1,
    501,
    1001,
    1501,
    2001,
    2501,
    3001,
    3501
  ]
}