{
  "hypervolume": 1.1939980719647136,
  "r2_indicator": -0.2704561490660364,
  "avg_pairwise_distance": 0.44572732364303913,
  "spacing": 0.18176153302192688,
  "spread": 1.6031603762552373,
  "tds": 0.5255172808259334,
  "mpd": 0.9224565524241839,
  "mce": 0.35915444152170983,
  "num_modes": 33,
  "pmd": 0.0,
  "pfs": 0.049975568856135875,
  "pas": 0.44572732364303913,
  "rbd": 0.5276009142372851,
  "fci": 0.46225015274504666,
  "qds": 0.6264039705649558,
  "der": 11.697774453194901,
  "num_parameters": 68103,
  "training_time": 2014.198516,
  "final_loss": 0.004362230654805899,
  "seed": 153,
  "exp_name": "kl_uniform_001_seed153",
  "capacity": "medium",
  "hidden_dim": 128,
  "num_layers": 4,
  "pfs_metadata": {
    "recalculated": true,
    "recalculation_date": "2025-12-01T16:14:42.995937",
    "old_value": 3.285274824535202e-15,
    "method": "extended_pfs_with_manifold_projection"
  }
}