{
  "loss": [
    11.706212997436523,
    0.0032718400470912457,
    0.0015915047843009233,
    0.0029803947545588017,
    0.010720585472881794,
    0.0005607834318652749,
    0.000733512977603823,
    0.004362230654805899
  ],
  "base_loss": [
    11.614236831665039,
    0.003162760753184557,
    0.0021821444388478994,
    0.0038365451619029045,
    0.010759309865534306,
    0.002289977390319109,
    0.0008073012577369809,
    0.004312183242291212
  ],
  "reg_term": [
    0.09197616577148438,
    0.00010907929390668869,
    -0.0005906396545469761,
    -0.0008561504073441029,
    -3.87243926525116e-05,
    -0.001729193958453834,
    -7.378828013315797e-05,
    5.0047412514686584e-05
  ],
  "log_Z": [
    -0.0009999998146668077,
    -0.024965541437268257,
    -0.023128509521484375,
    -0.020993400365114212,
    -0.019249988719820976,
    -0.017430702224373817,
    -0.014145675115287304,
    -0.01275833509862423
  ],
  "iteration": [
    1,
    501,
    1001,
    1501,
    2001,
    2501,
    3001,
    3501
  ]
}