{
  "hypervolume": 1.1692031143482569,
  "r2_indicator": -0.26859282999952333,
  "avg_pairwise_distance": 0.5761679318656697,
  "spacing": 0.15260107815265656,
  "spread": 1.78774651533085,
  "tds": 0.31084217270591585,
  "mpd": 1.2223804087701802,
  "mce": 0.4372909716663924,
  "num_modes": 10,
  "pmd": 0.0,
  "pfs": 5.949493665698904e-14,
  "pas": 0.5761679318656697,
  "rbd": 0.3088055132297627,
  "fci": 0.6228118836291914,
  "qds": 0.6683291699360102,
  "der": 373.4099352669683,
  "num_parameters": 9863,
  "training_time": 563.192265,
  "final_loss": 0.05445877090096474,
  "seed": 123,
  "exp_name": "temp_low_seed123",
  "hidden_dim": 64,
  "num_layers": 3,
  "conditioning": "film"
}