{
  "hypervolume": 0.8756924723601884,
  "r2_indicator": -0.22860194311599538,
  "avg_pairwise_distance": 0.004308378390420703,
  "spacing": 0.0032231470104306936,
  "spread": 1.4530885514278795,
  "tds": 0.3825993265993266,
  "mpd": 4.499809670330265,
  "mce": 0.0,
  "num_modes": 1,
  "pmd": 0.0,
  "pfs": 5.745812840242495e-15,
  "pas": 0.004308378390420703,
  "rbd": 0.3825993265993321,
  "fci": 0.43232421875000004,
  "qds": 0.04559148493792206,
  "der": 0.09451177401313093,
  "num_parameters": 68103,
  "training_time": 2409.706678,
  "final_loss": 0.01850457303225994,
  "seed": 123,
  "exp_name": "temp_low_seed123",
  "hidden_dim": 128,
  "num_layers": 4,
  "conditioning": "concat"
}