{
  "loss": [
    15.592267036437988,
    0.05445877090096474
  ],
  "log_Z": [
    -0.0009999999310821295,
    -0.035821039229631424
  ],
  "iteration": [
    1,
    501
  ]
}