{
  "loss": [
    12.700822830200195,
    0.06488525867462158,
    0.02777382917702198,
    0.025515764951705933,
    0.0021518587600439787,
    0.005908002145588398,
    0.0039857905358076096,
    0.01850457303225994
  ],
  "log_Z": [
    -0.0010000000474974513,
    -0.022330280393362045,
    -0.026850612834095955,
    -0.03431255370378494,
    -0.04095420613884926,
    -0.04669633507728577,
    -0.05141722038388252,
    -0.056984882801771164
  ],
  "iteration": [
    1,
    501,
    1001,
    1501,
    2001,
    2501,
    3001,
    3501
  ]
}