{
  "hypervolume": 1.2099997955746564,
  "r2_indicator": -0.2722221992267175,
  "avg_pairwise_distance": 0.0019981997877348504,
  "spacing": 0.03160695359110832,
  "spread": 1.4998953237859955,
  "tds": 0.3508449575116242,
  "mpd": 4.61512051684126,
  "mce": 0.0,
  "num_modes": 1,
  "pmd": 0.0,
  "pfs": 0.0,
  "pas": 0.0019981997877348504,
  "rbd": 0.3508449575116026,
  "fci": 0.4759379528985508,
  "qds": 0.5006421612631142,
  "der": 0.20055509156123744,
  "num_parameters": 9351,
  "training_time": 3835.744405,
  "final_loss": -0.14121171832084656,
  "seed": 153,
  "exp_name": "medium_high_seed153",
  "condition_name": "medium_high"
}