{
  "loss": [
    226.1017608642578,
    2.8999266624450684,
    1.2232881784439087,
    0.057969700545072556,
    1.7629607915878296,
    0.007254399359226227,
    -0.13076141476631165,
    -0.14121171832084656
  ],
  "base_loss": [
    233.69024658203125,
    1.7477588653564453,
    0.7025774121284485,
    0.11072692275047302,
    1.4637798070907593,
    0.05181121826171875,
    0.0550902858376503,
    0.025726674124598503
  ],
  "reg_term": [
    -7.5884857177734375,
    1.152167797088623,
    0.5207107663154602,
    -0.05275722220540047,
    0.2991809844970703,
    -0.04455681890249252,
    -0.18585170060396194,
    -0.16693839244544506
  ],
  "log_Z": [
    -0.0009999998146668077,
    -0.052043624222278595,
    -0.05315955728292465,
    -0.05542122945189476,
    -0.05785059556365013,
    -0.06100279837846756,
    -0.06450434029102325,
    -0.05766453593969345
  ],
  "iteration": [
    1,
    501,
    1001,
    1501,
    2001,
    2501,
    3001,
    3501
  ]
}