{
  "hypervolume": 0.08461683988571167,
  "r2_indicator": -0.2696374431162546,
  "avg_pairwise_distance": 0.48466963891371734,
  "spacing": 0.18639607727527618,
  "spread": 1.5608578584836692,
  "tds": 0.5191216808122585,
  "mpd": 0.8948333278159383,
  "mce": 0.4207994412850061,
  "num_modes": 57,
  "pmd": 0.0,
  "pfs": 0.031947817590646,
  "pas": 0.48466963891371734,
  "rbd": 0.5224022778568332,
  "fci": 0.41926614803740203,
  "qds": 0.6389205047481381,
  "der": 10.931505723431044,
  "num_parameters": 68103,
  "training_time": 2343.700356,
  "final_loss": 0.0005931439809501171,
  "seed": 153,
  "exp_name": "subtrajectory_balance_095_seed153",
  "capacity": "medium",
  "hidden_dim": 128,
  "num_layers": 4
}