{
  "loss": [
    12.484946250915527,
    0.00611488614231348,
    0.0019331100629642606,
    0.01238824799656868,
    0.0013424974167719483,
    0.004018985666334629,
    0.0035718190483748913,
    0.0005931439809501171
  ],
  "base_loss": [
    12.626144409179688,
    0.004524197429418564,
    0.0016401895554736257,
    0.013690399937331676,
    0.0017571182688698173,
    0.005916127935051918,
    0.0037444999907165766,
    0.0007233157521113753
  ],
  "reg_term": [
    -0.14119815826416016,
    0.0015906887128949165,
    0.0002929205074906349,
    -0.0013021519407629967,
    -0.0004146208520978689,
    -0.001897142268717289,
    -0.0001726809423416853,
    -0.00013017177116125822
  ],
  "log_Z": [
    -0.0009999999310821295,
    -0.025326566770672798,
    -0.02366495504975319,
    -0.021672144532203674,
    -0.01973322033882141,
    -0.01700284145772457,
    -0.014730243012309074,
    -0.011439576745033264
  ],
  "iteration": [
    1,
    501,
    1001,
    1501,
    2001,
    2501,
    3001,
    3501
  ]
}