{
  "hypervolume": 0.1099999814460865,
  "r2_indicator": -0.04536363568894863,
  "avg_pairwise_distance": 0.0,
  "spacing": 0.0,
  "spread": 1.0,
  "tds": 0.3449863716530383,
  "mpd": 4.61512051684126,
  "mce": 0.0,
  "num_modes": 1,
  "pmd": 0.0,
  "pfs": 0.0,
  "pas": 0.0,
  "rbd": 0.34498637165301665,
  "fci": 0.45988919129082406,
  "qds": 0.04545453778763904,
  "der": 0.0,
  "num_parameters": 9351,
  "training_time": 6280.04032,
  "final_loss": -0.16541676223278046,
  "seed": 486,
  "exp_name": "medium_low_seed486",
  "condition_name": "medium_low"
}