{
  "loss": [
    221.50045776367188,
    0.2032526135444641,
    0.19358567893505096,
    -0.14968305826187134,
    -0.0713772177696228,
    -0.1628243625164032,
    -0.13438062369823456,
    -0.16541676223278046
  ],
  "base_loss": [
    218.89712524414062,
    0.33830031752586365,
    0.5005161762237549,
    0.07777190953493118,
    0.0718221664428711,
    0.02154627814888954,
    0.018493250012397766,
    0.033130042254924774
  ],
  "reg_term": [
    2.60333251953125,
    -0.13504770398139954,
    -0.3069304972887039,
    -0.22745496779680252,
    -0.1431993842124939,
    -0.18437064066529274,
    -0.15287387371063232,
    -0.19854680448770523
  ],
  "log_Z": [
    -0.0009999999310821295,
    -0.044255997985601425,
    -0.04513418301939964,
    -0.050804536789655685,
    -0.05294862389564514,
    -0.05338219180703163,
    -0.051168348640203476,
    -0.048425693064928055
  ],
  "iteration": [
    1,
    501,
    1001,
    1501,
    2001,
    2501,
    3001,
    3501
  ]
}