{
  "loss": [
    137.21124267578125,
    10.026810646057129,
    4.169369697570801,
    1.9916605949401855,
    1.0105054378509521,
    0.6967296600341797,
    1.3343732357025146,
    1.9698001146316528,
    1.6443067789077759,
    0.42549896240234375,
    0.2527053654193878,
    1.2024065256118774,
    0.2700139582157135,
    0.4653700590133667,
    1.1565364599227905,
    0.1896723210811615
  ],
  "base_loss": [
    137.21124267578125,
    10.026810646057129,
    4.169369697570801,
    1.9916605949401855,
    1.0105054378509521,
    0.6967296600341797,
    1.3343732357025146,
    1.9698001146316528,
    1.6443067789077759,
    0.42549896240234375,
    0.2527053654193878,
    1.2024065256118774,
    0.2700139582157135,
    0.4653700590133667,
    1.1565364599227905,
    0.1896723210811615
  ],
  "reg_term": [
    0.0,
    0.0,
    0.0,
    0.0,
    0.0,
    0.0,
    0.0,
    0.0,
    0.0,
    0.0,
    0.0,
    0.0,
    0.0,
    0.0,
    0.0,
    0.0
  ],
  "log_Z": [
    -0.0009999999310821295,
    -0.026253528892993927,
    -0.043699558824300766,
    -0.06121807545423508,
    -0.07179011404514313,
    -0.08482863008975983,
    -0.09513016045093536,
    -0.11075616627931595,
    -0.12013130635023117,
    -0.13522717356681824,
    -0.14932239055633545,
    -0.16195648908615112,
    -0.1765347272157669,
    -0.18717023730278015,
    -0.19708338379859924,
    -0.20824961364269257
  ],
  "iteration": [
    1,
    501,
    1001,
    1501,
    2001,
    2501,
    3001,
    3501,
    4001,
    4501,
    5001,
    5501,
    6001,
    6501,
    7001,
    7501
  ]
}