{
  "loss": [
    13.17864990234375,
    0.05144273117184639,
    0.010917420499026775,
    0.006666793487966061,
    0.010636666789650917,
    0.006845320574939251,
    0.006455766502767801,
    0.0030436846427619457
  ],
  "log_Z": [
    -0.0009999999310821295,
    -0.02604268305003643,
    -0.030391771346330643,
    -0.035577043890953064,
    -0.039915211498737335,
    -0.0455780029296875,
    -0.05121493712067604,
    -0.05815374106168747
  ],
  "iteration": [
    1,
    501,
    1001,
    1501,
    2001,
    2501,
    3001,
    3501
  ]
}