{
  "hypervolume": 1.4641000000000006,
  "r2_indicator": -0.07759036533851421,
  "avg_pairwise_distance": 0.2610382170049136,
  "spacing": 1.2605361199291565e-08,
  "spread": 0.4158587988390351,
  "tds": 0.6752525252525252,
  "mpd": 0.6931471805599453,
  "mce": 0.5361703413857161,
  "num_modes": 92,
  "pmd": 0.0,
  "pfs": 0.0,
  "pas": 0.2610382170049136,
  "rbd": 0.6752525252525252,
  "fci": 0.37199032062915927,
  "qds": 0.5593268675011167,
  "der": 1.7722673219555136,
  "num_parameters": 70923,
  "training_time": 7476.361074,
  "final_loss": 0.3358808159828186,
  "seed": 264,
  "exp_name": "medium_low_seed264",
  "condition_name": "medium_low"
}