{
  "loss": [
    67.5228042602539,
    3.7080657482147217,
    3.0089774131774902,
    1.5794378519058228,
    2.83229923248291,
    1.4853870868682861,
    4.4496355056762695,
    0.23680764436721802,
    2.0101420879364014,
    0.20660409331321716,
    0.1622985452413559,
    0.35103097558021545,
    0.9961406588554382,
    0.24852918088436127,
    0.9345161318778992,
    0.3358808159828186
  ],
  "base_loss": [
    67.58160400390625,
    6.606936454772949,
    6.038840293884277,
    3.8915576934814453,
    3.198079824447632,
    1.969415307044983,
    3.2865071296691895,
    1.3449047803878784,
    1.8184915781021118,
    0.3475337028503418,
    0.22704386711120605,
    1.1137059926986694,
    0.6442288756370544,
    0.3537379205226898,
    0.37536051869392395,
    0.37531763315200806
  ],
  "reg_term": [
    -0.05879974365234375,
    -2.8988707065582275,
    -3.029862880706787,
    -2.3121198415756226,
    -0.3657805919647217,
    -0.4840282201766968,
    1.16312837600708,
    -1.1080971360206604,
    0.19165050983428955,
    -0.14092960953712463,
    -0.06474532186985016,
    -0.762675017118454,
    0.3519117832183838,
    -0.10520873963832855,
    0.5591556131839752,
    -0.03943681716918945
  ],
  "log_Z": [
    -0.0009999998146668077,
    -0.016890874132514,
    -0.019287794828414917,
    -0.016539156436920166,
    -0.009951102547347546,
    -0.020491698756814003,
    -0.017756124958395958,
    -0.019626468420028687,
    -0.017772866412997246,
    -0.011748394928872585,
    -0.014398959465324879,
    -0.008417514152824879,
    -0.0100755849853158,
    -0.010396264493465424,
    -0.008459766395390034,
    -0.002811877289786935
  ],
  "iteration": [
    1,
    501,
    1001,
    1501,
    2001,
    2501,
    3001,
    3501,
    4001,
    4501,
    5001,
    5501,
    6001,
    6501,
    7001,
    7501
  ]
}