{
  "hypervolume": 1.1734945536488595,
  "r2_indicator": -0.2680909681331855,
  "avg_pairwise_distance": 0.06689085611377507,
  "spacing": 0.06678780913352966,
  "spread": 1.7318154763755946,
  "tds": 0.40088954781319497,
  "mpd": 1.4610376430786076,
  "mce": 0.0,
  "num_modes": 1,
  "pmd": 0.0,
  "pfs": 0.0,
  "pas": 0.06689085611377507,
  "rbd": 0.40093362193362636,
  "fci": 0.4518094725734032,
  "qds": 0.5046413182237285,
  "der": 1.4999663362792863,
  "num_parameters": 68103,
  "training_time": 2357.336059,
  "final_loss": 0.007805752567946911,
  "seed": 1011,
  "exp_name": "top_k_seed1011",
  "hidden_dim": 128,
  "num_layers": 4,
  "conditioning": "concat"
}