{
  "loss": [
    13.380292892456055,
    0.07799206674098969,
    0.0031634585466235876,
    0.0016139588551595807,
    0.010304884053766727,
    0.022714070975780487,
    0.0009722388931550086,
    0.007805752567946911
  ],
  "log_Z": [
    -0.0009999998146668077,
    -0.02385367453098297,
    -0.02693651244044304,
    -0.03145880624651909,
    -0.0374390184879303,
    -0.043376944959163666,
    -0.04862671345472336,
    -0.051907993853092194
  ],
  "iteration": [
    1,
    501,
    1001,
    1501,
    2001,
    2501,
    3001,
    3501
  ]
}