{
  "hypervolume": 1.2036020016102458,
  "r2_indicator": -0.2715024682284666,
  "avg_pairwise_distance": 0.0003252364046225375,
  "spacing": 0.0038187464233487844,
  "spread": 1.4968949389386403,
  "tds": 0.3545999679333013,
  "mpd": 4.61512051684126,
  "mce": 0.0,
  "num_modes": 1,
  "pmd": 0.0,
  "pfs": 0.0,
  "pas": 0.0003252364046225375,
  "rbd": 0.35459996793327925,
  "fci": 0.44699170656634735,
  "qds": 0.4974569714788112,
  "der": 0.005746657324866438,
  "num_parameters": 68103,
  "training_time": 2991.714236,
  "final_loss": 0.007953555323183537,
  "seed": 486,
  "exp_name": "low_subtb_seed486",
  "condition_name": "low_subtb"
}