{
  "loss": [
    239.83560180664062,
    0.06755803525447845,
    0.029860051348805428,
    0.028095759451389313,
    0.019120458513498306,
    0.03963133692741394,
    0.0141909783706069,
    0.007953555323183537
  ],
  "base_loss": [
    249.5554656982422,
    0.11560411006212234,
    0.023943975567817688,
    0.033519309014081955,
    0.014397912658751011,
    0.025642063468694687,
    0.030652660876512527,
    0.014121062122285366
  ],
  "reg_term": [
    -9.719863891601562,
    -0.04804607480764389,
    0.0059160757809877396,
    -0.005423549562692642,
    0.004722545854747295,
    0.013989273458719254,
    -0.016461682505905628,
    -0.0061675067991018295
  ],
  "log_Z": [
    -0.0009999999310821295,
    -0.025100184604525566,
    -0.025952493771910667,
    -0.022313924506306648,
    -0.019521307200193405,
    -0.014874642714858055,
    -0.01161158923059702,
    -0.008229454047977924
  ],
  "iteration": [
    1,
    501,
    1001,
    1501,
    2001,
    2501,
    3001,
    3501
  ]
}