{
  "hypervolume": 1.1734945536488595,
  "r2_indicator": -0.2680909681331855,
  "avg_pairwise_distance": 0.09957397685698356,
  "spacing": 0.07921691983938217,
  "spread": 1.7975913515575168,
  "tds": 0.38204595717136847,
  "mpd": 1.2064930658375275,
  "mce": 0.21392509747401642,
  "num_modes": 2,
  "pmd": 0.0,
  "pfs": 2.1585692696769035e-12,
  "pas": 0.10253734021538738,
  "rbd": 0.38209996681209324,
  "fci": 0.46154002893412405,
  "qds": 0.5151460710909382,
  "der": 40.72697960031699,
  "num_parameters": 2887,
  "training_time": 3048.732823,
  "final_loss": 0.012901723384857178,
  "seed": 123,
  "exp_name": "small_film_seed123",
  "capacity": "small",
  "hidden_dim": 32,
  "num_layers": 2,
  "conditioning": "film",
  "alpha": 1.5,
  "preference_sampling": "dirichlet",
  "loss": "trajectory_balance"
}