{
  "hypervolume": 1.1692031143482569,
  "r2_indicator": -0.26773308338883395,
  "avg_pairwise_distance": 0.15207194742141456,
  "spacing": 0.09963928908109665,
  "spread": 1.7981163305003678,
  "tds": 0.409160346622325,
  "mpd": 1.1110583045258968,
  "mce": 0.28515900207214534,
  "num_modes": 2,
  "pmd": 0.0,
  "pfs": 3.900212198683251e-12,
  "pas": 0.14143310404915335,
  "rbd": 0.40958050198959745,
  "fci": 0.4570955398288348,
  "qds": 0.5320195579021387,
  "der": 36.46815246979903,
  "num_parameters": 2887,
  "training_time": 5199.852955,
  "final_loss": 0.004937137942761183,
  "seed": 123,
  "exp_name": "small_film_seed123",
  "capacity": "small",
  "hidden_dim": 32,
  "num_layers": 2,
  "conditioning": "film",
  "alpha": 1.5,
  "preference_sampling": "dirichlet",
  "loss": "trajectory_balance"
}