{
  "loss": [
    16.322099685668945,
    0.04496148228645325,
    0.05583801120519638,
    0.024142490699887276,
    0.015882279723882675,
    0.02501201257109642,
    0.020139353349804878,
    0.012901723384857178,
    0.024538272991776466,
    0.022674396634101868,
    0.0063335588201880455,
    0.010366084054112434,
    0.0272396020591259,
    0.00338418735191226,
    0.004419196397066116,
    0.009740903042256832,
    0.014367058873176575,
    0.014734867960214615,
    0.006196992471814156,
    0.004937137942761183
  ],
  "log_Z": [
    -0.0009999999310821295,
    -0.05756358429789543,
    -0.05791567638516426,
    -0.058319877833127975,
    -0.05886923894286156,
    -0.05947398766875267,
    -0.06043658405542374,
    -0.06203535944223404,
    -0.06402642279863358,
    -0.06655015796422958,
    -0.06907694041728973,
    -0.07043332606554031,
    -0.07179535180330276,
    -0.07429845631122589,
    -0.07631616294384003,
    -0.0785168930888176,
    -0.08024328202009201,
    -0.08280567079782486,
    -0.0848364531993866,
    -0.08693446218967438
  ],
  "iteration": [
    1,
    501,
    1001,
    1501,
    2001,
    2501,
    3001,
    3501,
    4001,
    4501,
    5001,
    5501,
    6001,
    6501,
    7001,
    7501,
    8001,
    8501,
    9001,
    9501
  ]
}