{
  "loss": [
    16.322099685668945,
    0.04496148228645325,
    0.05583801120519638,
    0.024142490699887276,
    0.015882279723882675,
    0.02501201257109642,
    0.020139353349804878,
    0.012901723384857178
  ],
  "log_Z": [
    -0.0009999999310821295,
    -0.05756358429789543,
    -0.05791567638516426,
    -0.058319877833127975,
    -0.05886923894286156,
    -0.05947398766875267,
    -0.06043658405542374,
    -0.06203535944223404
  ],
  "iteration": [
    1,
    501,
    1001,
    1501,
    2001,
    2501,
    3001,
    3501
  ]
}