{
  "hypervolume": 0.03481354431730958,
  "r2_indicator": -0.10584674197073744,
  "avg_pairwise_distance": 0.5671646021504967,
  "spacing": 0.10092995315790176,
  "spread": 1.1839880087111374,
  "tds": 0.9014611121423457,
  "mpd": 0.6931471805599453,
  "mce": 0.6892877928418277,
  "num_modes": 2,
  "pmd": 0.0,
  "pfs": 0.02100391726511649,
  "pas": 0.5671646021504967,
  "rbd": 0.8902053872053876,
  "fci": 0.3052407749029822,
  "qds": 0.648842107148371,
  "der": 140.6198683795888,
  "num_parameters": 3745,
  "training_time": 3877.154518,
  "final_loss": -0.0975138321518898,
  "seed": 42,
  "exp_name": "small_high_seed42",
  "condition_name": "small_high"
}