{
  "loss": [
    33.90620803833008,
    0.3409196734428406,
    0.15315012633800507,
    0.1294330209493637,
    0.09939983487129211,
    0.045169562101364136,
    0.050721436738967896,
    0.05043835937976837,
    -0.10456690192222595,
    -0.07933057844638824,
    -0.06951643526554108,
    -0.07132847607135773,
    -0.07074815779924393,
    -0.08165406435728073,
    -0.10801152884960175,
    -0.01790781319141388,
    -0.0719800740480423,
    -0.08979055285453796,
    -0.11011363565921783,
    -0.0975138321518898
  ],
  "base_loss": [
    32.38445281982422,
    0.3629802465438843,
    0.3282856345176697,
    0.4079609513282776,
    0.2193082571029663,
    0.1519806981086731,
    0.19248244166374207,
    0.2231602966785431,
    0.13307687640190125,
    0.083164282143116,
    0.11145942658185959,
    0.17009305953979492,
    0.1100652813911438,
    0.08413704484701157,
    0.12097074091434479,
    0.09983853250741959,
    0.07878107577562332,
    0.0686546117067337,
    0.07893173396587372,
    0.10185665637254715
  ],
  "reg_term": [
    1.5217552185058594,
    -0.0220605731010437,
    -0.1751355081796646,
    -0.2785279303789139,
    -0.1199084222316742,
    -0.10681113600730896,
    -0.14176100492477417,
    -0.17272193729877472,
    -0.2376437783241272,
    -0.16249486058950424,
    -0.18097586184740067,
    -0.24142153561115265,
    -0.18081343919038773,
    -0.1657911092042923,
    -0.22898226976394653,
    -0.11774634569883347,
    -0.15076114982366562,
    -0.15844516456127167,
    -0.18904536962509155,
    -0.19937048852443695
  ],
  "log_Z": [
    -0.0009999999310821295,
    -0.19262118637561798,
    -0.20409181714057922,
    -0.16854356229305267,
    -0.14532281458377838,
    -0.13008162379264832,
    -0.11743343621492386,
    -0.11461500823497772,
    -0.10579019784927368,
    -0.09825759381055832,
    -0.09138187021017075,
    -0.0872688889503479,
    -0.09130936115980148,
    -0.09022653847932816,
    -0.08182203769683838,
    -0.08929762244224548,
    -0.08620969951152802,
    -0.09247839450836182,
    -0.0919206514954567,
    -0.0970105528831482
  ],
  "iteration": [
    1,
    501,
    1001,
    1501,
    2001,
    2501,
    3001,
    3501,
    4001,
    4501,
    5001,
    5501,
    6001,
    6501,
    7001,
    7501,
    8001,
    8501,
    9001,
    9501
  ]
}