hypervolume,r2_indicator,avg_pairwise_distance,spacing,spread,tds,mpd,mce,num_modes,pmd,pfs,pas,rbd,fci,qds,der,num_parameters,training_time,final_loss,seed,exp_name,condition_name,capacity_level,loss_level
0.1099999814460865,-0.04536363568894863,0.0,0.0,1.0,0.36338303671637007,4.61512051684126,0.0,1,0.0,0.0,0.0,0.36338303671635075,0.4814988290398128,0.04545453778763904,0.0,9351,7485.452217,0.0511527955532074,42,medium_tb_seed42,medium_tb,medium,tb
1.209951909422547,-0.27221662001703784,0.007037130580912233,0.057387810200452805,1.4981826398821454,0.04249799583132916,0.6931471805599453,0.02281939912265915,2,0.0,0.809069884584329,0.007037130580912233,0.042497995831330154,0.5372184065934067,0.22656599962371096,0.351367958075814,9351,7710.417574,0.5042926073074341,153,medium_tb_seed153,medium_tb,medium,tb
0.1099999814460865,-0.04536363568894863,0.0,0.0,1.0,0.26577200577200577,4.564348191467836,0.0,1,0.0,0.0,0.0,0.265772005771997,0.5404667207792209,0.04545453778763904,0.0,9351,8125.407951,0.3222636580467224,264,medium_tb_seed264,medium_tb,medium,tb
1.2099957611942649,-0.27222190249540756,0.17042554689682052,0.10393816977739334,1.497008024049753,0.12634940872314462,0.8304737166434589,0.14228770157569468,6,0.0,0.7309042420293324,0.17042554689682052,0.12624441300260345,0.5608252122353852,0.10023138319589711,8.512866543753368,9351,7707.318656,0.398642897605896,375,medium_tb_seed375,medium_tb,medium,tb
1.1898428336098807,-0.26995467580192967,0.00019633687214071476,5.960464477539063e-08,1.4907440601067599,0.37920474587141256,4.61512051684126,0.0,1,0.0,0.0,0.00019633687214071476,0.3792047458713923,0.4790061289346248,0.49173328652951404,0.009350750895923247,9351,8083.507101,0.3862452507019043,486,medium_tb_seed486,medium_tb,medium,tb
0.1099999814460865,-0.04536363568894863,0.0,0.0,1.0,0.13722943722943723,2.833213344056216,0.0,1,0.0,0.0,0.0,0.13722943722943293,0.5581159420289854,0.04545453778763904,0.0,9351,3701.267158,0.13212859630584717,42,medium_subtb_seed42,medium_subtb,medium,subtb
