hypervolume,r2_indicator,avg_pairwise_distance,spacing,spread,tds,mpd,mce,num_modes,pmd,pfs,pas,rbd,fci,qds,der,num_parameters,training_time,final_loss,seed,exp_name,condition_name,capacity_level,loss_level
0.1099999814460865,-0.04536363568894863,0.0,0.0,1.0,0.36338303671637007,4.61512051684126,0.0,1,0.0,0.0,0.0,0.36338303671635075,0.4814988290398128,0.04545453778763904,0.0,9351,7485.452217,0.0511527955532074,42,medium_tb_seed42,medium_tb,medium,tb
1.209951909422547,-0.27221662001703784,0.007037130580912233,0.057387810200452805,1.4981826398821454,0.04249799583132916,0.6931471805599453,0.02281939912265915,2,0.0,0.809069884584329,0.007037130580912233,0.042497995831330154,0.5372184065934067,0.22656599962371096,0.351367958075814,9351,7710.417574,0.5042926073074341,153,medium_tb_seed153,medium_tb,medium,tb
