{
  "hypervolume": 1.4635143600000007,
  "r2_indicator": -0.06914373351163743,
  "avg_pairwise_distance": 0.3159475548561624,
  "spacing": 1.0574575881605597e-08,
  "spread": 0.39989790036783046,
  "tds": 0.6368181818181818,
  "mpd": 0.6931471805599453,
  "mce": 0.5921626175861163,
  "num_modes": 143,
  "pmd": 0.0,
  "pfs": 0.0,
  "pas": 0.3159475548561624,
  "rbd": 0.6368181818181818,
  "fci": 0.38135802469135816,
  "qds": 0.5718062624673096,
  "der": 3.5070931117634414,
  "num_parameters": 70923,
  "training_time": 4572.809458,
  "final_loss": 0.11342975497245789,
  "seed": 153,
  "exp_name": "low_tb_seed153",
  "condition_name": "low_tb"
}