{
  "loss": [
    103.06117248535156,
    1.754680871963501,
    2.710580348968506,
    0.8956066370010376,
    0.24592626094818115,
    0.2331101894378662,
    0.23478683829307556,
    1.4835375547409058,
    2.1330783367156982,
    0.150297611951828,
    0.6367509365081787,
    0.8718082308769226,
    0.15073591470718384,
    0.13702771067619324,
    0.3886812627315521,
    0.11342975497245789
  ],
  "base_loss": [
    103.06117248535156,
    1.754680871963501,
    2.710580348968506,
    0.8956066370010376,
    0.24592626094818115,
    0.2331101894378662,
    0.23478683829307556,
    1.4835375547409058,
    2.1330783367156982,
    0.150297611951828,
    0.6367509365081787,
    0.8718082308769226,
    0.15073591470718384,
    0.13702771067619324,
    0.3886812627315521,
    0.11342975497245789
  ],
  "reg_term": [
    0.0,
    0.0,
    0.0,
    0.0,
    0.0,
    0.0,
    0.0,
    0.0,
    0.0,
    0.0,
    0.0,
    0.0,
    0.0,
    0.0,
    0.0,
    0.0
  ],
  "log_Z": [
    -0.0009999998146668077,
    -0.026571078225970268,
    -0.04593948274850845,
    -0.058484312146902084,
    -0.06949912756681442,
    -0.08359096944332123,
    -0.09135080873966217,
    -0.10444758832454681,
    -0.11172853410243988,
    -0.11983777582645416,
    -0.12991321086883545,
    -0.13624507188796997,
    -0.14425726234912872,
    -0.15398776531219482,
    -0.16332463920116425,
    -0.16962389647960663
  ],
  "iteration": [
    1,
    501,
    1001,
    1501,
    2001,
    2501,
    3001,
    3501,
    4001,
    4501,
    5001,
    5501,
    6001,
    6501,
    7001,
    7501
  ]
}