{
  "hypervolume": 1.1905379060681678,
  "r2_indicator": -0.27005408811418696,
  "avg_pairwise_distance": 0.11013342844793801,
  "spacing": 0.09492434561252594,
  "spread": 1.7762840595821128,
  "tds": 0.37785055798156236,
  "mpd": 1.2900366157317742,
  "mce": 0.09558351166839092,
  "num_modes": 3,
  "pmd": 0.0,
  "pfs": 0.0,
  "pas": 0.10864772745213865,
  "rbd": 0.3779332452059808,
  "fci": 0.48269780453688504,
  "qds": 0.5185400073752905,
  "der": 1.4258245610440987,
  "num_parameters": 69127,
  "training_time": 4022.609349,
  "final_loss": 0.0016766733024269342,
  "seed": 456,
  "exp_name": "large_film_seed456",
  "capacity": "large",
  "hidden_dim": 128,
  "num_layers": 4,
  "conditioning": "film",
  "alpha": 1.5,
  "preference_sampling": "dirichlet",
  "loss": "trajectory_balance"
}