{
  "loss": [
    14.41681957244873,
    0.029157504439353943,
    0.007218349725008011,
    0.014470726251602173,
    0.0031269381288439035,
    0.003234755713492632,
    0.008265937678515911,
    0.0016766733024269342
  ],
  "log_Z": [
    -0.0009999999310821295,
    -0.023207006976008415,
    -0.028502877801656723,
    -0.032640378922224045,
    -0.035393502563238144,
    -0.037672702223062515,
    -0.03956931456923485,
    -0.04157581552863121
  ],
  "iteration": [
    1,
    501,
    1001,
    1501,
    2001,
    2501,
    3001,
    3501
  ]
}