{
  "hypervolume": 1.1941006575887376,
  "r2_indicator": -0.2704561490660364,
  "avg_pairwise_distance": 0.4517645259819485,
  "spacing": 0.15910875797271729,
  "spread": 1.4133684911351307,
  "tds": 0.5859545339305332,
  "mpd": 1.0253413126830904,
  "mce": 0.559363559262956,
  "num_modes": 44,
  "pmd": 0.0,
  "pfs": 0.09270368564241685,
  "pas": 0.4517645259819485,
  "rbd": 0.5825337984125939,
  "fci": 0.44177388805434004,
  "qds": 0.6283444008891549,
  "der": 10.602344639889152,
  "num_parameters": 68103,
  "training_time": 2252.404912,
  "final_loss": -0.589442789554596,
  "seed": 153,
  "exp_name": "entropy_01_seed153",
  "capacity": "medium",
  "hidden_dim": 128,
  "num_layers": 4,
  "pfs_metadata": {
    "recalculated": true,
    "recalculation_date": "2025-12-01T16:14:24.171086",
    "old_value": 0.002396701924102911,
    "method": "extended_pfs_with_manifold_projection"
  }
}