{
  "loss": [
    11.360233306884766,
    -0.6646958589553833,
    -0.6206676363945007,
    -0.698257565498352,
    -0.5825857520103455,
    -0.5662383437156677,
    -0.5846532583236694,
    -0.589442789554596
  ],
  "base_loss": [
    11.181583404541016,
    0.003739497158676386,
    0.0050163473933935165,
    0.00598906958475709,
    0.009634014219045639,
    0.012071091681718826,
    0.01362072117626667,
    0.005197392776608467
  ],
  "reg_term": [
    0.17864990234375,
    -0.6684353561140597,
    -0.6256839837878942,
    -0.7042466350831091,
    -0.5922197662293911,
    -0.5783094353973866,
    -0.5982739794999361,
    -0.5946401823312044
  ],
  "log_Z": [
    -0.0009999999310821295,
    -0.02887130342423916,
    -0.039337411522865295,
    -0.05638054013252258,
    -0.07886286079883575,
    -0.10761500149965286,
    -0.14218424260616302,
    -0.18553808331489563
  ],
  "iteration": [
    1,
    501,
    1001,
    1501,
    2001,
    2501,
    3001,
    3501
  ]
}