{
  "hypervolume": 1.0611310329594041,
  "r2_indicator": -0.25438462684069707,
  "avg_pairwise_distance": 0.0003282758324944934,
  "spacing": 0.009744018316268921,
  "spread": 1.4321593869505735,
  "tds": 0.3534776334776335,
  "mpd": 4.61512051684126,
  "mce": 0.0,
  "num_modes": 1,
  "pmd": 0.0,
  "pfs": 0.0,
  "pas": 0.0003282758324944934,
  "rbd": 0.35347763347761246,
  "fci": 0.4633261589403972,
  "qds": 0.438589409765862,
  "der": 0.0058199692760021226,
  "num_parameters": 68103,
  "training_time": 2981.634993,
  "final_loss": 0.012206720188260078,
  "seed": 153,
  "exp_name": "low_subtb_seed153",
  "condition_name": "low_subtb"
}