{
  "loss": [
    223.87677001953125,
    0.04898081347346306,
    0.1295042186975479,
    0.062216468155384064,
    0.02268030121922493,
    0.07543158531188965,
    0.01424768939614296,
    0.012206720188260078
  ],
  "base_loss": [
    236.7851104736328,
    0.031675998121500015,
    0.10631373524665833,
    0.14342962205410004,
    0.016268182545900345,
    0.08613928407430649,
    0.022790245711803436,
    0.012862179428339005
  ],
  "reg_term": [
    -12.908340454101562,
    0.017304815351963043,
    0.023190483450889587,
    -0.08121315389871597,
    0.006412118673324585,
    -0.01070769876241684,
    -0.008542556315660477,
    -0.0006554592400789261
  ],
  "log_Z": [
    -0.0009999999310821295,
    -0.022677671164274216,
    -0.02281964384019375,
    -0.01994357258081436,
    -0.016476638615131378,
    -0.01599402166903019,
    -0.018251843750476837,
    -0.021941540762782097
  ],
  "iteration": [
    1,
    501,
    1001,
    1501,
    2001,
    2501,
    3001,
    3501
  ]
}