{
  "hypervolume": 1.1909610166891182,
  "r2_indicator": -0.2700896814515758,
  "avg_pairwise_distance": 0.49913642905843,
  "spacing": 0.18616466224193573,
  "spread": 1.5662169724217927,
  "tds": 0.3788013468013468,
  "mpd": 4.584967478670572,
  "mce": 0.4484461605696732,
  "num_modes": 41,
  "pmd": 0.0,
  "pfs": 0.0007226164664960912,
  "pas": 0.49913642905843,
  "rbd": 0.37880134680135286,
  "fci": 0.45291015625,
  "qds": 0.6435703072087422,
  "der": 14.135398923514119,
  "num_parameters": 68103,
  "training_time": 1866.583642,
  "final_loss": 0.0018492115195840597,
  "seed": 1011,
  "exp_name": "diverse_sampling_seed1011",
  "hidden_dim": 128,
  "num_layers": 4,
  "conditioning": "concat"
}