{
  "loss": [
    13.021106719970703,
    0.04469739645719528,
    0.0034531676210463047,
    0.004584585316479206,
    0.010824889875948429,
    0.003944248892366886,
    0.00038686778862029314,
    0.0018492115195840597
  ],
  "log_Z": [
    -0.0009999999310821295,
    -0.02339615859091282,
    -0.028193866834044456,
    -0.03312542662024498,
    -0.03732306882739067,
    -0.041956450790166855,
    -0.04600325599312782,
    -0.04979501664638519
  ],
  "iteration": [
    1,
    501,
    1001,
    1501,
    2001,
    2501,
    3001,
    3501
  ]
}