{
  "hypervolume": 1.1908689608493035,
  "r2_indicator": -0.27006888622816916,
  "avg_pairwise_distance": 0.493400552077175,
  "spacing": 0.17917266488075256,
  "spread": 1.5372789937392763,
  "tds": 0.5716818923069615,
  "mpd": 0.967341407979035,
  "mce": 0.5120338253012697,
  "num_modes": 50,
  "pmd": 0.0,
  "pfs": 0.05934197511710695,
  "pas": 0.493400552077175,
  "rbd": 0.5703456223910772,
  "fci": 0.43828781512605053,
  "qds": 0.641726726522607,
  "der": 11.234509191852883,
  "num_parameters": 68103,
  "training_time": 2321.570008,
  "final_loss": -0.054927416145801544,
  "seed": 42,
  "exp_name": "temperature_scaled_logits_seed42",
  "capacity": "medium",
  "hidden_dim": 128,
  "num_layers": 4,
  "pfs_metadata": {
    "recalculated": true,
    "recalculation_date": "2025-12-01T16:15:31.425772",
    "old_value": 0.015479372544699627,
    "method": "extended_pfs_with_manifold_projection"
  }
}