{
  "loss": [
    12.366357803344727,
    -0.053931813687086105,
    -0.06177956610918045,
    -0.06141277775168419,
    -0.05837500840425491,
    -0.052287306636571884,
    -0.056894466280937195,
    -0.054927416145801544
  ],
  "base_loss": [
    12.53355884552002,
    0.012193846516311169,
    0.0019805089104920626,
    0.0037196294870227575,
    0.002400751691311598,
    0.006651623174548149,
    0.0009522522450424731,
    0.004149798769503832
  ],
  "reg_term": [
    -0.16720104217529297,
    -0.06612566020339727,
    -0.06376007501967251,
    -0.06513240723870695,
    -0.06077576009556651,
    -0.05893892981112003,
    -0.05784671852597967,
    -0.059077214915305376
  ],
  "log_Z": [
    -0.0009999998146668077,
    -0.025288507342338562,
    -0.02366730384528637,
    -0.023125439882278442,
    -0.024386273697018623,
    -0.026869118213653564,
    -0.03028913401067257,
    -0.034892838448286057
  ],
  "iteration": [
    1,
    501,
    1001,
    1501,
    2001,
    2501,
    3001,
    3501
  ]
}