{
  "hypervolume": 0.8198819876309243,
  "r2_indicator": -0.21717428887161344,
  "avg_pairwise_distance": 0.004800750199480663,
  "spacing": 0.017803901806473732,
  "spread": 1.591660576512963,
  "tds": 0.3847003367003367,
  "mpd": 4.564348191467836,
  "mce": 0.0,
  "num_modes": 1,
  "pmd": 0.0,
  "pfs": 3.03955132540062e-14,
  "pas": 0.004800750199480663,
  "rbd": 0.3847003367003413,
  "fci": 0.4167857142857143,
  "qds": 0.3263834248425827,
  "der": 0.10589258432302036,
  "num_parameters": 68103,
  "training_time": 2396.513162,
  "final_loss": 0.006662883795797825,
  "seed": 1011,
  "exp_name": "temp_low_seed1011",
  "hidden_dim": 128,
  "num_layers": 4,
  "conditioning": "concat"
}