{
  "hypervolume": 1.1692031143482569,
  "r2_indicator": -0.26859282999952333,
  "avg_pairwise_distance": 0.11633931422179296,
  "spacing": 0.08781019598245621,
  "spread": 1.7909960859818408,
  "tds": 0.2746898597626753,
  "mpd": 1.1246364500091401,
  "mce": 0.22977710375446295,
  "num_modes": 2,
  "pmd": 0.0,
  "pfs": 0.0,
  "pas": 0.11633931422179296,
  "rbd": 0.27499265381083965,
  "fci": 0.5707133917396747,
  "qds": 0.5205346546089096,
  "der": 516.6156220355549,
  "num_parameters": 9863,
  "training_time": 82.196331,
  "final_loss": 14.738520622253418,
  "seed": 1011,
  "exp_name": "temp_low_seed1011",
  "hidden_dim": 64,
  "num_layers": 3,
  "conditioning": "film"
}