{
  "loss": [
    14.738520622253418
  ],
  "log_Z": [
    -0.0009999998146668077
  ],
  "iteration": [
    1
  ]
}