{
  "loss": [
    13.191781997680664,
    0.05327540263533592,
    0.05473628640174866,
    0.011525492183864117,
    0.005580950528383255,
    0.0038606009911745787,
    0.001946776988916099,
    0.006662883795797825
  ],
  "log_Z": [
    -0.0009999999310821295,
    -0.02289241924881935,
    -0.02852476015686989,
    -0.035648297518491745,
    -0.041051048785448074,
    -0.047099772840738297,
    -0.052509453147649765,
    -0.05659356340765953
  ],
  "iteration": [
    1,
    501,
    1001,
    1501,
    2001,
    2501,
    3001,
    3501
  ]
}