{
  "loss": [
    13.220379829406738,
    0.01709432527422905,
    0.024885287508368492,
    0.026826120913028717,
    0.0029144498985260725,
    0.00813567265868187,
    0.011202627792954445,
    0.005800774786621332
  ],
  "log_Z": [
    -0.0009999998146668077,
    -0.023262232542037964,
    -0.028962310403585434,
    -0.03474528342485428,
    -0.04242876172065735,
    -0.05003771930932999,
    -0.05625705048441887,
    -0.0634104385972023
  ],
  "iteration": [
    1,
    501,
    1001,
    1501,
    2001,
    2501,
    3001,
    3501
  ]
}