{
  "hypervolume": 1.1861610510823388,
  "r2_indicator": -0.26955599801027863,
  "avg_pairwise_distance": 0.0889492756878535,
  "spacing": 0.09061500430107117,
  "spread": 1.7362940397760431,
  "tds": 0.3841758419470911,
  "mpd": 1.3914229708976829,
  "mce": 0.10211171698753213,
  "num_modes": 4,
  "pmd": 0.0,
  "pfs": 0.031608509793894374,
  "pas": 0.08970705038144981,
  "rbd": 0.3842448539115276,
  "fci": 0.4637806724028044,
  "qds": 0.5117311627978599,
  "der": 0.1581883023837303,
  "num_parameters": 269319,
  "training_time": 7516.29052,
  "final_loss": 0.0027290452271699905,
  "seed": 456,
  "exp_name": "xlarge_film_seed456",
  "capacity": "xlarge",
  "hidden_dim": 256,
  "num_layers": 4,
  "conditioning": "film",
  "alpha": 1.5,
  "preference_sampling": "dirichlet",
  "loss": "trajectory_balance",
  "pfs_metadata": {
    "recalculated": true,
    "recalculation_date": "2025-12-01T16:13:17.066254",
    "old_value": 2.1701143429477492e-14,
    "method": "extended_pfs_with_manifold_projection"
  }
}