{
  "loss": [
    17.225589752197266,
    0.019881093874573708,
    0.007163577247411013,
    0.012442600913345814,
    0.004132715053856373,
    0.009281464852392673,
    0.003383124712854624,
    0.0027290452271699905
  ],
  "log_Z": [
    -0.0009999998146668077,
    -0.019281450659036636,
    -0.02275732345879078,
    -0.025247722864151,
    -0.0274918582290411,
    -0.02961854077875614,
    -0.0312826931476593,
    -0.03357486426830292
  ],
  "iteration": [
    1,
    501,
    1001,
    1501,
    2001,
    2501,
    3001,
    3501
  ]
}