{
  "hypervolume": 1.209999820185442,
  "r2_indicator": -0.27222220199514846,
  "avg_pairwise_distance": 0.5152521770782955,
  "spacing": 0.19124028086662292,
  "spread": 1.8637856086358953,
  "tds": 0.4338274538160908,
  "mpd": 0.8289587307360231,
  "mce": 0.3025684563347657,
  "num_modes": 11,
  "pmd": 0.0,
  "pfs": 5.700955090392299e-11,
  "pas": 0.5152521770782955,
  "rbd": 0.44699432752159396,
  "fci": 0.5498678185337298,
  "qds": 0.6656082375418059,
  "der": 929.0286571026635,
  "num_parameters": 519,
  "training_time": 3847.032611,
  "final_loss": 0.06684510409832001,
  "seed": 153,
  "exp_name": "small_veryhigh_seed153",
  "condition_name": "small_veryhigh"
}