{
  "loss": [
    231.87692260742188,
    13.905966758728027,
    0.23503923416137695,
    0.46166568994522095,
    0.08544735610485077,
    0.20439578592777252,
    0.20302703976631165,
    0.06684510409832001
  ],
  "base_loss": [
    238.38099670410156,
    14.800530433654785,
    0.2558287978172302,
    0.4236196279525757,
    0.09014663100242615,
    0.2275836169719696,
    0.5014355778694153,
    0.05121532082557678
  ],
  "reg_term": [
    -6.5040740966796875,
    -0.8945636749267578,
    -0.02078956365585327,
    0.038046061992645264,
    -0.004699274897575378,
    -0.023187831044197083,
    -0.29840853810310364,
    0.015629783272743225
  ],
  "log_Z": [
    -0.0009999999310821295,
    -0.16159342229366302,
    -0.18653343617916107,
    -0.1893274039030075,
    -0.19157665967941284,
    -0.19276569783687592,
    -0.19345656037330627,
    -0.19437013566493988
  ],
  "iteration": [
    1,
    501,
    1001,
    1501,
    2001,
    2501,
    3001,
    3501
  ]
}