{
  "hypervolume": 1.4641000000000006,
  "r2_indicator": -0.0646003730159356,
  "avg_pairwise_distance": 0.29012123088938435,
  "spacing": 0.0008367541595362127,
  "spread": 0.4059616896751087,
  "tds": 0.5934090909090909,
  "mpd": 0.6931471805599453,
  "mce": 0.5571213566516987,
  "num_modes": 84,
  "pmd": 0.0,
  "pfs": 0.0,
  "pas": 0.29012123088938435,
  "rbd": 0.5934090909090909,
  "fci": 0.3761649400771887,
  "qds": 0.565936643383951,
  "der": 147.87774428909964,
  "num_parameters": 2443,
  "training_time": 2891.050833,
  "final_loss": 1.4056017398834229,
  "seed": 486,
  "exp_name": "small_low_seed486",
  "condition_name": "small_low"
}