{
  "loss": [
    136.82461547851562,
    2.421286106109619,
    2.1288464069366455,
    2.5032966136932373,
    2.885120391845703,
    1.724604845046997,
    1.7563117742538452,
    0.330117791891098,
    0.9650495648384094,
    4.268776893615723,
    3.974013566970825,
    0.813747227191925,
    1.6831222772598267,
    2.5237956047058105,
    1.0433752536773682,
    1.4056017398834229
  ],
  "base_loss": [
    187.47793579101562,
    1.4381757974624634,
    3.705451011657715,
    4.83921480178833,
    3.0861053466796875,
    2.176729202270508,
    0.5848245024681091,
    0.5727618932723999,
    2.1530189514160156,
    3.8131234645843506,
    2.493809461593628,
    2.7328600883483887,
    1.7279777526855469,
    1.5651501417160034,
    0.7779579162597656,
    1.9494702816009521
  ],
  "reg_term": [
    -50.6533203125,
    0.9831103086471558,
    -1.5766046047210693,
    -2.3359181880950928,
    -0.20098495483398438,
    -0.45212435722351074,
    1.171487271785736,
    -0.24264410138130188,
    -1.1879693865776062,
    0.45565342903137207,
    1.4802041053771973,
    -1.9191128611564636,
    -0.044855475425720215,
    0.9586454629898071,
    0.26541733741760254,
    -0.5438685417175293
  ],
  "log_Z": [
    -0.0009999999310821295,
    -0.043923262506723404,
    -0.01171029917895794,
    0.017532724887132645,
    0.028123483061790466,
    0.047071103006601334,
    0.06405127048492432,
    0.0668339654803276,
    0.0755232572555542,
    0.0697162076830864,
    0.06915590167045593,
    0.06640629470348358,
    0.07459184527397156,
    0.07022806257009506,
    0.07423900067806244,
    0.0763186663389206
  ],
  "iteration": [
    1,
    501,
    1001,
    1501,
    2001,
    2501,
    3001,
    3501,
    4001,
    4501,
    5001,
    5501,
    6001,
    6501,
    7001,
    7501
  ]
}