{
  "hypervolume": 1.1941006575887376,
  "r2_indicator": -0.2704561490660364,
  "avg_pairwise_distance": 0.21793428928100378,
  "spacing": 0.09469875693321228,
  "spread": 1.3467498778530806,
  "tds": 0.39171717171717174,
  "mpd": 2.596478425445105,
  "mce": 0.5792937081410601,
  "num_modes": 46,
  "pmd": 0.0,
  "pfs": 0.0022757893369938133,
  "pas": 0.21793428928100378,
  "rbd": 0.3917171717171764,
  "fci": 0.42267013790017494,
  "qds": 0.5531885163356578,
  "der": 11.40631095901495,
  "num_parameters": 68103,
  "training_time": 1009.988937,
  "final_loss": 0.0005645611672662199,
  "seed": 42,
  "exp_name": "off_policy_50_seed42",
  "hidden_dim": 128,
  "num_layers": 4,
  "conditioning": "concat"
}