{
  "loss": [
    12.958637237548828,
    0.031828802078962326,
    0.0044354721903800964,
    0.002227043965831399,
    0.0014970680931583047,
    0.00376692321151495,
    0.0005123256123624742,
    0.0005645611672662199
  ],
  "log_Z": [
    -0.0009999999310821295,
    -0.026306631043553352,
    -0.030199628323316574,
    -0.032962121069431305,
    -0.03586419299244881,
    -0.04029430076479912,
    -0.042596906423568726,
    -0.04516219720244408
  ],
  "iteration": [
    1,
    501,
    1001,
    1501,
    2001,
    2501,
    3001,
    3501
  ]
}