{
  "hypervolume": 1.4641000000000006,
  "r2_indicator": -0.07590025447924478,
  "avg_pairwise_distance": 0.2082793449485381,
  "spacing": 8.974161858077423e-09,
  "spread": 0.5104511588155508,
  "tds": 0.5043939393939394,
  "mpd": 0.6931471805599453,
  "mce": 0.4201064027855415,
  "num_modes": 68,
  "pmd": 0.0,
  "pfs": 0.0,
  "pas": 0.2082793449485381,
  "rbd": 0.5043939393939394,
  "fci": 0.3847227414330219,
  "qds": 0.5473362147610313,
  "der": 106.24769757442871,
  "num_parameters": 2443,
  "training_time": 2888.721737,
  "final_loss": 3.157731771469116,
  "seed": 375,
  "exp_name": "small_low_seed375",
  "condition_name": "small_low"
}