{
  "loss": [
    113.21662139892578,
    10.15350341796875,
    2.3802459239959717,
    3.2892653942108154,
    1.1675045490264893,
    1.3179031610488892,
    1.7764294147491455,
    3.5993824005126953,
    2.140141248703003,
    2.1367759704589844,
    2.6907949447631836,
    2.891542434692383,
    0.5511816740036011,
    1.1660637855529785,
    1.6464933156967163,
    3.157731771469116
  ],
  "base_loss": [
    102.26762390136719,
    10.084749221801758,
    3.6478240489959717,
    3.4740586280822754,
    2.084075689315796,
    1.6613848209381104,
    0.7012914419174194,
    4.374712944030762,
    0.736027181148529,
    3.131432056427002,
    3.831573963165283,
    3.1613104343414307,
    0.30153292417526245,
    1.551398754119873,
    2.7797791957855225,
    3.268315315246582
  ],
  "reg_term": [
    10.948997497558594,
    0.06875419616699219,
    -1.267578125,
    -0.18479323387145996,
    -0.9165711402893066,
    -0.3434816598892212,
    1.075137972831726,
    -0.7753305435180664,
    1.4041140675544739,
    -0.9946560859680176,
    -1.1407790184020996,
    -0.26976799964904785,
    0.24964874982833862,
    -0.38533496856689453,
    -1.1332858800888062,
    -0.11058354377746582
  ],
  "log_Z": [
    -0.0009999999310821295,
    -0.03699739649891853,
    -0.029368583112955093,
    -0.012611640617251396,
    -0.009213932789862156,
    0.0047011771239340305,
    0.014339354820549488,
    0.02104106917977333,
    0.027721354737877846,
    0.036916349083185196,
    0.03482230007648468,
    0.04151769354939461,
    0.04917985200881958,
    0.04993637651205063,
    0.05036340653896332,
    0.057928021997213364
  ],
  "iteration": [
    1,
    501,
    1001,
    1501,
    2001,
    2501,
    3001,
    3501,
    4001,
    4501,
    5001,
    5501,
    6001,
    6501,
    7001,
    7501
  ]
}