{
  "hypervolume": 1.4641000000000006,
  "r2_indicator": -0.0646003730159356,
  "avg_pairwise_distance": 0.3142237043174549,
  "spacing": 0.0008367541595362127,
  "spread": 0.40309227221017724,
  "tds": 0.5996717171717172,
  "mpd": 0.6931471805599453,
  "mce": 0.5691863511521282,
  "num_modes": 136,
  "pmd": 0.0,
  "pfs": 0.0,
  "pas": 0.3142237043174549,
  "rbd": 0.5996717171717172,
  "fci": 0.3825237505163157,
  "qds": 0.571414478253967,
  "der": 221.59312254977547,
  "num_parameters": 2443,
  "training_time": 2089.59298,
  "final_loss": 2.501786708831787,
  "seed": 486,
  "exp_name": "small_subtb_seed486",
  "condition_name": "small_subtb"
}