{
  "hypervolume": 1.4641000000000006,
  "r2_indicator": -0.0646003730159356,
  "avg_pairwise_distance": 0.2770876656134357,
  "spacing": 0.0005917040980421007,
  "spread": 0.43914241888370104,
  "tds": 0.5980808080808081,
  "mpd": 0.6931471805599453,
  "mce": 0.5653508856053224,
  "num_modes": 79,
  "pmd": 0.0,
  "pfs": 0.7739351589333117,
  "pas": 0.2770876656134357,
  "rbd": 0.5980808080808081,
  "fci": 0.3805289052890528,
  "qds": 0.562974469457599,
  "der": 135.390864749929,
  "num_parameters": 2443,
  "training_time": 3015.830059,
  "final_loss": 4.646911144256592,
  "seed": 486,
  "exp_name": "small_subtb_seed486",
  "condition_name": "small_subtb",
  "pfs_metadata": {
    "recalculated": true,
    "recalculation_date": "2025-12-01T23:59:17.673074",
    "old_value": 0.0,
    "method": "extended_pfs_with_manifold_projection"
  }
}