{
  "loss": [
    141.26766967773438,
    3.6987555027008057,
    4.461702346801758,
    5.748241901397705,
    7.567399024963379,
    3.22882080078125,
    4.239726543426514,
    1.5342530012130737,
    7.121650695800781,
    8.661056518554688,
    2.4427084922790527,
    3.564682960510254,
    1.0324968099594116,
    1.9703667163848877,
    0.683465838432312,
    4.646911144256592
  ],
  "base_loss": [
    136.73085021972656,
    5.929762840270996,
    6.7877607345581055,
    3.44437575340271,
    8.009224891662598,
    3.0818848609924316,
    3.8251688480377197,
    1.6006660461425781,
    8.251623153686523,
    7.281285285949707,
    1.5557935237884521,
    2.0593063831329346,
    0.9757734537124634,
    1.666318416595459,
    1.3574650287628174,
    1.5106098651885986
  ],
  "reg_term": [
    4.5368194580078125,
    -2.2310073375701904,
    -2.3260583877563477,
    2.303866147994995,
    -0.44182586669921875,
    0.14693593978881836,
    0.41455769538879395,
    -0.0664130449295044,
    -1.1299724578857422,
    1.3797712326049805,
    0.8869149684906006,
    1.5053765773773193,
    0.05672335624694824,
    0.3040482997894287,
    -0.6739991903305054,
    3.136301279067993
  ],
  "log_Z": [
    -0.0009999999310821295,
    -0.03226406127214432,
    -0.005403629969805479,
    0.011116608045995235,
    0.03009745106101036,
    0.0358523353934288,
    0.04932310804724693,
    0.045950036495923996,
    0.049646880477666855,
    0.0527312234044075,
    0.055454056710004807,
    0.04851754009723663,
    0.053173281252384186,
    0.05085831880569458,
    0.044615305960178375,
    0.04289185255765915
  ],
  "iteration": [
    1,
    501,
    1001,
    1501,
    2001,
    2501,
    3001,
    3501,
    4001,
    4501,
    5001,
    5501,
    6001,
    6501,
    7001,
    7501
  ]
}