{
  "loss": [
    155.31280517578125,
    2.344468832015991,
    1.3942818641662598,
    4.604421615600586,
    4.946258544921875,
    2.011748790740967,
    1.4931955337524414,
    0.541473388671875,
    2.2306416034698486,
    6.984557628631592,
    2.6147449016571045,
    1.5777345895767212,
    0.3787664771080017,
    2.8065121173858643,
    0.34131288528442383,
    2.501786708831787
  ],
  "base_loss": [
    172.6235809326172,
    4.111261367797852,
    2.476048707962036,
    5.696559906005859,
    4.903100967407227,
    2.186875820159912,
    0.5253608226776123,
    0.4104301333427429,
    1.3686507940292358,
    5.3127970695495605,
    1.2401570081710815,
    2.8057498931884766,
    0.6933351755142212,
    3.098315954208374,
    1.1630197763442993,
    0.9026294350624084
  ],
  "reg_term": [
    -17.310775756835938,
    -1.7667925357818604,
    -1.0817668437957764,
    -1.0921382904052734,
    0.04315757751464844,
    -0.1751270294189453,
    0.9678347110748291,
    0.13104325532913208,
    0.8619908094406128,
    1.6717605590820312,
    1.374587893486023,
    -1.2280153036117554,
    -0.3145686984062195,
    -0.29180383682250977,
    -0.8217068910598755,
    1.5991572737693787
  ],
  "log_Z": [
    -0.0009999999310821295,
    -0.043415430933237076,
    -0.009948497638106346,
    0.02041498012840748,
    0.033899255096912384,
    0.050699375569820404,
    0.05816306546330452,
    0.06537521630525589,
    0.06781309843063354,
    0.07098850607872009,
    0.07884658128023148,
    0.07650400698184967,
    0.08167070150375366,
    0.08909428119659424,
    0.08324676752090454,
    0.08620380610227585
  ],
  "iteration": [
    1,
    501,
    1001,
    1501,
    2001,
    2501,
    3001,
    3501,
    4001,
    4501,
    5001,
    5501,
    6001,
    6501,
    7001,
    7501
  ]
}