{
  "hypervolume": 1.1798762941918166,
  "r2_indicator": -0.2688443101773961,
  "avg_pairwise_distance": 0.11045970896641132,
  "spacing": 0.08761671930551529,
  "spread": 1.789397040530096,
  "tds": 0.4172723962617831,
  "mpd": 1.4499851073435976,
  "mce": 0.11979877060854213,
  "num_modes": 2,
  "pmd": 0.0,
  "pfs": 0.06555963521064694,
  "pas": 0.11045970896641132,
  "rbd": 0.4173223577769103,
  "fci": 0.4127601353784116,
  "qds": 0.5186448779058276,
  "der": 2.522041935543164,
  "num_parameters": 68103,
  "training_time": 2315.196453,
  "final_loss": 0.007430137135088444,
  "seed": 123,
  "exp_name": "pref_dirichlet_low_seed123",
  "hidden_dim": 128,
  "num_layers": 4,
  "conditioning": "concat",
  "pfs_metadata": {
    "recalculated": true,
    "recalculation_date": "2025-12-01T16:19:48.377223",
    "old_value": 5.867810420507366e-13,
    "method": "extended_pfs_with_manifold_projection"
  }
}