{
  "loss": [
    13.382216453552246,
    0.1687929630279541,
    0.04928378015756607,
    0.007121364586055279,
    0.011808696202933788,
    0.02239133045077324,
    0.010300642810761929,
    0.007430137135088444
  ],
  "log_Z": [
    -0.0009999999310821295,
    -0.02210894599556923,
    -0.02718057855963707,
    -0.03230980038642883,
    -0.037585899233818054,
    -0.04476507753133774,
    -0.051785364747047424,
    -0.05755782872438431
  ],
  "iteration": [
    1,
    501,
    1001,
    1501,
    2001,
    2501,
    3001,
    3501
  ]
}