{
  "hypervolume": 1.1908689608493035,
  "r2_indicator": -0.27006888622816916,
  "avg_pairwise_distance": 0.46728556240954594,
  "spacing": 0.18480706214904785,
  "spread": 1.5956743450170274,
  "tds": 0.4152246334785482,
  "mpd": 1.3895181882604124,
  "mce": 0.37395869397433923,
  "num_modes": 35,
  "pmd": 0.0,
  "pfs": 0.034292311346098066,
  "pas": 0.46728556240954594,
  "rbd": 0.4152176308540027,
  "fci": 0.4230560710636613,
  "qds": 0.6333330509386993,
  "der": 12.845287607624526,
  "num_parameters": 68103,
  "training_time": 1922.98009,
  "final_loss": 0.0021490256767719984,
  "seed": 1011,
  "exp_name": "off_policy_10_seed1011",
  "hidden_dim": 128,
  "num_layers": 4,
  "conditioning": "concat",
  "pfs_metadata": {
    "recalculated": true,
    "recalculation_date": "2025-12-01T16:18:11.016581",
    "old_value": 0.02091603728247982,
    "method": "extended_pfs_with_manifold_projection"
  }
}