{
  "loss": [
    13.192024230957031,
    0.02080506645143032,
    0.008617013692855835,
    0.003960890229791403,
    0.0037124252412468195,
    0.002523395698517561,
    0.008642029948532581,
    0.0021490256767719984
  ],
  "log_Z": [
    -0.0009999999310821295,
    -0.02326217107474804,
    -0.026443777605891228,
    -0.03085690550506115,
    -0.036289043724536896,
    -0.04052329435944557,
    -0.04480970278382301,
    -0.049992289394140244
  ],
  "iteration": [
    1,
    501,
    1001,
    1501,
    2001,
    2501,
    3001,
    3501
  ]
}