{
  "hypervolume": 1.2099997955746564,
  "r2_indicator": -0.2722221992267175,
  "avg_pairwise_distance": 0.001199399933528455,
  "spacing": 0.024487515911459923,
  "spread": 1.4998939153094075,
  "tds": 0.3408882475549142,
  "mpd": 4.61512051684126,
  "mce": 0.004400270993760284,
  "num_modes": 2,
  "pmd": 0.0,
  "pfs": 0.0,
  "pas": 0.001199399933528455,
  "rbd": 0.3408882475548933,
  "fci": 0.4534419856459331,
  "qds": 0.5003854172659686,
  "der": 0.07427109079599017,
  "num_parameters": 9351,
  "training_time": 6217.111581,
  "final_loss": -0.12394930422306061,
  "seed": 486,
  "exp_name": "medium_high_seed486",
  "condition_name": "medium_high"
}