{
  "loss": [
    215.44229125976562,
    0.1428009420633316,
    0.6536465883255005,
    -0.04370477795600891,
    -0.03956174850463867,
    -0.0414595901966095,
    -0.1367218792438507,
    -0.12394930422306061
  ],
  "base_loss": [
    233.30441284179688,
    0.11514857411384583,
    0.9915699362754822,
    0.058337584137916565,
    0.11172077059745789,
    0.08020393550395966,
    0.050348080694675446,
    0.05685504525899887
  ],
  "reg_term": [
    -17.86212158203125,
    0.02765236794948578,
    -0.3379233479499817,
    -0.10204236209392548,
    -0.15128251910209656,
    -0.12166352570056915,
    -0.18706995993852615,
    -0.18080434948205948
  ],
  "log_Z": [
    -0.0009999999310821295,
    -0.041707538068294525,
    -0.042631398886442184,
    -0.04808337241411209,
    -0.05397828668355942,
    -0.05439199134707451,
    -0.052592258900403976,
    -0.04760478436946869
  ],
  "iteration": [
    1,
    501,
    1001,
    1501,
    2001,
    2501,
    3001,
    3501
  ]
}