{
  "hypervolume": 1.1941006575887376,
  "r2_indicator": -0.2704561490660364,
  "avg_pairwise_distance": 0.45970992241169867,
  "spacing": 0.16229967772960663,
  "spread": 1.437823862752783,
  "tds": 0.6146155718607643,
  "mpd": 0.9144236763175463,
  "mce": 0.55367758790927,
  "num_modes": 46,
  "pmd": 0.0,
  "pfs": 0.0780933050510582,
  "pas": 0.45970992241169867,
  "rbd": 0.6042466456102883,
  "fci": 0.4307860972643336,
  "qds": 0.6308981480231057,
  "der": 10.826403411789641,
  "num_parameters": 68103,
  "training_time": 2244.584344,
  "final_loss": -0.6046270132064819,
  "seed": 264,
  "exp_name": "entropy_01_seed264",
  "capacity": "medium",
  "hidden_dim": 128,
  "num_layers": 4,
  "pfs_metadata": {
    "recalculated": true,
    "recalculation_date": "2025-12-01T16:14:25.186977",
    "old_value": 0.002331531917934717,
    "method": "extended_pfs_with_manifold_projection"
  }
}