{
  "loss": [
    11.51842212677002,
    -0.6252281069755554,
    -0.6111907362937927,
    -0.6054384112358093,
    -0.6716525554656982,
    -0.5731739401817322,
    -0.5815740823745728,
    -0.6046270132064819
  ],
  "base_loss": [
    11.679320335388184,
    0.005427443888038397,
    0.010357019491493702,
    0.0054960185661911964,
    0.011608145199716091,
    0.006586139556020498,
    0.004619773477315903,
    0.005145286209881306
  ],
  "reg_term": [
    -0.16089820861816406,
    -0.6306555508635938,
    -0.6215477557852864,
    -0.6109344298020005,
    -0.6832607006654143,
    -0.5797600797377527,
    -0.5861938558518887,
    -0.6097722994163632
  ],
  "log_Z": [
    -0.0009999998146668077,
    -0.029424214735627174,
    -0.034027546644210815,
    -0.0500594787299633,
    -0.07091844081878662,
    -0.09755487740039825,
    -0.13104957342147827,
    -0.1714971363544464
  ],
  "iteration": [
    1,
    501,
    1001,
    1501,
    2001,
    2501,
    3001,
    3501
  ]
}