{
  "hypervolume": 1.1940840760051674,
  "r2_indicator": -0.2704561490660364,
  "avg_pairwise_distance": 0.453902660615904,
  "spacing": 0.1569846123456955,
  "spread": 1.4399745553583434,
  "tds": 0.5594865965709955,
  "mpd": 1.0183701761676878,
  "mce": 0.5574019403931484,
  "num_modes": 43,
  "pmd": 0.0,
  "pfs": 0.11988794931841501,
  "pas": 0.453902660615904,
  "rbd": 0.5610710535256083,
  "fci": 0.4101935874168179,
  "qds": 0.6290316233885912,
  "der": 10.835310964482124,
  "num_parameters": 68103,
  "training_time": 2214.407818,
  "final_loss": -0.5570892095565796,
  "seed": 486,
  "exp_name": "entropy_01_seed486",
  "capacity": "medium",
  "hidden_dim": 128,
  "num_layers": 4,
  "pfs_metadata": {
    "recalculated": true,
    "recalculation_date": "2025-12-01T16:14:28.004380",
    "old_value": 0.001672669156185905,
    "method": "extended_pfs_with_manifold_projection"
  }
}