{
  "loss": [
    13.11000919342041,
    -0.6536206603050232,
    -0.5671025514602661,
    -0.5354941487312317,
    -0.62314373254776,
    -0.5174371004104614,
    -0.650260865688324,
    -0.5570892095565796
  ],
  "base_loss": [
    13.290030479431152,
    0.017282914370298386,
    0.0238715298473835,
    0.004431348759680986,
    0.0058255004696547985,
    0.007314762100577354,
    0.005479567218571901,
    0.017653560265898705
  ],
  "reg_term": [
    -0.1800212860107422,
    -0.6709035746753216,
    -0.5909740813076496,
    -0.5399254974909127,
    -0.6289692330174148,
    -0.5247518625110388,
    -0.6557404329068959,
    -0.5747427698224783
  ],
  "log_Z": [
    -0.0009999999310821295,
    -0.030678391456604004,
    -0.03799624741077423,
    -0.0533631406724453,
    -0.07328349351882935,
    -0.09833575040102005,
    -0.1291923224925995,
    -0.16758836805820465
  ],
  "iteration": [
    1,
    501,
    1001,
    1501,
    2001,
    2501,
    3001,
    3501
  ]
}