{
  "hypervolume": 1.4641000000000006,
  "r2_indicator": -0.06914373351163743,
  "avg_pairwise_distance": 0.28214675304455406,
  "spacing": 1.2058897880251607e-08,
  "spread": 0.40967494782207914,
  "tds": 0.652550505050505,
  "mpd": 0.6931471805599453,
  "mce": 0.5691059423476745,
  "num_modes": 87,
  "pmd": 0.0,
  "pfs": 0.7255209606767531,
  "pas": 0.28214675304455406,
  "rbd": 0.652550505050505,
  "fci": 0.3792988929889298,
  "qds": 0.5641242620555804,
  "der": 126.41558142389788,
  "num_parameters": 2443,
  "training_time": 3288.92132,
  "final_loss": 5.64749813079834,
  "seed": 153,
  "exp_name": "small_veryhigh_seed153",
  "condition_name": "small_veryhigh",
  "pfs_metadata": {
    "recalculated": true,
    "recalculation_date": "2025-12-02T00:01:14.392907",
    "old_value": 0.0,
    "method": "extended_pfs_with_manifold_projection"
  }
}