{
  "loss": [
    63.161956787109375,
    11.037360191345215,
    6.826261520385742,
    10.350325584411621,
    10.391324043273926,
    6.235830307006836,
    7.208892345428467,
    9.039393424987793,
    12.03885269165039,
    5.895411014556885,
    3.3916244506835938,
    6.65018892288208,
    3.1544291973114014,
    8.646739959716797,
    5.818968772888184,
    5.64749813079834
  ],
  "base_loss": [
    84.88243103027344,
    11.915386199951172,
    13.889947891235352,
    10.836453437805176,
    13.881444931030273,
    5.6627302169799805,
    5.132604598999023,
    8.288588523864746,
    10.23679256439209,
    5.5310869216918945,
    4.841432571411133,
    4.474691867828369,
    5.351953029632568,
    8.552314758300781,
    3.9303581714630127,
    5.110128879547119
  ],
  "reg_term": [
    -21.720474243164062,
    -0.878026008605957,
    -7.063686370849609,
    -0.4861278533935547,
    -3.4901208877563477,
    0.5731000900268555,
    2.0762877464294434,
    0.7508049011230469,
    1.8020601272583008,
    0.36432409286499023,
    -1.449808120727539,
    2.175497055053711,
    -2.197523832321167,
    0.09442520141601562,
    1.888610601425171,
    0.5373692512512207
  ],
  "log_Z": [
    -0.0009999999310821295,
    -0.0421893335878849,
    -0.008248673751950264,
    0.028295056894421577,
    0.07053336501121521,
    0.09310149401426315,
    0.10620604455471039,
    0.11775430291891098,
    0.11317722499370575,
    0.11287644505500793,
    0.11667462438344955,
    0.10037756711244583,
    0.0973636731505394,
    0.0965508222579956,
    0.08613991737365723,
    0.09364692866802216
  ],
  "iteration": [
    1,
    501,
    1001,
    1501,
    2001,
    2501,
    3001,
    3501,
    4001,
    4501,
    5001,
    5501,
    6001,
    6501,
    7001,
    7501
  ]
}