{
  "hypervolume": 0.1099999814460865,
  "r2_indicator": -0.04536363568894863,
  "avg_pairwise_distance": 0.0,
  "spacing": 0.0,
  "spread": 1.0,
  "tds": 0.03565175565175565,
  "mpd": 1.0986122886681098,
  "mce": 0.0,
  "num_modes": 1,
  "pmd": 0.0,
  "pfs": 0.0,
  "pas": 0.0,
  "rbd": 0.0356517556517565,
  "fci": 0.6992051630434784,
  "qds": 0.04545453778763904,
  "der": 0.0,
  "num_parameters": 519,
  "training_time": 2868.169342,
  "final_loss": 0.12716229259967804,
  "seed": 486,
  "exp_name": "small_subtb_entropy_seed486",
  "condition_name": "small_subtb_entropy"
}