{
  "hypervolume": 1.2099997972135246,
  "r2_indicator": -0.27222219941107134,
  "avg_pairwise_distance": 0.001212534298004661,
  "spacing": 0.023230159655213356,
  "spread": 1.5888163850917942,
  "tds": 0.017742504409171075,
  "mpd": 0.6931471805599453,
  "mce": 0.0,
  "num_modes": 1,
  "pmd": 0.0,
  "pfs": 0.0,
  "pas": 0.001212534298004661,
  "rbd": 0.017742504409171824,
  "fci": 0.5442410714285715,
  "qds": 0.5003896388105995,
  "der": 1.897422578736537,
  "num_parameters": 519,
  "training_time": 4432.667042,
  "final_loss": 0.7368419766426086,
  "seed": 486,
  "exp_name": "small_subtb_entropy_seed486",
  "condition_name": "small_subtb_entropy"
}