{
  "loss": [
    236.8643798828125,
    15.780362129211426,
    1.090274453163147,
    0.4090377688407898,
    0.37233397364616394,
    0.2046757936477661,
    0.17047518491744995,
    0.7368419766426086
  ],
  "base_loss": [
    250.37330627441406,
    14.83462905883789,
    1.1287496089935303,
    1.0307509899139404,
    0.2032102644443512,
    0.4611855149269104,
    0.16553306579589844,
    1.701011300086975
  ],
  "reg_term": [
    -13.508926391601562,
    0.9457330703735352,
    -0.0384751558303833,
    -0.6217132210731506,
    0.16912370920181274,
    -0.2565097212791443,
    0.004942119121551514,
    -0.9641693234443665
  ],
  "log_Z": [
    -0.0009999999310821295,
    -0.1399150937795639,
    -0.16645300388336182,
    -0.1751045137643814,
    -0.17861045897006989,
    -0.18014070391654968,
    -0.18088656663894653,
    -0.1815536916255951
  ],
  "iteration": [
    1,
    501,
    1001,
    1501,
    2001,
    2501,
    3001,
    3501
  ]
}