{
  "loss": [
    248.74505615234375,
    16.77305030822754,
    0.5277124643325806,
    0.09239929914474487,
    0.14710702002048492,
    0.12069694697856903,
    0.25724270939826965,
    0.12716229259967804
  ],
  "base_loss": [
    242.58905029296875,
    12.965180397033691,
    0.6421118974685669,
    0.06547219306230545,
    0.17722126841545105,
    0.2980833053588867,
    0.11218105256557465,
    0.10013532638549805
  ],
  "reg_term": [
    6.156005859375,
    3.8078699111938477,
    -0.11439943313598633,
    0.026927106082439423,
    -0.030114248394966125,
    -0.1773863583803177,
    0.145061656832695,
    0.027026966214179993
  ],
  "log_Z": [
    -0.0009999999310821295,
    -0.12214343994855881,
    -0.1530635803937912,
    -0.15977944433689117,
    -0.1622972935438156,
    -0.16382156312465668,
    -0.16470865905284882,
    -0.16541701555252075
  ],
  "iteration": [
    1,
    501,
    1001,
    1501,
    2001,
    2501,
    3001,
    3501
  ]
}