{
  "hypervolume": 1.1940840760051674,
  "r2_indicator": -0.2704561490660364,
  "avg_pairwise_distance": 0.49059725148234673,
  "spacing": 0.17575587332248688,
  "spread": 1.4774062579243412,
  "tds": 0.5809744630148456,
  "mpd": 0.9619665821211937,
  "mce": 0.5202144906300484,
  "num_modes": 47,
  "pmd": 0.0,
  "pfs": 0.10184741351063815,
  "pas": 0.49059725148234673,
  "rbd": 0.5785053319295828,
  "fci": 0.42537302331116766,
  "qds": 0.6408257115861037,
  "der": 10.509597923857326,
  "num_parameters": 68103,
  "training_time": 2467.602872,
  "final_loss": -0.06315930187702179,
  "seed": 153,
  "exp_name": "temperature_scaled_logits_seed153",
  "capacity": "medium",
  "hidden_dim": 128,
  "num_layers": 4,
  "pfs_metadata": {
    "recalculated": true,
    "recalculation_date": "2025-12-01T16:15:27.382349",
    "old_value": 0.0008978042838951924,
    "method": "extended_pfs_with_manifold_projection"
  }
}