{
  "loss": [
    11.80962085723877,
    -0.07341954112052917,
    -0.06683853268623352,
    -0.06795601546764374,
    -0.06145505607128143,
    -0.06348509341478348,
    -0.05786851420998573,
    -0.06315930187702179
  ],
  "base_loss": [
    11.890998840332031,
    0.0019306635949760675,
    0.003966893535107374,
    0.0005981400609016418,
    0.003975232131779194,
    0.0027651055715978146,
    0.0019385975319892168,
    0.0011742180213332176
  ],
  "reg_term": [
    -0.08137798309326172,
    -0.07535020471550524,
    -0.0708054262213409,
    -0.06855415552854538,
    -0.06543028820306063,
    -0.06625019898638129,
    -0.05980711174197495,
    -0.06433351989835501
  ],
  "log_Z": [
    -0.0009999999310821295,
    -0.024841830134391785,
    -0.023818382993340492,
    -0.02303985506296158,
    -0.022674867883324623,
    -0.02345096878707409,
    -0.026632867753505707,
    -0.032714780420064926
  ],
  "iteration": [
    1,
    501,
    1001,
    1501,
    2001,
    2501,
    3001,
    3501
  ]
}