{
  "hypervolume": 1.1941006575887376,
  "r2_indicator": -0.2704561490660364,
  "avg_pairwise_distance": 0.4734960675016047,
  "spacing": 0.18472523987293243,
  "spread": 1.6258382816434431,
  "tds": 0.5875911841102452,
  "mpd": 0.9000985990185519,
  "mce": 0.3604436287627454,
  "num_modes": 34,
  "pmd": 0.0,
  "pfs": 0.044956680502508346,
  "pas": 0.4734960675016047,
  "rbd": 0.5830387205387293,
  "fci": 0.4305084745762713,
  "qds": 0.6353291828774212,
  "der": 13.313961684566307,
  "num_parameters": 68103,
  "training_time": 1879.945811,
  "final_loss": 0.012100557796657085,
  "seed": 42,
  "exp_name": "temp_high_seed42",
  "hidden_dim": 128,
  "num_layers": 4,
  "conditioning": "concat",
  "pfs_metadata": {
    "recalculated": true,
    "recalculation_date": "2025-12-01T16:21:33.030612",
    "old_value": 0.002581933908724474,
    "method": "extended_pfs_with_manifold_projection"
  }
}