{
  "hypervolume": 1.1908689608493035,
  "r2_indicator": -0.27006888622816916,
  "avg_pairwise_distance": 0.3549595405907433,
  "spacing": 0.1632293462753296,
  "spread": 1.689584052139916,
  "tds": 0.3802962962962963,
  "mpd": 4.584967478670572,
  "mce": 0.23199990023846806,
  "num_modes": 20,
  "pmd": 0.0,
  "pfs": 0.10442252573342206,
  "pas": 0.3549595405907433,
  "rbd": 0.38029629629630074,
  "fci": 0.43342741935483864,
  "qds": 0.597230100151525,
  "der": 8.496483457083876,
  "num_parameters": 68103,
  "training_time": 2208.390625,
  "final_loss": 0.002038342645391822,
  "seed": 42,
  "exp_name": "quality_sampling_seed42",
  "hidden_dim": 128,
  "num_layers": 4,
  "conditioning": "concat",
  "pfs_metadata": {
    "recalculated": true,
    "recalculation_date": "2025-12-01T16:21:16.216055",
    "old_value": 0.022100426191767816,
    "method": "extended_pfs_with_manifold_projection"
  }
}