{
  "loss": [
    13.086138725280762,
    0.020832378417253494,
    0.08878159523010254,
    0.017349805682897568,
    0.009861953556537628,
    0.018755869939923286,
    0.010526209138333797,
    0.002038342645391822
  ],
  "log_Z": [
    -0.0009999999310821295,
    -0.024532657116651535,
    -0.027390021830797195,
    -0.03424731642007828,
    -0.04088856652379036,
    -0.04804597795009613,
    -0.05415923148393631,
    -0.059735607355833054
  ],
  "iteration": [
    1,
    501,
    1001,
    1501,
    2001,
    2501,
    3001,
    3501
  ]
}