{
  "hypervolume": 0.20396052341908236,
  "r2_indicator": -0.06576018064280958,
  "avg_pairwise_distance": 0.002743016025208325,
  "spacing": 3.5762786865234375e-07,
  "spread": 1.4058697324419582,
  "tds": 0.3829090909090909,
  "mpd": 4.564348191467836,
  "mce": 0.0,
  "num_modes": 1,
  "pmd": 0.0,
  "pfs": 3.688870612940322e-15,
  "pas": 0.002743016025208325,
  "rbd": 0.3829090909090966,
  "fci": 0.4181150793650794,
  "qds": 0.04508835841816938,
  "der": 0.05757471321905333,
  "num_parameters": 68103,
  "training_time": 2518.447018,
  "final_loss": 0.005461934953927994,
  "seed": 123,
  "exp_name": "top_p_seed123",
  "hidden_dim": 128,
  "num_layers": 4,
  "conditioning": "concat"
}