{
  "loss": [
    13.070903778076172,
    0.020135555416345596,
    0.044300831854343414,
    0.018043730407953262,
    0.03225724771618843,
    0.003390464000403881,
    0.013951815664768219,
    0.005461934953927994
  ],
  "log_Z": [
    -0.0009999999310821295,
    -0.021863125264644623,
    -0.025186559185385704,
    -0.032287437468767166,
    -0.04019562900066376,
    -0.04687334597110748,
    -0.05330062285065651,
    -0.05880274623632431
  ],
  "iteration": [
    1,
    501,
    1001,
    1501,
    2001,
    2501,
    3001,
    3501
  ]
}