{
  "hypervolume": 1.187092408383791,
  "r2_indicator": -0.26966219859417867,
  "avg_pairwise_distance": 0.11683733316048525,
  "spacing": 0.10231871902942657,
  "spread": 1.7479481474090173,
  "tds": 0.3596621221102549,
  "mpd": 1.8444397270569681,
  "mce": 0.21225486646494782,
  "num_modes": 3,
  "pmd": 0.0,
  "pfs": 4.0247898508460065e-15,
  "pas": 0.11619209497838912,
  "rbd": 0.3596719576719625,
  "fci": 0.5090027561510453,
  "qds": 0.5206947239583226,
  "der": 5.4848995755008,
  "num_parameters": 9863,
  "training_time": 7775.107866,
  "final_loss": 0.002271549543365836,
  "seed": 1011,
  "exp_name": "medium_film_seed1011",
  "capacity": "medium",
  "hidden_dim": 64,
  "num_layers": 3,
  "conditioning": "film",
  "alpha": 1.5,
  "preference_sampling": "dirichlet",
  "loss": "trajectory_balance"
}