{
  "hypervolume": 1.1692031143482569,
  "r2_indicator": -0.26842789901706454,
  "avg_pairwise_distance": 0.11273788334014379,
  "spacing": 0.09052009880542755,
  "spread": 1.7481223301483728,
  "tds": 0.3911654920562196,
  "mpd": 1.4673873827415236,
  "mce": 0.1655448943482331,
  "num_modes": 3,
  "pmd": 0.0,
  "pfs": 4.953139146059547e-13,
  "pas": 0.11150311167365594,
  "rbd": 0.39129292929293563,
  "fci": 0.46809063299232734,
  "qds": 0.5193771108823693,
  "der": 19.364671089587375,
  "num_parameters": 9863,
  "training_time": 2124.972037,
  "final_loss": 0.007916145026683807,
  "seed": 1011,
  "exp_name": "medium_film_seed1011",
  "capacity": "medium",
  "hidden_dim": 64,
  "num_layers": 3,
  "conditioning": "film",
  "alpha": 1.5,
  "preference_sampling": "dirichlet",
  "loss": "trajectory_balance"
}