{
  "loss": [
    14.738520622253418,
    0.02128455601632595,
    0.01579502783715725,
    0.01713641732931137,
    0.006029864773154259,
    0.01245870254933834,
    0.012186067178845406,
    0.007916145026683807
  ],
  "log_Z": [
    -0.0009999998146668077,
    -0.034391239285469055,
    -0.035098813474178314,
    -0.03519383817911148,
    -0.03615182638168335,
    -0.03776448220014572,
    -0.03925638273358345,
    -0.040264688432216644
  ],
  "iteration": [
    1,
    501,
    1001,
    1501,
    2001,
    2501,
    3001,
    3501
  ]
}