{
  "loss": [
    14.738520622253418,
    0.02128455601632595,
    0.01579502783715725,
    0.01713641732931137,
    0.006029864773154259,
    0.01245870254933834,
    0.012186067178845406,
    0.007916145026683807,
    0.0047989399172365665,
    0.004945110995322466,
    0.008584363386034966,
    0.003413375001400709,
    0.0036433464847505093,
    0.001494289143010974,
    0.00358268222771585,
    0.0034655779600143433,
    0.007196361664682627,
    0.004648962989449501,
    0.0016903085634112358,
    0.002271549543365836
  ],
  "log_Z": [
    -0.0009999998146668077,
    -0.034391239285469055,
    -0.035098813474178314,
    -0.03519383817911148,
    -0.03615182638168335,
    -0.03776448220014572,
    -0.03925638273358345,
    -0.040264688432216644,
    -0.042310211807489395,
    -0.043304286897182465,
    -0.045216552913188934,
    -0.04765893146395683,
    -0.04889228940010071,
    -0.05007905513048172,
    -0.052401382476091385,
    -0.054328471422195435,
    -0.0552707277238369,
    -0.056996170431375504,
    -0.05748400837182999,
    -0.058910176157951355
  ],
  "iteration": [
    1,
    501,
    1001,
    1501,
    2001,
    2501,
    3001,
    3501,
    4001,
    4501,
    5001,
    5501,
    6001,
    6501,
    7001,
    7501,
    8001,
    8501,
    9001,
    9501
  ]
}