{
  "hypervolume": 0.8627807111767254,
  "r2_indicator": -0.2276503382629216,
  "avg_pairwise_distance": 0.3648677087099388,
  "spacing": 0.10188907384872437,
  "spread": 1.2522929032547532,
  "tds": 0.9080227743271222,
  "mpd": 0.6931471805599453,
  "mce": 0.1694590965650795,
  "num_modes": 28,
  "pmd": 0.0,
  "pfs": 3.927755870886848e-14,
  "pas": 0.3648677087099388,
  "rbd": 0.9018119288119287,
  "fci": 0.2830886807609285,
  "qds": 0.16272746866581625,
  "der": 118.70322447273037,
  "num_parameters": 3617,
  "training_time": 3059.334083,
  "final_loss": -0.09344913065433502,
  "seed": 42,
  "exp_name": "small_subtb_entropy_seed42",
  "condition_name": "small_subtb_entropy",
  "capacity_level": "small",
  "loss_level": "subtb_entropy"
}