{
  "loss": [
    15.797377586364746,
    0.09351339936256409,
    -0.060248203575611115,
    -0.041471824049949646,
    -0.040394797921180725,
    -0.030257925391197205,
    -0.07711757719516754,
    -0.11813919991254807,
    -0.03351706266403198,
    -0.10289447009563446,
    -0.04173173010349274,
    -0.08939310908317566,
    -0.13075967133045197,
    -0.09352735430002213,
    -0.051951825618743896,
    -0.09344913065433502
  ],
  "base_loss": [
    14.404096603393555,
    0.23025014996528625,
    0.1111704409122467,
    0.10736025124788284,
    0.14415490627288818,
    0.08083567023277283,
    0.09214182943105698,
    0.05351254343986511,
    0.13469772040843964,
    0.07255160063505173,
    0.1025119349360466,
    0.05042199790477753,
    0.1250971406698227,
    0.07910154014825821,
    0.09268119186162949,
    0.134893000125885
  ],
  "reg_term": [
    1.3932809829711914,
    -0.13673675060272217,
    -0.17141864448785782,
    -0.1488320752978325,
    -0.1845497041940689,
    -0.11109359562397003,
    -0.16925940662622452,
    -0.17165174335241318,
    -0.16821478307247162,
    -0.1754460707306862,
    -0.14424366503953934,
    -0.13981510698795319,
    -0.25585681200027466,
    -0.17262889444828033,
    -0.14463301748037338,
    -0.22834213078022003
  ],
  "log_Z": [
    -0.0010000000474974513,
    -0.13208723068237305,
    -0.1255439668893814,
    -0.12376927584409714,
    -0.12890775501728058,
    -0.13186006247997284,
    -0.13840681314468384,
    -0.15274858474731445,
    -0.155585378408432,
    -0.15643958747386932,
    -0.15526564419269562,
    -0.1588342934846878,
    -0.15720880031585693,
    -0.15484675765037537,
    -0.15380065143108368,
    -0.15020030736923218
  ],
  "iteration": [
    1,
    501,
    1001,
    1501,
    2001,
    2501,
    3001,
    3501,
    4001,
    4501,
    5001,
    5501,
    6001,
    6501,
    7001,
    7501
  ]
}