{
  "hypervolume": 1.4641000000000006,
  "r2_indicator": -0.06914373351163743,
  "avg_pairwise_distance": 0.3032946238526917,
  "spacing": 1.0797944760554401e-08,
  "spread": 0.3941470515230224,
  "tds": 0.6078535353535354,
  "mpd": 0.6931471805599453,
  "mce": 0.5757856496190733,
  "num_modes": 103,
  "pmd": 0.0,
  "pfs": 0.0,
  "pas": 0.3032946238526917,
  "rbd": 0.6078535353535354,
  "fci": 0.3820737992166565,
  "qds": 0.5689305963301572,
  "der": 154.65231228713847,
  "num_parameters": 2443,
  "training_time": 2889.930032,
  "final_loss": 1.1767195463180542,
  "seed": 153,
  "exp_name": "small_high_seed153",
  "condition_name": "small_high"
}