{
  "loss": [
    71.6418685913086,
    4.636142730712891,
    5.892590045928955,
    6.8019490242004395,
    4.3143205642700195,
    0.724635660648346,
    1.3036117553710938,
    0.601169764995575,
    2.468412160873413,
    2.4231810569763184,
    1.8317993879318237,
    4.062376499176025,
    1.4849636554718018,
    5.2021803855896,
    4.0958356857299805,
    1.1767195463180542
  ],
  "base_loss": [
    90.34127044677734,
    9.857980728149414,
    9.73865795135498,
    8.609519958496094,
    3.935084104537964,
    0.8343465328216553,
    2.995760202407837,
    5.520813465118408,
    3.000343084335327,
    4.224139213562012,
    1.3552947044372559,
    3.5965991020202637,
    1.1266748905181885,
    4.435753345489502,
    4.13630485534668,
    3.189523220062256
  ],
  "reg_term": [
    -18.69940185546875,
    -5.221837997436523,
    -3.8460679054260254,
    -1.8075709342956543,
    0.37923645973205566,
    -0.10971087217330933,
    -1.6921484470367432,
    -4.919643700122833,
    -0.5319309234619141,
    -1.8009581565856934,
    0.47650468349456787,
    0.4657773971557617,
    0.3582887649536133,
    0.7664270401000977,
    -0.04046916961669922,
    -2.0128036737442017
  ],
  "log_Z": [
    -0.0009999998146668077,
    -0.05804203450679779,
    -0.03138010576367378,
    0.014340265654027462,
    0.04959014058113098,
    0.07495705038309097,
    0.07312604039907455,
    0.08487110584974289,
    0.07610683143138885,
    0.06304594874382019,
    0.05267905443906784,
    0.04901598021388054,
    0.03673429787158966,
    0.03073973022401333,
    0.029030680656433105,
    0.008711038157343864
  ],
  "iteration": [
    1,
    501,
    1001,
    1501,
    2001,
    2501,
    3001,
    3501,
    4001,
    4501,
    5001,
    5501,
    6001,
    6501,
    7001,
    7501
  ]
}