{
  "hypervolume": 1.4641000000000006,
  "r2_indicator": -0.07028279757740775,
  "avg_pairwise_distance": 0.30045090323673473,
  "spacing": 1.1309185588004311e-08,
  "spread": 0.4063412124454441,
  "tds": 0.6518434343434344,
  "mpd": 0.6931471805599453,
  "mce": 0.5802228980399806,
  "num_modes": 99,
  "pmd": 0.0,
  "pfs": 0.0,
  "pas": 0.30045090323673473,
  "rbd": 0.6518434343434344,
  "fci": 0.374149494949495,
  "qds": 0.568284296190167,
  "der": 2.223505964456394,
  "num_parameters": 70923,
  "training_time": 6858.839152,
  "final_loss": 0.08831965923309326,
  "seed": 42,
  "exp_name": "high_tb_seed42",
  "condition_name": "high_tb"
}