{
  "loss": [
    128.20826721191406,
    6.928098678588867,
    1.1550935506820679,
    0.6397283673286438,
    0.8497515320777893,
    0.7840760946273804,
    1.8713288307189941,
    0.6750943660736084,
    0.2106931209564209,
    0.5391377210617065,
    0.2640073895454407,
    0.21554350852966309,
    0.40580153465270996,
    0.1457444131374359,
    0.20365837216377258,
    0.08831965923309326
  ],
  "base_loss": [
    128.20826721191406,
    6.928098678588867,
    1.1550935506820679,
    0.6397283673286438,
    0.8497515320777893,
    0.7840760946273804,
    1.8713288307189941,
    0.6750943660736084,
    0.2106931209564209,
    0.5391377210617065,
    0.2640073895454407,
    0.21554350852966309,
    0.40580153465270996,
    0.1457444131374359,
    0.20365837216377258,
    0.08831965923309326
  ],
  "reg_term": [
    0.0,
    0.0,
    0.0,
    0.0,
    0.0,
    0.0,
    0.0,
    0.0,
    0.0,
    0.0,
    0.0,
    0.0,
    0.0,
    0.0,
    0.0,
    0.0
  ],
  "log_Z": [
    -0.0009999998146668077,
    -0.027883879840373993,
    -0.04122220352292061,
    -0.05586118996143341,
    -0.06628628820180893,
    -0.08067473024129868,
    -0.09586120396852493,
    -0.11123492568731308,
    -0.12511348724365234,
    -0.1375429928302765,
    -0.15034863352775574,
    -0.1628245711326599,
    -0.17015418410301208,
    -0.17914552986621857,
    -0.18958617746829987,
    -0.19785447418689728
  ],
  "iteration": [
    1,
    501,
    1001,
    1501,
    2001,
    2501,
    3001,
    3501,
    4001,
    4501,
    5001,
    5501,
    6001,
    6501,
    7001,
    7501
  ]
}