{
  "hypervolume": 0.8820155458612158,
  "r2_indicator": -0.23051717150301648,
  "avg_pairwise_distance": 0.3683426814385519,
  "spacing": 0.10174383968114853,
  "spread": 1.2364891510831204,
  "tds": 0.9089369021866611,
  "mpd": 0.6931471805599454,
  "mce": 0.16539892000383466,
  "num_modes": 25,
  "pmd": 0.0,
  "pfs": 0.0033719765481888737,
  "pas": 0.3683426814385519,
  "rbd": 0.9001955266955264,
  "fci": 0.28498193995033483,
  "qds": 0.16384436720256199,
  "der": 119.11935429850321,
  "num_parameters": 3617,
  "training_time": 3077.681732,
  "final_loss": -0.09508437663316727,
  "seed": 264,
  "exp_name": "small_subtb_entropy_seed264",
  "condition_name": "small_subtb_entropy",
  "capacity_level": "small",
  "loss_level": "subtb_entropy",
  "pfs_metadata": {
    "recalculated": true,
    "recalculation_date": "2025-12-01T23:53:06.525933",
    "old_value": 1.4170527438386282e-14,
    "method": "extended_pfs_with_manifold_projection"
  }
}