{
  "hypervolume": 0.8820155458612158,
  "r2_indicator": -0.23051717150301648,
  "avg_pairwise_distance": 0.3683426814385519,
  "spacing": 0.10174383968114853,
  "spread": 1.2364891510831204,
  "tds": 0.9089369021866611,
  "mpd": 0.6931471805599454,
  "mce": 0.6874973119797668,
  "num_modes": 2,
  "pmd": 0.0,
  "pfs": 1.4170527438386282e-14,
  "pas": 0.3683426814385519,
  "rbd": 0.9001955266955264,
  "fci": 0.28498193995033483,
  "qds": 0.16384436720256199,
  "der": 119.11935429850321,
  "num_parameters": 3617,
  "training_time": 3077.681732,
  "final_loss": -0.09508437663316727,
  "seed": 264,
  "exp_name": "small_subtb_entropy_seed264",
  "condition_name": "small_subtb_entropy"
}