{
  "loss": [
    28.192895889282227,
    0.17222018539905548,
    0.02921251952648163,
    -0.05744944512844086,
    -0.036685749888420105,
    -0.08848485350608826,
    -0.06791982054710388,
    -0.05365040898323059,
    -0.09053961932659149,
    -0.06231693923473358,
    -0.11170323938131332,
    -0.046845942735672,
    -0.08717160671949387,
    -0.07975088059902191,
    -0.12806466221809387,
    -0.09508437663316727
  ],
  "base_loss": [
    27.00514030456543,
    0.24596813321113586,
    0.2110164910554886,
    0.1426021307706833,
    0.19109688699245453,
    0.11228811740875244,
    0.09776642173528671,
    0.1230296641588211,
    0.06904144585132599,
    0.12609583139419556,
    0.04198192432522774,
    0.13254496455192566,
    0.05158950015902519,
    0.08250562101602554,
    0.04539131373167038,
    0.06156624108552933
  ],
  "reg_term": [
    1.1877555847167969,
    -0.07374794781208038,
    -0.18180397152900696,
    -0.20005157589912415,
    -0.22778263688087463,
    -0.2007729709148407,
    -0.1656862422823906,
    -0.1766800731420517,
    -0.15958106517791748,
    -0.18841277062892914,
    -0.15368516370654106,
    -0.17939090728759766,
    -0.13876110687851906,
    -0.16225650161504745,
    -0.17345597594976425,
    -0.1566506177186966
  ],
  "log_Z": [
    -0.0009999999310821295,
    -0.14054206013679504,
    -0.12619727849960327,
    -0.11712760478258133,
    -0.10584282875061035,
    -0.10835132002830505,
    -0.10440611839294434,
    -0.10503695905208588,
    -0.09436947852373123,
    -0.09402886033058167,
    -0.09040553867816925,
    -0.09290338307619095,
    -0.09693919122219086,
    -0.09426373988389969,
    -0.09081444889307022,
    -0.0912996381521225
  ],
  "iteration": [
    1,
    501,
    1001,
    1501,
    2001,
    2501,
    3001,
    3501,
    4001,
    4501,
    5001,
    5501,
    6001,
    6501,
    7001,
    7501
  ]
}