 {
  "hypervolume": 0.1099999814460865,
  "r2_indicator": -0.04536363568894863,
  "avg_pairwise_distance": 0.0,
  "spacing": 0.0,
  "spread": 1.0,
  "tds": 0.398361391694725,
  "mpd": 3.1780538303479458,
  "mce": 0.0,
  "num_modes": 1,
  "pmd": 0.0,
  "pfs": 0.0,
  "pas": 0.0,
  "rbd": 0.3983613916947229,
  "fci": 0.6498254310344826,
  "qds": 0.04545453778763904,
  "der": 0.0,
  "num_parameters": 519,
  "training_time": 8695.730446,
  "final_loss": 1.3831119537353516,
  "seed": 42,
  "exp_name": "small_tb_seed42",
  "condition_name": "small_tb"
}