{
  "hypervolume": 1.209999995101796,
  "r2_indicator": -0.272222221671385,
  "avg_pairwise_distance": 0.004987996783167278,
  "spacing": 0.04993686079978943,
  "spread": 1.4998285801972038,
  "tds": 0.12618566618566618,
  "mpd": 2.5649493574615367,
  "mce": 0.01985299365121712,
  "num_modes": 2,
  "pmd": 0.0,
  "pfs": 3.1209352628871786e-09,
  "pas": 0.004987996783167278,
  "rbd": 0.12618566618566232,
  "fci": 0.7565186298076922,
  "qds": 0.5016031184130422,
  "der": 6.0333846692828,
  "num_parameters": 519,
  "training_time": 5734.562524,
  "final_loss": 7.272321701049805,
  "seed": 42,
  "exp_name": "small_tb_seed42",
  "condition_name": "small_tb"
}