{
  "loss": [
    254.51815795898438,
    23.007232666015625,
    1.8144179582595825,
    0.8310384750366211,
    1.7605527639389038,
    0.6631579399108887,
    0.44008949398994446,
    1.3831119537353516
  ],
  "base_loss": [
    254.51815795898438,
    23.007232666015625,
    1.8144179582595825,
    0.8310384750366211,
    1.7605527639389038,
    0.6631579399108887,
    0.44008949398994446,
    1.3831119537353516
  ],
  "reg_term": [
    0.0,
    0.0,
    0.0,
    0.0,
    0.0,
    0.0,
    0.0,
    0.0
  ],
  "log_Z": [
    -0.0009999998146668077,
    -0.11402285844087601,
    -0.1344461441040039,
    -0.13699345290660858,
    -0.13723820447921753,
    -0.13749685883522034,
    -0.13778714835643768,
    -0.13814322650432587
  ],
  "iteration": [
    1,
    501,
    1001,
    1501,
    2001,
    2501,
    3001,
    3501
  ]
}