{
  "loss": [
    255.84353637695312,
    22.626073837280273,
    1.6986567974090576,
    0.8381871581077576,
    3.517849922180176,
    9.244443893432617,
    11.289436340332031,
    7.272321701049805
  ],
  "base_loss": [
    255.84353637695312,
    22.626073837280273,
    1.6986567974090576,
    0.8381871581077576,
    3.517849922180176,
    9.244443893432617,
    11.289436340332031,
    7.272321701049805
  ],
  "reg_term": [
    0.0,
    0.0,
    0.0,
    0.0,
    0.0,
    0.0,
    0.0,
    0.0
  ],
  "log_Z": [
    -0.0009999998146668077,
    -0.10649288445711136,
    -0.12220244854688644,
    -0.12581190466880798,
    -0.12666402757167816,
    -0.1271200031042099,
    -0.12743616104125977,
    -0.12780241668224335
  ],
  "iteration": [
    1,
    501,
    1001,
    1501,
    2001,
    2501,
    3001,
    3501
  ]
}