{
  "hypervolume": 1.1724511769579968,
  "r2_indicator": -0.26797693666319056,
  "avg_pairwise_distance": 0.10939350568964067,
  "spacing": 0.08384110778570175,
  "spread": 1.7951638451070595,
  "tds": 0.4031242839620989,
  "mpd": 2.0934652796533983,
  "mce": 0.0,
  "num_modes": 1,
  "pmd": 0.0,
  "pfs": 2.2618550215795074e-12,
  "pas": 0.10939350568964067,
  "rbd": 0.4032424242424273,
  "fci": 0.45814946029378256,
  "qds": 0.5183021871934967,
  "der": 1.2244332256704469,
  "num_parameters": 68103,
  "training_time": 4722.725369,
  "final_loss": 0.0004662059072870761,
  "seed": 456,
  "exp_name": "batch_256_seed456",
  "hidden_dim": 128,
  "num_layers": 4,
  "conditioning": "concat"
}