{
  "hypervolume": 1.4641000000000006,
  "r2_indicator": -0.07028279757740775,
  "avg_pairwise_distance": 0.24388258895519965,
  "spacing": 0.0017579069826751947,
  "spread": 0.5553463298495851,
  "tds": 0.5005555555555555,
  "mpd": 0.6931471805599454,
  "mce": 0.4332675895793711,
  "num_modes": 56,
  "pmd": 0.0,
  "pfs": 0.0,
  "pas": 0.24388258895519965,
  "rbd": 0.5005555555555555,
  "fci": 0.4227245983254131,
  "qds": 0.5554278611261817,
  "der": 172.16782917313876,
  "num_parameters": 2443,
  "training_time": 2087.410323,
  "final_loss": 1.8907804489135742,
  "seed": 42,
  "exp_name": "small_subtb_seed42",
  "condition_name": "small_subtb"
}