{
  "hypervolume": 1.4641000000000006,
  "r2_indicator": -0.07028279757740775,
  "avg_pairwise_distance": 0.2711515762246563,
  "spacing": 1.077736211385627e-08,
  "spread": 0.41253175192196295,
  "tds": 0.598030303030303,
  "mpd": 0.6931471805599453,
  "mce": 0.5415070603786841,
  "num_modes": 73,
  "pmd": 0.0,
  "pfs": 0.0,
  "pas": 0.2711515762246563,
  "rbd": 0.598030303030303,
  "fci": 0.38035736290819466,
  "qds": 0.5616253582328764,
  "der": 132.163773434523,
  "num_parameters": 2443,
  "training_time": 3023.28255,
  "final_loss": 2.940124034881592,
  "seed": 42,
  "exp_name": "small_subtb_seed42",
  "condition_name": "small_subtb"
}