{
  "loss": [
    193.03518676757812,
    6.09873104095459,
    9.156412124633789,
    4.78943395614624,
    1.8632335662841797,
    4.022941589355469,
    3.812119960784912,
    3.364508628845215,
    3.024362802505493,
    3.9693849086761475,
    5.58651065826416,
    4.095839977264404,
    1.4389702081680298,
    4.449220657348633,
    3.1221349239349365,
    2.940124034881592
  ],
  "base_loss": [
    190.40882873535156,
    7.427494049072266,
    9.082048416137695,
    6.422565460205078,
    5.0250420570373535,
    4.736194610595703,
    1.8260523080825806,
    4.353328227996826,
    2.142152786254883,
    2.0395610332489014,
    5.66483211517334,
    4.879766941070557,
    1.39821195602417,
    3.006993293762207,
    2.5578813552856445,
    4.561802387237549
  ],
  "reg_term": [
    2.6263580322265625,
    -1.3287630081176758,
    0.07436370849609375,
    -1.633131504058838,
    -3.161808490753174,
    -0.7132530212402344,
    1.9860676527023315,
    -0.9888195991516113,
    0.8822100162506104,
    1.929823875427246,
    -0.07832145690917969,
    -0.7839269638061523,
    0.04075825214385986,
    1.4422273635864258,
    0.564253568649292,
    -1.621678352355957
  ],
  "log_Z": [
    -0.0009999999310821295,
    -0.0811573714017868,
    -0.025309884920716286,
    0.005841903854161501,
    0.010166004300117493,
    0.0007852615090087056,
    -0.011906652711331844,
    -0.029634268954396248,
    -0.0522087924182415,
    -0.0632171630859375,
    -0.07145370543003082,
    -0.0922493115067482,
    -0.0952875018119812,
    -0.10744711756706238,
    -0.11391115933656693,
    -0.11252015829086304
  ],
  "iteration": [
    1,
    501,
    1001,
    1501,
    2001,
    2501,
    3001,
    3501,
    4001,
    4501,
    5001,
    5501,
    6001,
    6501,
    7001,
    7501
  ]
}