{
  "loss": [
    236.35183715820312,
    5.813384532928467,
    7.559961795806885,
    2.044203042984009,
    4.134773254394531,
    4.734466075897217,
    1.395914912223816,
    2.8513195514678955,
    1.5300683975219727,
    2.1336324214935303,
    1.929020881652832,
    2.4077224731445312,
    0.867525041103363,
    1.9304202795028687,
    3.8827924728393555,
    1.8907804489135742
  ],
  "base_loss": [
    249.1209716796875,
    6.507221221923828,
    6.521491050720215,
    1.6966826915740967,
    4.795271873474121,
    3.4904818534851074,
    1.7110400199890137,
    1.903472661972046,
    2.1326587200164795,
    3.187675952911377,
    1.4634618759155273,
    2.109833240509033,
    1.96736741065979,
    4.276888370513916,
    2.330565929412842,
    1.0108906030654907
  ],
  "reg_term": [
    -12.769134521484375,
    -0.6938366889953613,
    1.03847074508667,
    0.3475203514099121,
    -0.6604986190795898,
    1.2439842224121094,
    -0.31512510776519775,
    0.9478468894958496,
    -0.6025903224945068,
    -1.0540435314178467,
    0.4655590057373047,
    0.29788923263549805,
    -1.099842369556427,
    -2.3464680910110474,
    1.5522265434265137,
    0.8798898458480835
  ],
  "log_Z": [
    -0.0009999998146668077,
    -0.0872887670993805,
    -0.06197328492999077,
    -0.024022560566663742,
    0.0130981570109725,
    0.04492274299263954,
    0.0570954866707325,
    0.04404573515057564,
    0.033441927284002304,
    0.017901422455906868,
    0.0002477849484421313,
    0.0012784824939444661,
    -0.018274664878845215,
    -0.034643981605768204,
    -0.04338686168193817,
    -0.05559919402003288
  ],
  "iteration": [
    1,
    501,
    1001,
    1501,
    2001,
    2501,
    3001,
    3501,
    4001,
    4501,
    5001,
    5501,
    6001,
    6501,
    7001,
    7501
  ]
}