{
  "hypervolume": 0.02851089880891969,
  "r2_indicator": -0.10027526927347466,
  "avg_pairwise_distance": 0.5950435214864438,
  "spacing": 0.09889093786478043,
  "spread": 1.0613880504809563,
  "tds": 0.9055232175310137,
  "mpd": 0.6931471805599454,
  "mce": 0.2153780705978991,
  "num_modes": 50,
  "pmd": 0.0,
  "pfs": 0.9501744441343396,
  "pas": 0.5950435214864438,
  "rbd": 0.8939001924001914,
  "fci": 0.2986112509818928,
  "qds": 0.6561584260498823,
  "der": 130.97226008069316,
  "num_parameters": 3745,
  "training_time": 4367.371021,
  "final_loss": -0.10611163824796677,
  "seed": 486,
  "exp_name": "small_low_seed486",
  "condition_name": "small_low",
  "pfs_metadata": {
    "recalculated": true,
    "recalculation_date": "2025-12-01T23:55:24.785607",
    "old_value": 0.021748574170506067,
    "method": "extended_pfs_with_manifold_projection"
  }
}