{
  "loss": [
    14.70903205871582,
    0.010957404971122742,
    -0.03662507236003876,
    -0.07511322945356369,
    -0.07537010312080383,
    -0.09787732362747192,
    -0.1276659369468689,
    -0.0553683266043663,
    -0.123291015625,
    0.00046412646770477295,
    -0.0800125002861023,
    -0.10176209360361099,
    -0.09153127670288086,
    -0.11713485419750214,
    -0.09893353283405304,
    -0.12499211728572845,
    -0.038109153509140015,
    -0.11033300310373306,
    -0.04890604317188263,
    -0.10611163824796677
  ],
  "base_loss": [
    15.623810768127441,
    0.24847185611724854,
    0.12107894569635391,
    0.06653939187526703,
    0.08311332017183304,
    0.11986106634140015,
    0.06081005930900574,
    0.0863780751824379,
    0.067072294652462,
    0.08506164699792862,
    0.11667582392692566,
    0.0669076219201088,
    0.08625322580337524,
    0.14113637804985046,
    0.06296344846487045,
    0.11515352874994278,
    0.09199604392051697,
    0.09226293116807938,
    0.0700327605009079,
    0.07954000681638718
  ],
  "reg_term": [
    -0.9147787094116211,
    -0.2375144511461258,
    -0.15770401805639267,
    -0.14165262132883072,
    -0.15848342329263687,
    -0.21773838996887207,
    -0.18847599625587463,
    -0.1417464017868042,
    -0.190363310277462,
    -0.08459752053022385,
    -0.19668832421302795,
    -0.1686697155237198,
    -0.1777845025062561,
    -0.2582712322473526,
    -0.1618969812989235,
    -0.24014564603567123,
    -0.13010519742965698,
    -0.20259593427181244,
    -0.11893880367279053,
    -0.18565164506435394
  ],
  "log_Z": [
    -0.0009999999310821295,
    -0.09468842297792435,
    -0.07467122375965118,
    -0.06870216131210327,
    -0.06511082500219345,
    -0.06592009216547012,
    -0.07052880525588989,
    -0.06449941545724869,
    -0.0641583651304245,
    -0.0596107542514801,
    -0.057586994022130966,
    -0.05875897407531738,
    -0.05638043209910393,
    -0.04880617558956146,
    -0.045458484441041946,
    -0.04454340413212776,
    -0.04493669047951698,
    -0.04918212816119194,
    -0.04471089690923691,
    -0.04637596383690834
  ],
  "iteration": [
    1,
    501,
    1001,
    1501,
    2001,
    2501,
    3001,
    3501,
    4001,
    4501,
    5001,
    5501,
    6001,
    6501,
    7001,
    7501,
    8001,
    8501,
    9001,
    9501
  ]
}