{
  "hypervolume": 1.4641000000000006,
  "r2_indicator": -0.06914373351163743,
  "avg_pairwise_distance": 0.2572183753529854,
  "spacing": 1.2869462828746236e-08,
  "spread": 0.40990642197749977,
  "tds": 0.665050505050505,
  "mpd": 0.6931471805599453,
  "mce": 0.5507035826060652,
  "num_modes": 70,
  "pmd": 0.0,
  "pfs": 0.7352180767749048,
  "pas": 0.2572183753529854,
  "rbd": 0.665050505050505,
  "fci": 0.36892900120336947,
  "qds": 0.5584587216711331,
  "der": 3.6955704288609517,
  "num_parameters": 70923,
  "training_time": 3532.937142,
  "final_loss": 0.22064828872680664,
  "seed": 153,
  "exp_name": "low_subtb_seed153",
  "condition_name": "low_subtb",
  "pfs_metadata": {
    "recalculated": true,
    "recalculation_date": "2025-12-02T00:02:05.784929",
    "old_value": 0.0,
    "method": "extended_pfs_with_manifold_projection"
  }
}