{
  "loss": [
    55.24135971069336,
    4.551397800445557,
    2.0682458877563477,
    6.099544525146484,
    5.856258392333984,
    0.8371841907501221,
    0.8046684861183167,
    4.282660484313965,
    1.1491479873657227,
    1.0830233097076416,
    2.6586456298828125,
    0.7662894129753113,
    0.4496871829032898,
    1.066956639289856,
    0.4823528528213501,
    0.22064828872680664
  ],
  "base_loss": [
    51.180171966552734,
    5.507454872131348,
    3.2781715393066406,
    4.628386974334717,
    4.347158908843994,
    2.4562385082244873,
    1.6345851421356201,
    4.220698356628418,
    1.6545984745025635,
    1.3025398254394531,
    2.267566680908203,
    1.262100338935852,
    0.8078784346580505,
    1.6541659832000732,
    0.36467891931533813,
    0.29716771841049194
  ],
  "reg_term": [
    4.061187744140625,
    -0.956057071685791,
    -1.209925651550293,
    1.4711575508117676,
    1.5090994834899902,
    -1.6190543174743652,
    -0.8299166560173035,
    0.061962127685546875,
    -0.5054504871368408,
    -0.21951651573181152,
    0.3910789489746094,
    -0.49581092596054077,
    -0.35819125175476074,
    -0.5872093439102173,
    0.11767393350601196,
    -0.0765194296836853
  ],
  "log_Z": [
    -0.0009999999310821295,
    -0.0211563128978014,
    -0.03603644669055939,
    -0.041390031576156616,
    -0.04503517225384712,
    -0.040218934416770935,
    -0.048108916729688644,
    -0.04611505568027496,
    -0.04930231720209122,
    -0.045117128640413284,
    -0.04278259351849556,
    -0.04651692882180214,
    -0.04411240294575691,
    -0.0371791236102581,
    -0.03127065300941467,
    -0.024918004870414734
  ],
  "iteration": [
    1,
    501,
    1001,
    1501,
    2001,
    2501,
    3001,
    3501,
    4001,
    4501,
    5001,
    5501,
    6001,
    6501,
    7001,
    7501
  ]
}