{
  "hypervolume": 1.1940840760051674,
  "r2_indicator": -0.2704561490660364,
  "avg_pairwise_distance": 0.46512207256124916,
  "spacing": 0.18464672565460205,
  "spread": 1.5941710144668062,
  "tds": 0.5047349029992516,
  "mpd": 0.9471297767774651,
  "mce": 0.5079934315324618,
  "num_modes": 3,
  "pmd": 0.0,
  "pfs": 0.001337729799782131,
  "pas": 0.46512207256124916,
  "rbd": 0.5058063412457401,
  "fci": 0.4359738678987506,
  "qds": 0.6326376789647179,
  "der": 12.414893245557836,
  "num_parameters": 68103,
  "training_time": 1980.433288,
  "final_loss": 0.002819958608597517,
  "seed": 153,
  "exp_name": "kl_uniform_01_seed153",
  "capacity": "medium",
  "hidden_dim": 128,
  "num_layers": 4
}