{
  "loss": [
    11.7708740234375,
    0.0016844713827595115,
    0.014948150143027306,
    0.003405784023925662,
    0.005877101793885231,
    0.001144282752647996,
    0.0005785070243291557,
    0.002819958608597517
  ],
  "base_loss": [
    11.352258682250977,
    0.002017561811953783,
    0.019227370619773865,
    0.005628948099911213,
    0.012737701646983624,
    0.0009819846600294113,
    0.0005819867947138846,
    0.002429652027785778
  ],
  "reg_term": [
    0.41861534118652344,
    -0.00033309042919427156,
    -0.004279220476746559,
    -0.002223164075985551,
    -0.0068605998530983925,
    0.00016229809261858463,
    -3.4797703847289085e-06,
    0.00039030658081173897
  ],
  "log_Z": [
    -0.0009999998146668077,
    -0.024137897416949272,
    -0.0219541285187006,
    -0.019869724288582802,
    -0.01767801120877266,
    -0.015135060995817184,
    -0.012872298248112202,
    -0.01145197730511427
  ],
  "iteration": [
    1,
    501,
    1001,
    1501,
    2001,
    2501,
    3001,
    3501
  ]
}