hypervolume,r2_indicator,avg_pairwise_distance,spacing,spread,tds,mpd,mce,num_modes,pmd,pfs,pas,rbd,fci,qds,der,num_parameters,training_time,final_loss,seed,exp_name,condition_name,temperature_level,loss_level
0.964556467111683,-0.24151304496381315,0.0004140489801226624,0.005003792233765125,1.3882018862768508,0.35379830046496713,2.6491586832740186,0.0,1,0.0,1.0796506707931527e-16,0.0004140489801226624,0.35379830046494504,0.4809309054154107,0.3987099761155471,0.002746832138787876,68103,7968.119826,-0.1614290177822113,42,low_subtb_entropy_seed42,low_subtb_entropy,low,subtb_entropy
