hypervolume,r2_indicator,avg_pairwise_distance,spacing,spread,tds,mpd,mce,num_modes,pmd,pfs,pas,rbd,fci,qds,der,num_parameters,training_time,final_loss,seed,exp_name,condition_name,temperature_level,loss_level
0.964556467111683,-0.24151304496381315,0.0004140489801226624,0.005003792233765125,1.3882018862768508,0.35379830046496713,2.6491586832740186,0.0,1,0.0,1.0796506707931527e-16,0.0004140489801226624,0.35379830046494504,0.4809309054154107,0.3987099761155471,0.002746832138787876,68103,7968.119826,-0.1614290177822113,42,low_subtb_entropy_seed42,low_subtb_entropy,low,subtb_entropy
0.1099999814460865,-0.04536363568894863,0.0,0.0,1.0,0.3445117845117845,4.61512051684126,0.0,1,0.0,0.0,0.0,0.34451178451176323,0.46713511560693655,0.04545453778763904,0.0,68103,8255.187723,-0.16780675947666168,153,low_subtb_entropy_seed153,low_subtb_entropy,low,subtb_entropy
0.1099999814460865,-0.04536363568894863,0.0,0.0,1.0,0.3451980118646785,4.61512051684126,0.0,1,0.0,0.0,0.0,0.34519801186465643,0.4835442817294282,0.04545453778763904,0.0,68103,8339.301617,-0.18185922503471375,264,low_subtb_entropy_seed264,low_subtb_entropy,low,subtb_entropy
0.1099999814460865,-0.04536363568894863,0.0,0.0,1.0,0.3474587141253808,4.61512051684126,0.0,1,0.0,0.0,0.0,0.3474587141253587,0.43893666419019306,0.04545453778763904,0.0,68103,8329.512057,-0.14857380092144012,375,low_subtb_entropy_seed375,low_subtb_entropy,low,subtb_entropy
0.1099999814460865,-0.04536363568894863,0.0,0.0,1.0,0.35468975468975467,4.61512051684126,0.0,1,0.0,0.0,0.0,0.35468975468973113,0.4735019243641232,0.04545453778763904,0.0,68103,8345.802499,-0.17226022481918335,486,low_subtb_entropy_seed486,low_subtb_entropy,low,subtb_entropy
