{
  "hypervolume": 1.4641000000000006,
  "r2_indicator": -0.07028279757740775,
  "avg_pairwise_distance": 0.30896706189586387,
  "spacing": 1.031952479024767e-08,
  "spread": 0.4003251156157541,
  "tds": 0.6307575757575757,
  "mpd": 0.6931471805599453,
  "mce": 0.608981181539712,
  "num_modes": 95,
  "pmd": 0.0,
  "pfs": 0.0,
  "pas": 0.30896706189586387,
  "rbd": 0.6307575757575757,
  "fci": 0.37897058823529406,
  "qds": 0.5702197867945145,
  "der": 117.00916057345124,
  "num_parameters": 2443,
  "training_time": 3891.09069,
  "final_loss": 5.209602355957031,
  "seed": 42,
  "exp_name": "small_tb_seed42",
  "condition_name": "small_tb"
}