{
  "hypervolume": 1.4641000000000006,
  "r2_indicator": -0.07028279757740775,
  "avg_pairwise_distance": 0.3326881302291581,
  "spacing": 8.003740781248325e-09,
  "spread": 0.4159015433625534,
  "tds": 0.5858838383838384,
  "mpd": 0.6931471805599453,
  "mce": 0.5675434552541161,
  "num_modes": 125,
  "pmd": 0.0,
  "pfs": 0.0,
  "pas": 0.3326881302291581,
  "rbd": 0.5858838383838384,
  "fci": 0.39320211640211644,
  "qds": 0.575610938688445,
  "der": 183.78438795776557,
  "num_parameters": 2443,
  "training_time": 2667.520242,
  "final_loss": 0.44658711552619934,
  "seed": 42,
  "exp_name": "small_tb_seed42",
  "condition_name": "small_tb"
}