{
  "loss": [
    339.3073425292969,
    3.436488628387451,
    6.409791946411133,
    4.902499198913574,
    5.460033416748047,
    3.451401948928833,
    1.7929389476776123,
    4.502436637878418,
    2.164578914642334,
    2.24485182762146,
    5.5111308097839355,
    2.693115711212158,
    2.8452067375183105,
    4.9415998458862305,
    2.1218128204345703,
    5.209602355957031
  ],
  "base_loss": [
    339.3073425292969,
    3.436488628387451,
    6.409791946411133,
    4.902499198913574,
    5.460033416748047,
    3.451401948928833,
    1.7929389476776123,
    4.502436637878418,
    2.164578914642334,
    2.24485182762146,
    5.5111308097839355,
    2.693115711212158,
    2.8452067375183105,
    4.9415998458862305,
    2.1218128204345703,
    5.209602355957031
  ],
  "reg_term": [
    0.0,
    0.0,
    0.0,
    0.0,
    0.0,
    0.0,
    0.0,
    0.0,
    0.0,
    0.0,
    0.0,
    0.0,
    0.0,
    0.0,
    0.0,
    0.0
  ],
  "log_Z": [
    -0.0009999999310821295,
    -0.01987033523619175,
    -0.02728288806974888,
    -0.0363205149769783,
    -0.05021316930651665,
    -0.06250058114528656,
    -0.07254060357809067,
    -0.08331405371427536,
    -0.09025583416223526,
    -0.09656570106744766,
    -0.09999088197946548,
    -0.10292251408100128,
    -0.10415517538785934,
    -0.1085546463727951,
    -0.10449053347110748,
    -0.10156265646219254
  ],
  "iteration": [
    1,
    501,
    1001,
    1501,
    2001,
    2501,
    3001,
    3501,
    4001,
    4501,
    5001,
    5501,
    6001,
    6501,
    7001,
    7501
  ]
}