{
  "loss": [
    399.006591796875,
    0.6570907235145569,
    4.116530418395996,
    1.0541532039642334,
    2.9036622047424316,
    2.3933000564575195,
    0.8733946681022644,
    1.9675509929656982,
    0.3337891101837158,
    2.558701515197754,
    2.753662109375,
    2.1550395488739014,
    0.4771292209625244,
    2.5770301818847656,
    0.40329301357269287,
    0.44658711552619934
  ],
  "base_loss": [
    399.006591796875,
    0.6570907235145569,
    4.116530418395996,
    1.0541532039642334,
    2.9036622047424316,
    2.3933000564575195,
    0.8733946681022644,
    1.9675509929656982,
    0.3337891101837158,
    2.558701515197754,
    2.753662109375,
    2.1550395488739014,
    0.4771292209625244,
    2.5770301818847656,
    0.40329301357269287,
    0.44658711552619934
  ],
  "reg_term": [
    0.0,
    0.0,
    0.0,
    0.0,
    0.0,
    0.0,
    0.0,
    0.0,
    0.0,
    0.0,
    0.0,
    0.0,
    0.0,
    0.0,
    0.0,
    0.0
  ],
  "log_Z": [
    -0.0009999999310821295,
    -0.02333838865160942,
    -0.01808934286236763,
    -0.020816920325160027,
    -0.027918050065636635,
    -0.035480938851833344,
    -0.04301885515451431,
    -0.05034164711833,
    -0.057374611496925354,
    -0.06477540731430054,
    -0.07189229875802994,
    -0.0799720510840416,
    -0.08833082765340805,
    -0.09910349547863007,
    -0.10845597833395004,
    -0.11641842126846313
  ],
  "iteration": [
    1,
    501,
    1001,
    1501,
    2001,
    2501,
    3001,
    3501,
    4001,
    4501,
    5001,
    5501,
    6001,
    6501,
    7001,
    7501
  ]
}