{
  "loss": [
    12.823777198791504,
    0.09642720222473145,
    0.010350150987505913,
    0.0020679724402725697,
    0.0359065979719162,
    0.0026529254391789436,
    0.01760380156338215,
    0.015906792134046555
  ],
  "log_Z": [
    -0.0009999999310821295,
    -0.024460524320602417,
    -0.029113179072737694,
    -0.03402961045503616,
    -0.04006005823612213,
    -0.046184394508600235,
    -0.053286220878362656,
    -0.05849256366491318
  ],
  "iteration": [
    1,
    501,
    1001,
    1501,
    2001,
    2501,
    3001,
    3501
  ]
}