{
  "hypervolume": 1.1863148411785593,
  "r2_indicator": -0.2695709698498249,
  "avg_pairwise_distance": 0.08878788920198886,
  "spacing": 0.08091878145933151,
  "spread": 1.7217814100836846,
  "tds": 0.4159884466399428,
  "mpd": 1.235359921870259,
  "mce": 0.06682567632435844,
  "num_modes": 3,
  "pmd": 0.0,
  "pfs": 2.9218976523120337e-13,
  "pas": 0.08878788920198886,
  "rbd": 0.4162031857031895,
  "fci": 0.4503074201970858,
  "qds": 0.5116792912167023,
  "der": 0.9904515591926989,
  "num_parameters": 68103,
  "training_time": 4738.67309,
  "final_loss": 0.004860003013163805,
  "seed": 1011,
  "exp_name": "batch_256_seed1011",
  "hidden_dim": 128,
  "num_layers": 4,
  "conditioning": "concat"
}