{
  "loss": [
    13.237140655517578,
    0.012170916423201561,
    0.009546961635351181,
    0.037055984139442444,
    0.005740445572882891,
    0.01710784062743187,
    0.0025488254614174366,
    0.004860003013163805
  ],
  "log_Z": [
    -0.0009999998146668077,
    -0.02275356464087963,
    -0.025913897901773453,
    -0.031079672276973724,
    -0.03738334774971008,
    -0.04374218359589577,
    -0.04801897332072258,
    -0.051298655569553375
  ],
  "iteration": [
    1,
    501,
    1001,
    1501,
    2001,
    2501,
    3001,
    3501
  ]
}