{
  "hypervolume": 0.9054887389864696,
  "r2_indicator": -0.23385943263769154,
  "avg_pairwise_distance": 0.36024574131775944,
  "spacing": 0.10210764408111572,
  "spread": 1.2739305574103994,
  "tds": 0.9047753312998231,
  "mpd": 0.6931471805599453,
  "mce": 0.24456296115966158,
  "num_modes": 124,
  "pmd": 0.0,
  "pfs": 0.01079749188526267,
  "pas": 0.36024574131775944,
  "rbd": 0.9013285233285242,
  "fci": 0.2695195661077532,
  "qds": 0.16124191208152847,
  "der": 115.76103634109295,
  "num_parameters": 3617,
  "training_time": 3097.351127,
  "final_loss": -0.13176679611206055,
  "seed": 153,
  "exp_name": "small_subtb_entropy_seed153",
  "condition_name": "small_subtb_entropy",
  "capacity_level": "small",
  "loss_level": "subtb_entropy",
  "pfs_metadata": {
    "recalculated": true,
    "recalculation_date": "2025-12-01T23:53:05.243384",
    "old_value": 2.8501651761468992e-15,
    "method": "extended_pfs_with_manifold_projection"
  }
}