{
  "loss": [
    20.343059539794922,
    0.07567393779754639,
    -0.011147111654281616,
    -0.08295073360204697,
    -0.03756633400917053,
    0.033121272921562195,
    -0.058606840670108795,
    -0.10999209433794022,
    -0.1162409782409668,
    -0.09822053462266922,
    -0.061946332454681396,
    -0.11835286021232605,
    -0.09472912549972534,
    -0.10606048256158829,
    -0.09212256222963333,
    -0.13176679611206055
  ],
  "base_loss": [
    18.398956298828125,
    0.21631555259227753,
    0.09562364965677261,
    0.08760061860084534,
    0.08424742519855499,
    0.15299734473228455,
    0.1179874986410141,
    0.06588833034038544,
    0.07579696178436279,
    0.07455383241176605,
    0.13459621369838715,
    0.07320307195186615,
    0.07761654257774353,
    0.05984944850206375,
    0.1149163693189621,
    0.04678095132112503
  ],
  "reg_term": [
    1.9441032409667969,
    -0.14064161479473114,
    -0.10677076131105423,
    -0.1705513522028923,
    -0.12181375920772552,
    -0.11987607181072235,
    -0.1765943393111229,
    -0.17588042467832565,
    -0.1920379400253296,
    -0.17277436703443527,
    -0.19654254615306854,
    -0.1915559321641922,
    -0.17234566807746887,
    -0.16590993106365204,
    -0.20703893154859543,
    -0.17854774743318558
  ],
  "log_Z": [
    -0.0009999999310821295,
    -0.15749776363372803,
    -0.17946426570415497,
    -0.14359064400196075,
    -0.11383727192878723,
    -0.09426241368055344,
    -0.07671511173248291,
    -0.06878789514303207,
    -0.06768905371427536,
    -0.058900199830532074,
    -0.054041676223278046,
    -0.044645268470048904,
    -0.04586155340075493,
    -0.05900265648961067,
    -0.05357742682099342,
    -0.050711821764707565
  ],
  "iteration": [
    1,
    501,
    1001,
    1501,
    2001,
    2501,
    3001,
    3501,
    4001,
    4501,
    5001,
    5501,
    6001,
    6501,
    7001,
    7501
  ]
}