{
  "hypervolume": 1.1908689608493035,
  "r2_indicator": -0.27006888622816916,
  "avg_pairwise_distance": 0.4850978897147827,
  "spacing": 0.18594315648078918,
  "spread": 1.5451806222061588,
  "tds": 0.560719136791661,
  "mpd": 0.9607736910195283,
  "mce": 0.43817183178160307,
  "num_modes": 4,
  "pmd": 0.0,
  "pfs": 0.027255111816851692,
  "pas": 0.4850978897147827,
  "rbd": 0.5567247561641506,
  "fci": 0.42132625407886737,
  "qds": 0.6390581497688116,
  "der": 24.586286069711026,
  "num_parameters": 68103,
  "training_time": 1042.972151,
  "final_loss": 0.0011189375072717667,
  "seed": 153,
  "exp_name": "subtrajectory_balance_05_seed153",
  "capacity": "medium",
  "hidden_dim": 128,
  "num_layers": 4
}