{
  "hypervolume": 1.1941006575887376,
  "r2_indicator": -0.2704561490660364,
  "avg_pairwise_distance": 0.48610883539624455,
  "spacing": 0.18553043901920319,
  "spread": 1.6296894718466632,
  "tds": 0.5267569952463637,
  "mpd": 0.8947306652017862,
  "mce": 0.4174385083185899,
  "num_modes": 4,
  "pmd": 0.0,
  "pfs": 0.002429825555731225,
  "pas": 0.48610883539624455,
  "rbd": 0.5286850876396436,
  "fci": 0.45607393386037187,
  "qds": 0.6393830800173448,
  "der": 8.969244468563366,
  "num_parameters": 68103,
  "training_time": 2864.929311,
  "final_loss": 0.00832865759730339,
  "seed": 153,
  "exp_name": "subtrajectory_balance_05_seed153",
  "capacity": "medium",
  "hidden_dim": 128,
  "num_layers": 4
}