{
  "loss": [
    12.874948501586914,
    0.013202659785747528,
    0.02891874685883522,
    0.021266190335154533,
    0.002281084656715393,
    0.009924007579684258,
    0.008303838782012463,
    0.00832865759730339
  ],
  "base_loss": [
    12.874948501586914,
    0.013202659785747528,
    0.02891874685883522,
    0.021266190335154533,
    0.002281084656715393,
    0.009924007579684258,
    0.008303838782012463,
    0.00832865759730339
  ],
  "reg_term": [
    0.0,
    0.0,
    0.0,
    0.0,
    0.0,
    0.0,
    0.0,
    0.0
  ],
  "log_Z": [
    -0.0009999998146668077,
    -0.024206677451729774,
    -0.02868495136499405,
    -0.03422209993004799,
    -0.0378449521958828,
    -0.04295217618346214,
    -0.04601281136274338,
    -0.049845289438962936
  ],
  "iteration": [
    1,
    501,
    1001,
    1501,
    2001,
    2501,
    3001,
    3501
  ]
}