{
  "loss": [
    8.784899711608887,
    0.0019102791557088494,
    0.0022628111764788628,
    0.0004703018057625741,
    0.0004090554139111191,
    0.0008640553569421172,
    0.0006912887329235673,
    0.0011189375072717667
  ],
  "base_loss": [
    8.359705924987793,
    0.0019182953983545303,
    0.002321886597201228,
    0.0005914869834668934,
    0.0001675524836173281,
    0.001015334390103817,
    0.0013060395140200853,
    0.0013833495322614908
  ],
  "reg_term": [
    0.42519378662109375,
    -8.016242645680904e-06,
    -5.907542072236538e-05,
    -0.00012118517770431936,
    0.000241502930293791,
    -0.00015127903316169977,
    -0.000614750781096518,
    -0.00026441202498972416
  ],
  "log_Z": [
    -0.0009999999310821295,
    -0.021356327459216118,
    -0.01780819520354271,
    -0.015027136541903019,
    -0.013222070410847664,
    -0.011755337007343769,
    -0.010692696087062359,
    -0.009981694631278515
  ],
  "iteration": [
    1,
    501,
    1001,
    1501,
    2001,
    2501,
    3001,
    3501
  ]
}