{
  "hypervolume": 0.8792115477584244,
  "r2_indicator": -0.23016334498906982,
  "avg_pairwise_distance": 0.3696413533204683,
  "spacing": 0.099421925842762,
  "spread": 1.1386897093799913,
  "tds": 0.8930045398266612,
  "mpd": 0.6931471805599453,
  "mce": 0.6676218432957739,
  "num_modes": 2,
  "pmd": 0.0,
  "pfs": 0.00013525945511752306,
  "pas": 0.3696413533204683,
  "rbd": 0.8877609427609424,
  "fci": 0.26990268978091136,
  "qds": 0.16426177615448898,
  "der": 143.22821824012544,
  "num_parameters": 3617,
  "training_time": 2568.656046,
  "final_loss": 0.06061650067567825,
  "seed": 486,
  "exp_name": "small_subtb_seed486",
  "condition_name": "small_subtb"
}