{
  "loss": [
    10.502334594726562,
    0.19355066120624542,
    0.14389395713806152,
    0.1079011857509613,
    0.06995400786399841,
    0.13590005040168762,
    0.13438504934310913,
    0.09460236132144928,
    0.09096069633960724,
    0.07257281243801117,
    0.08695901930332184,
    0.08740409463644028,
    0.06870628148317337,
    0.0630425289273262,
    0.054919738322496414,
    0.06061650067567825
  ],
  "base_loss": [
    11.231045722961426,
    0.13307611644268036,
    0.18572281301021576,
    0.148887038230896,
    0.07355871051549911,
    0.08023539185523987,
    0.12384576350450516,
    0.07436538487672806,
    0.08280336856842041,
    0.07959959656000137,
    0.079942986369133,
    0.10134777426719666,
    0.09738962352275848,
    0.05009128898382187,
    0.05593118071556091,
    0.05278126150369644
  ],
  "reg_term": [
    -0.7287111282348633,
    0.060474544763565063,
    -0.041828855872154236,
    -0.04098585247993469,
    -0.003604702651500702,
    0.055664658546447754,
    0.010539285838603973,
    0.020236976444721222,
    0.008157327771186829,
    -0.007026784121990204,
    0.007016032934188843,
    -0.013943679630756378,
    -0.028683342039585114,
    0.012951239943504333,
    -0.001011442393064499,
    0.007835239171981812
  ],
  "log_Z": [
    -0.0009999998146668077,
    -0.14282001554965973,
    -0.15374791622161865,
    -0.15050417184829712,
    -0.14218948781490326,
    -0.1384286880493164,
    -0.13344880938529968,
    -0.12469469755887985,
    -0.12085472792387009,
    -0.1211967021226883,
    -0.12020549923181534,
    -0.11589861661195755,
    -0.1136394664645195,
    -0.11207206547260284,
    -0.11068177968263626,
    -0.10713810473680496
  ],
  "iteration": [
    1,
    501,
    1001,
    1501,
    2001,
    2501,
    3001,
    3501,
    4001,
    4501,
    5001,
    5501,
    6001,
    6501,
    7001,
    7501
  ]
}