{
  "hypervolume": 1.191023156032264,
  "r2_indicator": -0.27010749323730066,
  "avg_pairwise_distance": 0.5011258369913646,
  "spacing": 0.1806938797235489,
  "spread": 1.5316686282204808,
  "tds": 0.6027653585030635,
  "mpd": 0.882010206292021,
  "mce": 0.49550806274085346,
  "num_modes": 46,
  "pmd": 0.0,
  "pfs": 0.0009235603647080087,
  "pas": 0.5011258369913646,
  "rbd": 0.5937556265283626,
  "fci": 0.4509448368009161,
  "qds": 0.6442097271359806,
  "der": 9.977528613260997,
  "num_parameters": 68103,
  "training_time": 2654.972763,
  "final_loss": -0.057070933282375336,
  "seed": 42,
  "exp_name": "entropy_001_seed42",
  "capacity": "medium",
  "hidden_dim": 128,
  "num_layers": 4
}