{
  "loss": [
    13.232688903808594,
    0.032171305269002914,
    0.02269011177122593,
    0.0011277571320533752,
    0.008473459631204605,
    0.016545554623007774,
    0.003929369151592255,
    0.012100557796657085
  ],
  "base_loss": [
    13.232688903808594,
    0.032171305269002914,
    0.02269011177122593,
    0.0011277571320533752,
    0.008473459631204605,
    0.016545554623007774,
    0.003929369151592255,
    0.012100557796657085
  ],
  "reg_term": [
    0.0,
    0.0,
    0.0,
    0.0,
    0.0,
    0.0,
    0.0,
    0.0
  ],
  "log_Z": [
    -0.0009999998146668077,
    -0.024055365473031998,
    -0.028138434514403343,
    -0.03336977958679199,
    -0.03985127806663513,
    -0.04565605893731117,
    -0.052384067326784134,
    -0.057043615728616714
  ],
  "iteration": [
    1,
    501,
    1001,
    1501,
    2001,
    2501,
    3001,
    3501
  ]
}