{
  "loss": [
    12.288345336914062,
    -0.060778968036174774,
    -0.061437126249074936,
    -0.05858543515205383,
    -0.05763940140604973,
    -0.057936541736125946,
    -0.06092783808708191,
    -0.057070933282375336
  ],
  "base_loss": [
    12.198400497436523,
    0.005679380614310503,
    0.0026007185224443674,
    0.0009680896764621139,
    0.0013618174707517028,
    0.0007266563479788601,
    0.00085625727660954,
    0.0007265502936206758
  ],
  "reg_term": [
    0.08994483947753906,
    -0.06645834865048528,
    -0.0640378447715193,
    -0.05955352482851595,
    -0.05900121887680143,
    -0.058663198084104806,
    -0.06178409536369145,
    -0.05779748357599601
  ],
  "log_Z": [
    -0.0009999998146668077,
    -0.02743803709745407,
    -0.025706112384796143,
    -0.025376399978995323,
    -0.025958310812711716,
    -0.02772361785173416,
    -0.03122866153717041,
    -0.035173479467630386
  ],
  "iteration": [
    1,
    501,
    1001,
    1501,
    2001,
    2501,
    3001,
    3501
  ]
}