{
  "hypervolume": 1.1940826464724945,
  "r2_indicator": -0.2704561490660364,
  "avg_pairwise_distance": 0.4988944822631002,
  "spacing": 0.17960740625858307,
  "spread": 1.5080428573049958,
  "tds": 0.5496135820478599,
  "mpd": 0.9398322013239179,
  "mce": 0.4525873515984182,
  "num_modes": 4,
  "pmd": 0.0,
  "pfs": 0.002407810829109349,
  "pas": 0.4988944822631002,
  "rbd": 0.5509274244274313,
  "fci": 0.43756919840566866,
  "qds": 0.6434925425634404,
  "der": 10.395238440941087,
  "num_parameters": 68103,
  "training_time": 2536.941791,
  "final_loss": -0.05537991225719452,
  "seed": 153,
  "exp_name": "standard_seed153",
  "capacity": "medium",
  "hidden_dim": 128,
  "num_layers": 4
}