{
  "loss": [
    11.996325492858887,
    -0.0622323676943779,
    -0.07008178532123566,
    -0.06218535080552101,
    -0.06593137979507446,
    -0.06322271376848221,
    -0.06059349328279495,
    -0.05537991225719452
  ],
  "base_loss": [
    11.681594848632812,
    0.0029630200006067753,
    0.0019061325583606958,
    0.0047930506989359856,
    0.004734211601316929,
    0.0007589919841848314,
    0.0007176861981861293,
    0.0037477556616067886
  ],
  "reg_term": [
    0.3147306442260742,
    -0.06519538769498467,
    -0.07198791787959635,
    -0.066978401504457,
    -0.07066559139639139,
    -0.06398170575266704,
    -0.06131117948098108,
    -0.05912766791880131
  ],
  "log_Z": [
    -0.0009999999310821295,
    -0.02415132150053978,
    -0.023490862920880318,
    -0.022854028269648552,
    -0.02324305847287178,
    -0.024994760751724243,
    -0.02848009020090103,
    -0.03449467569589615
  ],
  "iteration": [
    1,
    501,
    1001,
    1501,
    2001,
    2501,
    3001,
    3501
  ]
}