{
  "hypervolume": 1.1734945536488595,
  "r2_indicator": -0.2680909681331855,
  "avg_pairwise_distance": 0.13568679141111342,
  "spacing": 0.09462030977010727,
  "spread": 1.7966110074701425,
  "tds": 0.3865362857604655,
  "mpd": 1.6448128030025253,
  "mce": 0.08859780110276275,
  "num_modes": 4,
  "pmd": 0.0,
  "pfs": 0.05673226362719739,
  "pas": 0.13568679141111342,
  "rbd": 0.3865479032751814,
  "fci": 0.3890025019036223,
  "qds": 0.5267531692995553,
  "der": 3.091131466203897,
  "num_parameters": 68103,
  "training_time": 2320.365257,
  "final_loss": 0.002735571004450321,
  "seed": 456,
  "exp_name": "pref_dirichlet_low_seed456",
  "hidden_dim": 128,
  "num_layers": 4,
  "conditioning": "concat",
  "pfs_metadata": {
    "recalculated": true,
    "recalculation_date": "2025-12-01T16:19:59.924774",
    "old_value": 4.814060715179068e-13,
    "method": "extended_pfs_with_manifold_projection"
  }
}