{
  "loss": [
    14.40080451965332,
    0.014160173013806343,
    0.018449071794748306,
    0.030098270624876022,
    0.015951521694660187,
    0.009312267415225506,
    0.0027384734712541103,
    0.002735571004450321
  ],
  "log_Z": [
    -0.0009999999310821295,
    -0.02430383861064911,
    -0.02903434820473194,
    -0.03498626500368118,
    -0.041659895330667496,
    -0.050884414464235306,
    -0.05539914220571518,
    -0.06041136011481285
  ],
  "iteration": [
    1,
    501,
    1001,
    1501,
    2001,
    2501,
    3001,
    3501
  ]
}