{
  "hypervolume": 0.04455039136470959,
  "r2_indicator": -0.1116686187634797,
  "avg_pairwise_distance": 0.5696004487337085,
  "spacing": 0.10091738402843475,
  "spread": 1.180661059949972,
  "tds": 0.8998602210090461,
  "mpd": 0.6931471805599454,
  "mce": 0.6883374642776967,
  "num_modes": 2,
  "pmd": 0.0,
  "pfs": 0.038061013278231706,
  "pas": 0.5696004487337085,
  "rbd": 0.8895298220298224,
  "fci": 0.29474182615629974,
  "qds": 0.6494813510940628,
  "der": 137.58036267944772,
  "num_parameters": 3745,
  "training_time": 3979.830276,
  "final_loss": -0.0878622904419899,
  "seed": 375,
  "exp_name": "small_high_seed375",
  "condition_name": "small_high"
}