{
  "loss": [
    16.514089584350586,
    0.19360344111919403,
    0.06635749340057373,
    -0.07186730206012726,
    -0.06535536050796509,
    0.03514598309993744,
    -0.03785143792629242,
    -0.05181798338890076,
    -0.02100527286529541,
    -0.09800358861684799,
    -0.0202847421169281,
    -0.054594531655311584,
    -0.09700135886669159,
    0.05876545608043671,
    -0.120761439204216,
    -0.052519991993904114,
    -0.06473863869905472,
    -0.0884745642542839,
    -0.05968251824378967,
    -0.0878622904419899
  ],
  "base_loss": [
    15.13957691192627,
    0.3850971460342407,
    0.18884876370429993,
    0.12415584176778793,
    0.11893222481012344,
    0.350325345993042,
    0.1335078328847885,
    0.14780326187610626,
    0.08657824993133545,
    0.08007088303565979,
    0.10593636333942413,
    0.1291118711233139,
    0.10712531208992004,
    0.22396138310432434,
    0.09999243915081024,
    0.10547425597906113,
    0.13003948330879211,
    0.1933911144733429,
    0.16423045098781586,
    0.14740288257598877
  ],
  "reg_term": [
    1.3745126724243164,
    -0.1914937049150467,
    -0.1224912703037262,
    -0.1960231438279152,
    -0.18428758531808853,
    -0.31517936289310455,
    -0.17135927081108093,
    -0.19962124526500702,
    -0.10758352279663086,
    -0.17807447165250778,
    -0.12622110545635223,
    -0.1837064027786255,
    -0.20412667095661163,
    -0.16519592702388763,
    -0.22075387835502625,
    -0.15799424797296524,
    -0.19477812200784683,
    -0.2818656787276268,
    -0.22391296923160553,
    -0.23526517301797867
  ],
  "log_Z": [
    -0.0009999999310821295,
    -0.1312398612499237,
    -0.1120695024728775,
    -0.09990787506103516,
    -0.08794334530830383,
    -0.08255709707736969,
    -0.06954672932624817,
    -0.06382538378238678,
    -0.06338538229465485,
    -0.06555657833814621,
    -0.052004531025886536,
    -0.06408749520778656,
    -0.06729409098625183,
    -0.06671401858329773,
    -0.06962399929761887,
    -0.06771828979253769,
    -0.06996195763349533,
    -0.06966190785169601,
    -0.07155287265777588,
    -0.05809571593999863
  ],
  "iteration": [
    1,
    501,
    1001,
    1501,
    2001,
    2501,
    3001,
    3501,
    4001,
    4501,
    5001,
    5501,
    6001,
    6501,
    7001,
    7501,
    8001,
    8501,
    9001,
    9501
  ]
}