{
  "hypervolume": 0.04172662110336977,
  "r2_indicator": -0.09931380546390697,
  "avg_pairwise_distance": 0.5346935457693078,
  "spacing": 0.10636048763990402,
  "spread": 1.27427611670009,
  "tds": 0.9074736842105263,
  "mpd": 0.6931471805599454,
  "mce": 0.6928439136816522,
  "num_modes": 2,
  "pmd": 0.0,
  "pfs": 0.06354390690806723,
  "pas": 0.5346935457693078,
  "rbd": 0.8966599326599335,
  "fci": 0.29606511535004487,
  "qds": 0.6403206648108479,
  "der": 62.80385728796414,
  "num_parameters": 3745,
  "training_time": 8184.069381,
  "final_loss": 0.04349774122238159,
  "seed": 486,
  "exp_name": "small_veryhigh_seed486",
  "condition_name": "small_veryhigh"
}