{
  "loss": [
    9.673226356506348,
    0.20062677562236786,
    0.06021086871623993,
    0.030093833804130554,
    -0.009766340255737305,
    -0.0015950649976730347,
    0.029460355639457703,
    -0.036901913583278656,
    0.060807958245277405,
    0.03785654902458191,
    -0.02547350525856018,
    -0.03587329387664795,
    -0.06868806481361389,
    0.011179327964782715,
    0.031429365277290344,
    -0.06132769584655762,
    -0.010633885860443115,
    -0.04797062277793884,
    0.038450032472610474,
    0.04349774122238159
  ],
  "base_loss": [
    10.002150535583496,
    0.41992801427841187,
    0.1584305465221405,
    0.19617755711078644,
    0.17920592427253723,
    0.1684320718050003,
    0.1823938935995102,
    0.10503368079662323,
    0.2924800515174866,
    0.3365256190299988,
    0.13496868312358856,
    0.19412729144096375,
    0.13878104090690613,
    0.1786777228116989,
    0.18946132063865662,
    0.10474872589111328,
    0.13122765719890594,
    0.1994333267211914,
    0.3090822398662567,
    0.11207267642021179
  ],
  "reg_term": [
    -0.32892417907714844,
    -0.219301238656044,
    -0.09821967780590057,
    -0.16608372330665588,
    -0.18897226452827454,
    -0.17002713680267334,
    -0.1529335379600525,
    -0.14193559437990189,
    -0.23167209327220917,
    -0.29866907000541687,
    -0.16044218838214874,
    -0.2300005853176117,
    -0.20746910572052002,
    -0.1674983948469162,
    -0.15803195536136627,
    -0.1660764217376709,
    -0.14186154305934906,
    -0.24740394949913025,
    -0.27063220739364624,
    -0.0685749351978302
  ],
  "log_Z": [
    -0.0009999999310821295,
    -0.07359781861305237,
    -0.07130414992570877,
    -0.07075819373130798,
    -0.08171241730451584,
    -0.08228841423988342,
    -0.08402134478092194,
    -0.0841207429766655,
    -0.08128920197486877,
    -0.07450824230909348,
    -0.07433672249317169,
    -0.08233209699392319,
    -0.07614274322986603,
    -0.06949393451213837,
    -0.07283502072095871,
    -0.05714167281985283,
    -0.051343098282814026,
    -0.05649431049823761,
    -0.05547558143734932,
    -0.046164803206920624
  ],
  "iteration": [
    1,
    501,
    1001,
    1501,
    2001,
    2501,
    3001,
    3501,
    4001,
    4501,
    5001,
    5501,
    6001,
    6501,
    7001,
    7501,
    8001,
    8501,
    9001,
    9501
  ]
}