{
  "hypervolume": 0.20396052341908236,
  "r2_indicator": -0.06576018064280958,
  "avg_pairwise_distance": 0.0027430160252083255,
  "spacing": 3.5762786865234375e-07,
  "spread": 1.4058697324419582,
  "tds": 0.38401346801346803,
  "mpd": 4.51085950651685,
  "mce": 0.0,
  "num_modes": 1,
  "pmd": 0.0,
  "pfs": 3.688870612940322e-15,
  "pas": 0.0027430160252083255,
  "rbd": 0.38401346801347236,
  "fci": 0.4030532786885246,
  "qds": 0.04508835841816938,
  "der": 0.05777490703610183,
  "num_parameters": 68103,
  "training_time": 2509.720435,
  "final_loss": 0.01694224402308464,
  "seed": 456,
  "exp_name": "top_p_seed456",
  "hidden_dim": 128,
  "num_layers": 4,
  "conditioning": "concat"
}