{
  "loss": [
    13.045801162719727,
    0.037088725715875626,
    0.027883537113666534,
    0.00970488041639328,
    0.02704247087240219,
    0.008290642872452736,
    0.0005373808089643717,
    0.01694224402308464
  ],
  "log_Z": [
    -0.0009999999310821295,
    -0.023366473615169525,
    -0.027334248647093773,
    -0.033818136900663376,
    -0.04070371761918068,
    -0.047310058027505875,
    -0.05230763182044029,
    -0.05589904263615608
  ],
  "iteration": [
    1,
    501,
    1001,
    1501,
    2001,
    2501,
    3001,
    3501
  ]
}