{
  "hypervolume": 1.1940840760051674,
  "r2_indicator": -0.2704561490660364,
  "avg_pairwise_distance": 0.4788731833514112,
  "spacing": 0.1856006681919098,
  "spread": 1.5481120691536028,
  "tds": 0.49841465689157977,
  "mpd": 0.9890975294944307,
  "mce": 0.6929471670244782,
  "num_modes": 2,
  "pmd": 0.0,
  "pfs": 0.0011306463520069333,
  "pas": 0.4788731833514112,
  "rbd": 0.5024305442032813,
  "fci": 0.40721478366714625,
  "qds": 0.6370574533686139,
  "der": 12.913467211609372,
  "num_parameters": 68103,
  "training_time": 1960.26105,
  "final_loss": 0.0008658646838739514,
  "seed": 486,
  "exp_name": "none_seed486",
  "capacity": "medium",
  "hidden_dim": 128,
  "num_layers": 4
}