{
  "loss": [
    13.399245262145996,
    0.016023945063352585,
    0.0026059704832732677,
    0.002357838209718466,
    0.004539634101092815,
    0.0019835697021335363,
    0.0018103927141055465,
    0.0008658646838739514
  ],
  "base_loss": [
    13.71392822265625,
    0.004377678968012333,
    0.002039556857198477,
    0.0018545485800132155,
    0.004324781242758036,
    0.0023992385249584913,
    0.001547689433209598,
    0.0007937459740787745
  ],
  "reg_term": [
    -0.3146829605102539,
    0.011646266095340252,
    0.000566413626074791,
    0.0005032896297052503,
    0.00021485285833477974,
    -0.000415668822824955,
    0.0002627032808959484,
    7.211870979517698e-05
  ],
  "log_Z": [
    -0.0009999999310821295,
    -0.026192467659711838,
    -0.02410193905234337,
    -0.022069254890084267,
    -0.01967979222536087,
    -0.016995875164866447,
    -0.014432993717491627,
    -0.011329663917422295
  ],
  "iteration": [
    1,
    501,
    1001,
    1501,
    2001,
    2501,
    3001,
    3501
  ]
}