{
  "hypervolume": 0.07352024875581264,
  "r2_indicator": -0.2696210325396799,
  "avg_pairwise_distance": 0.04214026943578447,
  "spacing": 0.022295134142041206,
  "spread": 1.443300043004626,
  "tds": 0.6463439837969661,
  "mpd": 0.8522757226336486,
  "mce": 0.4415111642797544,
  "num_modes": 46,
  "pmd": 0.0,
  "pfs": 0.00301618448416571,
  "pas": 0.04214026943578447,
  "rbd": 0.5357672759339416,
  "fci": 0.6857021772527414,
  "qds": 0.4966861783699319,
  "der": 3.301734621366116,
  "num_parameters": 68103,
  "training_time": 674.670004,
  "final_loss": 3.657034142179327e-08,
  "seed": 375,
  "exp_name": "flow_matching_seed375",
  "capacity": "medium",
  "hidden_dim": 128,
  "num_layers": 4,
  "pfs_metadata": {
    "recalculated": true,
    "recalculation_date": "2025-12-01T16:13:31.032202",
    "old_value": 0.0031645661432153946,
    "method": "extended_pfs_with_manifold_projection"
  }
}