{
  "loss": [
    1.2377738952636719,
    0.4259420335292816,
    0.10940305143594742,
    0.01756224036216736,
    0.0014778741169720888,
    5.3822266636416316e-05,
    7.269981665558589e-07,
    3.657034142179327e-08
  ],
  "base_loss": [
    1.2377738952636719,
    0.4259420335292816,
    0.10940305143594742,
    0.01756224036216736,
    0.0014778741169720888,
    5.3822266636416316e-05,
    7.269981665558589e-07,
    3.657034142179327e-08
  ],
  "reg_term": [
    0.0,
    0.0,
    0.0,
    0.0,
    0.0,
    0.0,
    0.0,
    0.0
  ],
  "log_Z": [
    -0.0009999999310821295,
    -0.44613850116729736,
    -0.7684265971183777,
    -0.9663909077644348,
    -1.0602712631225586,
    -1.0913265943527222,
    -1.0978083610534668,
    -1.0985684394836426
  ],
  "iteration": [
    1,
    501,
    1001,
    1501,
    2001,
    2501,
    3001,
    3501
  ]
}