{
  "hypervolume": 1.1869470212269113,
  "r2_indicator": -0.2696210325396799,
  "avg_pairwise_distance": 0.5121263054278098,
  "spacing": 0.18780992925167084,
  "spread": 1.5702119269582304,
  "tds": 0.5681626234091505,
  "mpd": 0.9848465820755022,
  "mce": 0.42018778181278393,
  "num_modes": 36,
  "pmd": 0.0,
  "pfs": 0.0018217917556786675,
  "pas": 0.5121263054278098,
  "rbd": 0.5650810250355821,
  "fci": 0.42057185200327063,
  "qds": 0.6477454116030892,
  "der": 14.679811534629183,
  "num_parameters": 68103,
  "training_time": 1844.135641,
  "final_loss": 0.0031108944676816463,
  "seed": 123,
  "exp_name": "temp_high_seed123",
  "hidden_dim": 128,
  "num_layers": 4,
  "conditioning": "concat"
}