{
  "loss": [
    12.653238296508789,
    0.011001202277839184,
    0.012216252274811268,
    0.00954418908804655,
    0.005869369022548199,
    0.003658335655927658,
    0.0015226032119244337,
    0.0031108944676816463
  ],
  "log_Z": [
    -0.0009999999310821295,
    -0.022603558376431465,
    -0.027657924219965935,
    -0.0344657264649868,
    -0.04107154905796051,
    -0.04662168025970459,
    -0.05081089213490486,
    -0.055708155035972595
  ],
  "iteration": [
    1,
    501,
    1001,
    1501,
    2001,
    2501,
    3001,
    3501
  ]
}