{
  "hypervolume": 1.1910353079549256,
  "r2_indicator": -0.27010749323730066,
  "avg_pairwise_distance": 0.4582517088744917,
  "spacing": 0.18377771973609924,
  "spread": 1.5769977039894656,
  "tds": 0.5174800563115908,
  "mpd": 0.9187128456034434,
  "mce": 0.4358597344380258,
  "num_modes": 4,
  "pmd": 0.0,
  "pfs": 0.0008987949180533091,
  "pas": 0.4582517088744917,
  "rbd": 0.5201523925008832,
  "fci": 0.42727331148383785,
  "qds": 0.6304294604410252,
  "der": 12.050258189840743,
  "num_parameters": 68103,
  "training_time": 2010.221892,
  "final_loss": 0.0008500820840708911,
  "seed": 264,
  "exp_name": "kl_uniform_001_seed264",
  "capacity": "medium",
  "hidden_dim": 128,
  "num_layers": 4
}