{
  "loss": [
    11.830676078796387,
    0.003142624394968152,
    0.0044058156199753284,
    0.0028186982963234186,
    0.0021583628840744495,
    0.0007511069998145103,
    0.0012668166309595108,
    0.0008500820840708911
  ],
  "base_loss": [
    11.645906448364258,
    0.004537422675639391,
    0.004603523761034012,
    0.0032614129595458508,
    0.0026900037191808224,
    0.0004315289843361825,
    0.0015067957574501634,
    0.0006442953599616885
  ],
  "reg_term": [
    0.1847696304321289,
    -0.001394798280671239,
    -0.0001977081410586834,
    -0.00044271466322243214,
    -0.0005316408351063728,
    0.00031957801547832787,
    -0.00023997912649065256,
    0.00020578672410920262
  ],
  "log_Z": [
    -0.0009999999310821295,
    -0.023347103968262672,
    -0.020692143589258194,
    -0.01885826140642166,
    -0.01623164489865303,
    -0.013557500205934048,
    -0.012157995253801346,
    -0.010293520987033844
  ],
  "iteration": [
    1,
    501,
    1001,
    1501,
    2001,
    2501,
    3001,
    3501
  ]
}