{
  "hypervolume": 0.09995302464812994,
  "r2_indicator": -0.2704561490660364,
  "avg_pairwise_distance": 0.4873127102967701,
  "spacing": 0.17641869187355042,
  "spread": 1.476528569836425,
  "tds": 0.507801396763299,
  "mpd": 1.0082971420132756,
  "mce": 0.5252721757856237,
  "num_modes": 46,
  "pmd": 0.0,
  "pfs": 0.002278571285843554,
  "pas": 0.4873127102967701,
  "rbd": 0.5099249941977262,
  "fci": 0.39286383468508257,
  "qds": 0.6397700200654638,
  "der": 13.325148630526156,
  "num_parameters": 68103,
  "training_time": 1933.178402,
  "final_loss": 0.0038368075620383024,
  "seed": 42,
  "exp_name": "subtrajectory_balance_095_seed42",
  "capacity": "medium",
  "hidden_dim": 128,
  "num_layers": 4,
  "num_unique_solutions": 62
}