{
  "loss": [
    12.406410217285156,
    0.005041982047259808,
    0.009821869432926178,
    0.003630739403888583,
    0.0014600619906559587,
    0.014602938666939735,
    0.003158313687890768,
    0.0038368075620383024
  ],
  "base_loss": [
    12.709394454956055,
    0.0033727213740348816,
    0.00806501042097807,
    0.0035973936319351196,
    0.0011273191776126623,
    0.012891514226794243,
    0.0026564395520836115,
    0.0020933975465595722
  ],
  "reg_term": [
    -0.30298423767089844,
    0.001669260673224926,
    0.0017568590119481087,
    3.3345771953463554e-05,
    0.00033274281304329634,
    0.0017114244401454926,
    0.0005018741358071566,
    0.0017434100154787302
  ],
  "log_Z": [
    -0.0009999998146668077,
    -0.02579926885664463,
    -0.02337675541639328,
    -0.021561315283179283,
    -0.02015996351838112,
    -0.019332973286509514,
    -0.018368985503911972,
    -0.0179990753531456
  ],
  "iteration": [
    1,
    501,
    1001,
    1501,
    2001,
    2501,
    3001,
    3501
  ]
}