{
  "hypervolume": 1.1692031143482569,
  "r2_indicator": -0.26859282999952333,
  "avg_pairwise_distance": 0.16125787510208117,
  "spacing": 0.10618346184492111,
  "spread": 1.8061626696657198,
  "tds": 0.41030657958654937,
  "mpd": 1.1689799917812354,
  "mce": 0.18369756613637572,
  "num_modes": 4,
  "pmd": 0.0,
  "pfs": 1.9461160557620902e-13,
  "pas": 0.0,
  "rbd": 0.4104639249639254,
  "fci": 0.4348587920016491,
  "qds": 0.5349720268814517,
  "der": 1.0165362515377365,
  "num_parameters": 68103,
  "training_time": 8385.603414,
  "final_loss": 0.0034422925673425198,
  "seed": 123,
  "exp_name": "large_concat_seed123",
  "capacity": "large",
  "hidden_dim": 128,
  "num_layers": 4,
  "conditioning": "concat",
  "alpha": 1.5,
  "preference_sampling": "dirichlet",
  "loss": "trajectory_balance"
}