{
  "loss": [
    12.72298812866211,
    0.018228547647595406,
    0.005429230630397797,
    0.006965214852243662,
    0.004442387260496616,
    0.009911459870636463,
    0.011967705562710762,
    0.003790784627199173,
    0.0023158551193773746,
    0.0012502687750384212,
    0.003350519575178623,
    0.0014811352593824267,
    0.00041967284050770104,
    0.006584160029888153,
    0.00036263419315218925,
    0.00040411282679997385,
    0.001760654617100954,
    0.0006836525863036513,
    0.006610214710235596,
    0.0034422925673425198
  ],
  "log_Z": [
    -0.0009999999310821295,
    -0.022154316306114197,
    -0.026992199942469597,
    -0.03368930518627167,
    -0.0405263788998127,
    -0.048423100262880325,
    -0.05534665659070015,
    -0.062459539622068405,
    -0.06739170104265213,
    -0.07300150394439697,
    -0.07784951478242874,
    -0.08077393472194672,
    -0.08564919978380203,
    -0.09131693840026855,
    -0.09480120986700058,
    -0.0961269736289978,
    -0.10038626939058304,
    -0.1038442999124527,
    -0.10568588227033615,
    -0.11095766723155975
  ],
  "iteration": [
    1,
    501,
    1001,
    1501,
    2001,
    2501,
    3001,
    3501,
    4001,
    4501,
    5001,
    5501,
    6001,
    6501,
    7001,
    7501,
    8001,
    8501,
    9001,
    9501
  ]
}