{
  "hypervolume": 0.03165930351363699,
  "r2_indicator": -0.09361259688431245,
  "avg_pairwise_distance": 0.5962816415544993,
  "spacing": 0.09871849417686462,
  "spread": 1.0852158992746164,
  "tds": 0.8991873317829052,
  "mpd": 0.6931471805599454,
  "mce": 0.22478396051343696,
  "num_modes": 49,
  "pmd": 0.0,
  "pfs": 0.9994007051548932,
  "pas": 0.5962816415544993,
  "rbd": 0.8909586339586342,
  "fci": 0.2939513131070872,
  "qds": 0.6564833483019645,
  "der": 92.81626351113938,
  "num_parameters": 3745,
  "training_time": 6175.584038,
  "final_loss": -0.11642472445964813,
  "seed": 153,
  "exp_name": "small_low_seed153",
  "condition_name": "small_low",
  "pfs_metadata": {
    "recalculated": true,
    "recalculation_date": "2025-12-01T23:55:13.693655",
    "old_value": 0.0647174138403222,
    "method": "extended_pfs_with_manifold_projection"
  }
}