{
  "loss": [
    17.63897705078125,
    0.29276686906814575,
    -0.013059943914413452,
    -0.0889330506324768,
    -0.06250466406345367,
    -0.10709688067436218,
    -0.06925656646490097,
    -0.09071575105190277,
    -0.10024502873420715,
    -0.08731750398874283,
    -0.12004737555980682,
    -0.11293241381645203,
    -0.12522633373737335,
    -0.008123710751533508,
    -0.09585201740264893,
    -0.09927880018949509,
    -0.08029664307832718,
    -0.12424963712692261,
    -0.09686180204153061,
    -0.11642472445964813
  ],
  "base_loss": [
    19.6263427734375,
    0.3327066898345947,
    0.15260052680969238,
    0.11235131323337555,
    0.16045787930488586,
    0.09045689553022385,
    0.19222627580165863,
    0.060767993330955505,
    0.06823091208934784,
    0.0481613427400589,
    0.10319826006889343,
    0.07246052473783493,
    0.040644288063049316,
    0.1499992161989212,
    0.06927183270454407,
    0.1198640912771225,
    0.09223254024982452,
    0.06304382532835007,
    0.09092786908149719,
    0.045944955199956894
  ],
  "reg_term": [
    -1.98736572265625,
    -0.039939820766448975,
    -0.16566047072410583,
    -0.20128436386585236,
    -0.22296254336833954,
    -0.19755377620458603,
    -0.2614828422665596,
    -0.15148374438285828,
    -0.168475940823555,
    -0.13547884672880173,
    -0.22324563562870026,
    -0.18539293855428696,
    -0.16587062180042267,
    -0.1581229269504547,
    -0.165123850107193,
    -0.21914289146661758,
    -0.1725291833281517,
    -0.18729346245527267,
    -0.1877896711230278,
    -0.16236967965960503
  ],
  "log_Z": [
    -0.0010000000474974513,
    -0.10601823031902313,
    -0.10615542531013489,
    -0.0993310958147049,
    -0.09640180319547653,
    -0.09759689122438431,
    -0.08975955843925476,
    -0.08881543576717377,
    -0.07659527659416199,
    -0.07164163887500763,
    -0.0704432874917984,
    -0.064540795981884,
    -0.06883366405963898,
    -0.059992872178554535,
    -0.05160896107554436,
    -0.05851387232542038,
    -0.05797162652015686,
    -0.05478888005018234,
    -0.05768585577607155,
    -0.04902595654129982
  ],
  "iteration": [
    1,
    501,
    1001,
    1501,
    2001,
    2501,
    3001,
    3501,
    4001,
    4501,
    5001,
    5501,
    6001,
    6501,
    7001,
    7501,
    8001,
    8501,
    9001,
    9501
  ]
}