{
  "hypervolume": 0.1099999814460865,
  "r2_indicator": -0.04536363568894863,
  "avg_pairwise_distance": 0.0,
  "spacing": 0.0,
  "spread": 1.0,
  "tds": 0.04368125701459035,
  "mpd": 1.0986122886681098,
  "mce": 0.0,
  "num_modes": 1,
  "pmd": 0.0,
  "pfs": 0.0,
  "pas": 0.0,
  "rbd": 0.043681257014591225,
  "fci": 0.576670616113744,
  "qds": 0.04545453778763904,
  "der": 0.0,
  "num_parameters": 519,
  "training_time": 3134.129813,
  "final_loss": 0.6229596734046936,
  "seed": 42,
  "exp_name": "small_low_seed42",
  "condition_name": "small_low"
}