{
  "hypervolume": 0.1099999814460865,
  "r2_indicator": -0.04536363568894863,
  "avg_pairwise_distance": 0.0,
  "spacing": 0.0,
  "spread": 1.0,
  "tds": 0.44578803912137244,
  "mpd": 3.367295829986474,
  "mce": 0.0,
  "num_modes": 1,
  "pmd": 0.0,
  "pfs": 0.0,
  "pas": 0.0,
  "rbd": 0.4457880391213655,
  "fci": 0.6148544207317073,
  "qds": 0.04545453778763904,
  "der": 0.0,
  "num_parameters": 519,
  "training_time": 4217.49548,
  "final_loss": -0.07617923617362976,
  "seed": 42,
  "exp_name": "small_low_seed42",
  "condition_name": "small_low"
}