{
  "hypervolume": 0.1099999814460865,
  "r2_indicator": -0.04536363568894863,
  "avg_pairwise_distance": 0.0,
  "spacing": 0.0,
  "spread": 1.0,
  "tds": 0.057245470578803914,
  "mpd": 1.6094379124341003,
  "mce": 0.0,
  "num_modes": 1,
  "pmd": 0.0,
  "pfs": 0.0,
  "pas": 0.0,
  "rbd": 0.057245470578804,
  "fci": 0.6960768188854489,
  "qds": 0.04545453778763904,
  "der": 0.0,
  "num_parameters": 519,
  "training_time": 3774.075339,
  "final_loss": 0.06137875095009804,
  "seed": 42,
  "exp_name": "small_low_seed42",
  "condition_name": "small_low"
}