{
  "loss": [
    254.32870483398438,
    16.20838737487793,
    1.6550053358078003,
    1.7284979820251465,
    2.0784385204315186,
    1.1702911853790283,
    0.8922497034072876,
    -0.07617923617362976
  ],
  "log_Z": [
    -0.0009999999310821295,
    -0.11665116250514984,
    -0.13849228620529175,
    -0.1403082013130188,
    -0.14062675833702087,
    -0.14090079069137573,
    -0.14119943976402283,
    -0.1417565792798996
  ],
  "iteration": [
    1,
    501,
    1001,
    1501,
    2001,
    2501,
    3001,
    3501
  ]
}