{
  "loss": [
    212.99417114257812,
    4.958739280700684,
    0.15442878007888794,
    0.07560303807258606,
    0.12341432273387909,
    0.6601430177688599,
    0.10363423079252243,
    0.06137875095009804
  ],
  "base_loss": [
    221.3883056640625,
    4.906551837921143,
    0.21337570250034332,
    0.12422791123390198,
    0.17828038334846497,
    0.7578979730606079,
    0.1059301421046257,
    0.07928101718425751
  ],
  "reg_term": [
    -8.394134521484375,
    0.052187442779541016,
    -0.05894692242145538,
    -0.04862487316131592,
    -0.054866060614585876,
    -0.09775495529174805,
    -0.0022959113121032715,
    -0.01790226623415947
  ],
  "log_Z": [
    -0.0009999999310821295,
    -0.1322234570980072,
    -0.15483242273330688,
    -0.15857145190238953,
    -0.16156335175037384,
    -0.1648998111486435,
    -0.16869981586933136,
    -0.17466050386428833
  ],
  "iteration": [
    1,
    501,
    1001,
    1501,
    2001,
    2501,
    3001,
    3501
  ]
}