{
  "loss": [
    211.18478393554688,
    5.7648820877075195,
    0.21985407173633575,
    0.12216739356517792,
    0.05062335729598999,
    0.6075613498687744,
    0.306549996137619,
    0.6229596734046936
  ],
  "base_loss": [
    222.504150390625,
    5.851965427398682,
    0.2723848223686218,
    0.18137449026107788,
    0.12373942136764526,
    0.4412311911582947,
    0.22702930867671967,
    1.185767650604248
  ],
  "reg_term": [
    -11.319366455078125,
    -0.08708333969116211,
    -0.05253075063228607,
    -0.05920709669589996,
    -0.07311606407165527,
    0.16633015871047974,
    0.07952068746089935,
    -0.5628079771995544
  ],
  "log_Z": [
    -0.0009999999310821295,
    -0.12783819437026978,
    -0.15562321245670319,
    -0.16117845475673676,
    -0.1668298840522766,
    -0.17253760993480682,
    -0.17805926501750946,
    -0.18280264735221863
  ],
  "iteration": [
    1,
    501,
    1001,
    1501,
    2001,
    2501,
    3001,
    3501
  ]
}