{
  "loss": [
    13.52408218383789,
    0.015361935831606388,
    0.011409332044422626,
    0.00597114022821188,
    0.004794408567249775,
    0.005271099973469973,
    0.00043824181193485856,
    0.004641197621822357
  ],
  "log_Z": [
    -0.0009999998146668077,
    -0.024258479475975037,
    -0.027984904125332832,
    -0.031532350927591324,
    -0.03546278178691864,
    -0.03949403390288353,
    -0.044619958847761154,
    -0.04767122492194176
  ],
  "iteration": [
    1,
    501,
    1001,
    1501,
    2001,
    2501,
    3001,
    3501
  ]
}