{
  "hypervolume": 1.1910353079549256,
  "r2_indicator": -0.27010749323730066,
  "avg_pairwise_distance": 0.48601922394315583,
  "spacing": 0.17229507863521576,
  "spread": 1.464498243961736,
  "tds": 0.5993441358024691,
  "mpd": 0.9023723151663864,
  "mce": 0.5348339443921613,
  "num_modes": 47,
  "pmd": 0.0,
  "pfs": 0.0009592544268442918,
  "pas": 0.48601922394315583,
  "rbd": 0.5912696966333391,
  "fci": 0.4309070726292421,
  "qds": 0.639354277805458,
  "der": 9.315010006126617,
  "num_parameters": 68103,
  "training_time": 2758.076953,
  "final_loss": -0.0553542859852314,
  "seed": 153,
  "exp_name": "entropy_001_seed153",
  "capacity": "medium",
  "hidden_dim": 128,
  "num_layers": 4
}