{
  "loss": [
    11.86754322052002,
    -0.06851347535848618,
    -0.06909716129302979,
    -0.06500892341136932,
    -0.06067322567105293,
    -0.05738789215683937,
    -0.06226947531104088,
    -0.0553542859852314
  ],
  "base_loss": [
    11.069128036499023,
    0.002768244594335556,
    0.0006775027140974998,
    0.0013896313030272722,
    0.0011977001558989286,
    0.001153556164354086,
    0.0009660868672654033,
    0.00240426417440176
  ],
  "reg_term": [
    0.7984151840209961,
    -0.07128171995282173,
    -0.06977466400712729,
    -0.0663985547143966,
    -0.06187092582695186,
    -0.05854144832119346,
    -0.06323556217830628,
    -0.05775855015963316
  ],
  "log_Z": [
    -0.0009999999310821295,
    -0.02420784905552864,
    -0.023633426055312157,
    -0.02334100939333439,
    -0.02374636009335518,
    -0.025522489100694656,
    -0.029239417985081673,
    -0.034950826317071915
  ],
  "iteration": [
    1,
    501,
    1001,
    1501,
    2001,
    2501,
    3001,
    3501
  ]
}