{
  "hypervolume": 1.1692031143482569,
  "r2_indicator": -0.26859282999952333,
  "avg_pairwise_distance": 0.0894860833765869,
  "spacing": 0.07518237084150314,
  "spread": 1.7837948699727986,
  "tds": 0.3950406098891478,
  "mpd": 1.9693609793896438,
  "mce": 0.18117964950893073,
  "num_modes": 2,
  "pmd": 0.0,
  "pfs": 7.289310558570595e-13,
  "pas": 0.0894860833765869,
  "rbd": 0.3950505050505121,
  "fci": 0.4257244946304486,
  "qds": 0.5119036993237219,
  "der": 2.0117586393637046,
  "num_parameters": 68103,
  "training_time": 2351.34244,
  "final_loss": 0.005069104954600334,
  "seed": 789,
  "exp_name": "on_policy_pure_seed789",
  "hidden_dim": 128,
  "num_layers": 4,
  "conditioning": "concat"
}