{
  "hypervolume": 1.1940840760051674,
  "r2_indicator": -0.2704561490660364,
  "avg_pairwise_distance": 0.49968828755185607,
  "spacing": 0.18585485219955444,
  "spread": 1.5219288225596597,
  "tds": 0.3794478114478114,
  "mpd": 4.564348191467836,
  "mce": 0.4459595620351232,
  "num_modes": 4,
  "pmd": 0.0,
  "pfs": 0.0014132055075797084,
  "pas": 0.49968828755185607,
  "rbd": 0.3794478114478155,
  "fci": 0.43771484375,
  "qds": 0.6437476812464499,
  "der": 14.120756694732865,
  "num_parameters": 68103,
  "training_time": 1870.585042,
  "final_loss": 0.0006390189519152045,
  "seed": 42,
  "exp_name": "diverse_sampling_seed42",
  "hidden_dim": 128,
  "num_layers": 4,
  "conditioning": "concat"
}