{
  "loss": [
    12.958160400390625,
    0.021498704329133034,
    0.008642670698463917,
    0.005971928127110004,
    0.005355131812393665,
    0.0019840006716549397,
    0.0010509282583370805,
    0.0006390189519152045
  ],
  "log_Z": [
    -0.0009999998146668077,
    -0.025210892781615257,
    -0.029185639694333076,
    -0.03424929454922676,
    -0.03900684416294098,
    -0.045406363904476166,
    -0.05152488127350807,
    -0.05483309179544449
  ],
  "iteration": [
    1,
    501,
    1001,
    1501,
    2001,
    2501,
    3001,
    3501
  ]
}