{
  "hypervolume": 1.1908689608493035,
  "r2_indicator": -0.27006888622816916,
  "avg_pairwise_distance": 0.4545113230115735,
  "spacing": 0.1829325407743454,
  "spread": 1.6052549016162214,
  "tds": 0.5646410616158073,
  "mpd": 0.9489813156195753,
  "mce": 0.6730941250344116,
  "num_modes": 2,
  "pmd": 0.0,
  "pfs": 0.0259608227637219,
  "pas": 0.4545113230115735,
  "rbd": 0.5626516962274632,
  "fci": 0.4383042654647593,
  "qds": 0.629227254891969,
  "der": 12.125471036065315,
  "num_parameters": 68103,
  "training_time": 1981.446478,
  "final_loss": 0.0005430463352240622,
  "seed": 153,
  "exp_name": "none_seed153",
  "capacity": "medium",
  "hidden_dim": 128,
  "num_layers": 4
}