{
  "loss": [
    11.654088020324707,
    0.005426251329481602,
    0.002018918050453067,
    0.0024990192614495754,
    0.0013569972943514585,
    0.0005640542367473245,
    0.0009547867230139673,
    0.0005430463352240622
  ],
  "base_loss": [
    11.423513412475586,
    0.007158681750297546,
    0.0007656041998416185,
    0.00212468602694571,
    0.0013924697414040565,
    0.0006222755764611065,
    0.0007718880660831928,
    0.000580440741032362
  ],
  "reg_term": [
    0.2305746078491211,
    -0.0017324304208159447,
    0.0012533138506114483,
    0.00037433323450386524,
    -3.5472447052598e-05,
    -5.822133971378207e-05,
    0.00018289865693077445,
    -3.739440580829978e-05
  ],
  "log_Z": [
    -0.0009999999310821295,
    -0.02453574910759926,
    -0.02305704355239868,
    -0.021611884236335754,
    -0.020070377737283707,
    -0.01791912131011486,
    -0.01652907393872738,
    -0.015849854797124863
  ],
  "iteration": [
    1,
    501,
    1001,
    1501,
    2001,
    2501,
    3001,
    3501
  ]
}