{
  "hypervolume": 0.07572561036795378,
  "r2_indicator": -0.2691423180090131,
  "avg_pairwise_distance": 0.05019450068961052,
  "spacing": 0.01703408919274807,
  "spread": 1.3567738156248186,
  "tds": 0.593163292137786,
  "mpd": 0.8333193840082773,
  "mce": 0.4586073062021185,
  "num_modes": 49,
  "pmd": 0.0,
  "pfs": 0.03582790257775409,
  "pas": 0.05019450068961052,
  "rbd": 0.5093261401897747,
  "fci": 0.6668016194331983,
  "qds": 0.499274906341216,
  "der": 3.9890562701246437,
  "num_parameters": 68103,
  "training_time": 665.15404,
  "final_loss": 1.988511399986237e-08,
  "seed": 264,
  "exp_name": "flow_matching_seed264",
  "capacity": "medium",
  "hidden_dim": 128,
  "num_layers": 4,
  "pfs_metadata": {
    "recalculated": true,
    "recalculation_date": "2025-12-01T16:13:30.956417",
    "old_value": 0.00021648036395859456,
    "method": "extended_pfs_with_manifold_projection"
  }
}