{
  "loss": [
    1.2209999561309814,
    0.42680469155311584,
    0.10936522483825684,
    0.01754751242697239,
    0.0014779383782297373,
    5.365499964682385e-05,
    6.784981678720214e-07,
    1.988511399986237e-08
  ],
  "base_loss": [
    1.2209999561309814,
    0.42680469155311584,
    0.10936522483825684,
    0.01754751242697239,
    0.0014779383782297373,
    5.365499964682385e-05,
    6.784981678720214e-07,
    1.988511399986237e-08
  ],
  "reg_term": [
    0.0,
    0.0,
    0.0,
    0.0,
    0.0,
    0.0,
    0.0,
    0.0
  ],
  "log_Z": [
    -0.0009999998146668077,
    -0.4461047053337097,
    -0.76834636926651,
    -0.9663332104682922,
    -1.0602436065673828,
    -1.0913183689117432,
    -1.0978070497512817,
    -1.0985687971115112
  ],
  "iteration": [
    1,
    501,
    1001,
    1501,
    2001,
    2501,
    3001,
    3501
  ]
}