{
  "loss": [
    12.760066986083984,
    0.028741031885147095,
    0.004063331987708807,
    0.0054800622165203094,
    0.00733303464949131,
    0.008747655898332596,
    0.007200805004686117,
    0.003491236362606287
  ],
  "base_loss": [
    12.760066986083984,
    0.028741031885147095,
    0.004063331987708807,
    0.0054800622165203094,
    0.00733303464949131,
    0.008747655898332596,
    0.007200805004686117,
    0.003491236362606287
  ],
  "reg_term": [
    0.0,
    0.0,
    0.0,
    0.0,
    0.0,
    0.0,
    0.0,
    0.0
  ],
  "log_Z": [
    -0.0009999999310821295,
    -0.0234055295586586,
    -0.027401108294725418,
    -0.032510414719581604,
    -0.0369187630712986,
    -0.04084797203540802,
    -0.04622728377580643,
    -0.05129344016313553
  ],
  "iteration": [
    1,
    501,
    1001,
    1501,
    2001,
    2501,
    3001,
    3501
  ]
}