{
  "hypervolume": 0.088124745991081,
  "r2_indicator": -0.2704561490660364,
  "avg_pairwise_distance": 0.48116680010167723,
  "spacing": 0.1861984133720398,
  "spread": 1.5445245481547492,
  "tds": 0.562902273174721,
  "mpd": 0.9601654748770341,
  "mce": 0.4330914635362133,
  "num_modes": 39,
  "pmd": 0.0,
  "pfs": 0.0014777400982987018,
  "pas": 0.48116680010167723,
  "rbd": 0.562703076945502,
  "fci": 0.40525934592456414,
  "qds": 0.6377946497129576,
  "der": 11.119701169889124,
  "num_parameters": 68103,
  "training_time": 2287.382505,
  "final_loss": 0.0010037734173238277,
  "seed": 375,
  "exp_name": "subtrajectory_balance_095_seed375",
  "capacity": "medium",
  "hidden_dim": 128,
  "num_layers": 4,
  "num_unique_solutions": 57
}