{
  "loss": [
    12.323893547058105,
    0.007649059873074293,
    0.00636253273114562,
    0.003309579798951745,
    0.0026481961831450462,
    0.0007515609031543136,
    0.002237302018329501,
    0.0010037734173238277
  ],
  "base_loss": [
    12.359999656677246,
    0.01124076172709465,
    0.007822385989129543,
    0.003687143325805664,
    0.004929409362375736,
    0.000627247616648674,
    0.0026280824095010757,
    0.0009405364980921149
  ],
  "reg_term": [
    -0.036106109619140625,
    -0.003591701854020357,
    -0.001459853257983923,
    -0.00037756352685391903,
    -0.00228121317923069,
    0.00012431328650563955,
    -0.0003907803911715746,
    6.323691923171282e-05
  ],
  "log_Z": [
    -0.0009999999310821295,
    -0.027073005214333534,
    -0.025371694937348366,
    -0.02379492111504078,
    -0.02216930128633976,
    -0.020879020914435387,
    -0.019807809963822365,
    -0.018595891073346138
  ],
  "iteration": [
    1,
    501,
    1001,
    1501,
    2001,
    2501,
    3001,
    3501
  ]
}