{
  "hypervolume": 1.4641000000000006,
  "r2_indicator": -0.07028279757740775,
  "avg_pairwise_distance": 0.2830094520555546,
  "spacing": 1.1372817354526887e-08,
  "spread": 0.39932901979070096,
  "tds": 0.625,
  "mpd": 0.6931471805599453,
  "mce": 0.5670269491505312,
  "num_modes": 81,
  "pmd": 0.0,
  "pfs": 0.7962080902872364,
  "pas": 0.2830094520555546,
  "rbd": 0.625,
  "fci": 0.37833128331283294,
  "qds": 0.564320330012626,
  "der": 144.13416663185518,
  "num_parameters": 2443,
  "training_time": 2893.430352,
  "final_loss": 1.5866084098815918,
  "seed": 42,
  "exp_name": "small_high_seed42",
  "condition_name": "small_high",
  "pfs_metadata": {
    "recalculated": true,
    "recalculation_date": "2025-12-02T00:00:52.279199",
    "old_value": 0.0,
    "method": "extended_pfs_with_manifold_projection"
  }
}