{
  "hypervolume": 1.4641000000000006,
  "r2_indicator": -0.07028279757740775,
  "avg_pairwise_distance": 0.2830094520555546,
  "spacing": 1.1372817354526887e-08,
  "spread": 0.39932901979070096,
  "tds": 0.625,
  "mpd": 0.6931471805599453,
  "mce": 0.5518164881906643,
  "num_modes": 104,
  "pmd": 0.0,
  "pfs": 0.0,
  "pas": 0.2830094520555546,
  "rbd": 0.625,
  "fci": 0.37833128331283294,
  "qds": 0.564320330012626,
  "der": 144.13416663185518,
  "num_parameters": 2443,
  "training_time": 2893.430352,
  "final_loss": 1.5866084098815918,
  "seed": 42,
  "exp_name": "small_high_seed42",
  "condition_name": "small_high"
}