{
  "loss": [
    190.8060302734375,
    6.51901912689209,
    7.4840521812438965,
    4.183960437774658,
    4.359780788421631,
    1.6445064544677734,
    3.1137495040893555,
    4.3859782218933105,
    1.7566531896591187,
    1.495943307876587,
    2.4636194705963135,
    3.8188929557800293,
    0.5471504926681519,
    2.7085964679718018,
    1.8313074111938477,
    1.5866084098815918
  ],
  "base_loss": [
    195.1378173828125,
    2.626377582550049,
    8.229415893554688,
    9.690073013305664,
    7.862644195556641,
    2.2221789360046387,
    2.4982409477233887,
    4.38877010345459,
    1.3248765468597412,
    1.3125802278518677,
    3.5050785541534424,
    4.219544410705566,
    1.1195069551467896,
    2.459474802017212,
    1.7757720947265625,
    1.6271212100982666
  ],
  "reg_term": [
    -4.331787109375,
    3.892641544342041,
    -0.745363712310791,
    -5.506112575531006,
    -3.5028634071350098,
    -0.5776724815368652,
    0.6155085563659668,
    -0.002791881561279297,
    0.43177664279937744,
    0.18336308002471924,
    -1.041459083557129,
    -0.4006514549255371,
    -0.5723564624786377,
    0.24912166595458984,
    0.055535316467285156,
    -0.040512800216674805
  ],
  "log_Z": [
    -0.0009999998146668077,
    -0.078221894800663,
    -0.04367748275399208,
    0.00696036359295249,
    0.023476410657167435,
    0.021075814962387085,
    0.020764702931046486,
    0.03060837835073471,
    0.026947464793920517,
    0.03215804696083069,
    0.042662110179662704,
    0.04616669937968254,
    0.0587523952126503,
    0.06759379059076309,
    0.0696503296494484,
    0.0807887613773346
  ],
  "iteration": [
    1,
    501,
    1001,
    1501,
    2001,
    2501,
    3001,
    3501,
    4001,
    4501,
    5001,
    5501,
    6001,
    6501,
    7001,
    7501
  ]
}