{
  "hypervolume": 1.1908689608493035,
  "r2_indicator": -0.27006888622816916,
  "avg_pairwise_distance": 0.4862336857299457,
  "spacing": 0.177406445145607,
  "spread": 1.456893050666963,
  "tds": 0.5798555768792896,
  "mpd": 0.8731200445015959,
  "mce": 0.5195668112979619,
  "num_modes": 50,
  "pmd": 0.0,
  "pfs": 0.04683488619614483,
  "pas": 0.4862336857299457,
  "rbd": 0.5784768531132234,
  "fci": 0.4096203753998431,
  "qds": 0.6394232084344327,
  "der": 9.170303672729903,
  "num_parameters": 68103,
  "training_time": 2802.835328,
  "final_loss": -0.06586505472660065,
  "seed": 486,
  "exp_name": "entropy_001_seed486",
  "capacity": "medium",
  "hidden_dim": 128,
  "num_layers": 4,
  "pfs_metadata": {
    "recalculated": true,
    "recalculation_date": "2025-12-01T16:14:17.863546",
    "old_value": 0.02759378123668574,
    "method": "extended_pfs_with_manifold_projection"
  }
}