{
  "loss": [
    13.711324691772461,
    -0.06601236760616302,
    -0.06938112527132034,
    -0.06789860129356384,
    -0.06977047771215439,
    -0.06297948211431503,
    -0.0591861717402935,
    -0.06586505472660065
  ],
  "base_loss": [
    13.980632781982422,
    0.0052083274349570274,
    0.0064158970490098,
    0.005181825254112482,
    0.00078145123552531,
    0.0010887181852012873,
    0.0009609966655261815,
    0.0027254465967416763
  ],
  "reg_term": [
    -0.26930809020996094,
    -0.07122069504112005,
    -0.07579702232033014,
    -0.07308042654767632,
    -0.0705519289476797,
    -0.06406820029951632,
    -0.060147168405819684,
    -0.06859050132334232
  ],
  "log_Z": [
    -0.0009999999310821295,
    -0.02658989652991295,
    -0.025540076196193695,
    -0.024716252461075783,
    -0.023919543251395226,
    -0.02372036688029766,
    -0.025560587644577026,
    -0.02957931160926819
  ],
  "iteration": [
    1,
    501,
    1001,
    1501,
    2001,
    2501,
    3001,
    3501
  ]
}