{
  "hypervolume": 0.03566414298441991,
  "r2_indicator": -0.10952642962965965,
  "avg_pairwise_distance": 0.5262946545203597,
  "spacing": 0.09356018900871277,
  "spread": 1.299069645922411,
  "tds": 0.9024034766939608,
  "mpd": 0.6931471805599453,
  "mce": 0.6916256571430894,
  "num_modes": 2,
  "pmd": 0.0,
  "pfs": 0.07740090589690644,
  "pas": 0.5262946545203597,
  "rbd": 0.8919603174603203,
  "fci": 0.29627340989958606,
  "qds": 0.6381165274819958,
  "der": 135.32233186850095,
  "num_parameters": 3745,
  "training_time": 3738.610013,
  "final_loss": -0.01824432611465454,
  "seed": 375,
  "exp_name": "small_veryhigh_seed375",
  "condition_name": "small_veryhigh"
}