{
  "loss": [
    9.856356620788574,
    0.18810240924358368,
    0.00563301146030426,
    0.12155964970588684,
    0.07005766034126282,
    0.004236489534378052,
    -0.054858192801475525,
    -0.048156194388866425,
    0.047242313623428345,
    -0.0682857409119606,
    0.061072319746017456,
    -0.043607622385025024,
    -0.023700833320617676,
    0.027591660618782043,
    -0.09462079405784607,
    -0.07970598340034485,
    -0.057225897908210754,
    -0.05988333374261856,
    -0.03542265295982361,
    -0.01824432611465454
  ],
  "base_loss": [
    9.533817291259766,
    0.4931935667991638,
    0.18582573533058167,
    0.3353329002857208,
    0.20709796249866486,
    0.19524820148944855,
    0.15247514843940735,
    0.16642087697982788,
    0.30798304080963135,
    0.13669075071811676,
    0.2556151747703552,
    0.08916636556386948,
    0.17449712753295898,
    0.25238123536109924,
    0.11314843595027924,
    0.19871583580970764,
    0.2073574662208557,
    0.11950735002756119,
    0.23824241757392883,
    0.12608790397644043
  ],
  "reg_term": [
    0.3225393295288086,
    -0.30509115755558014,
    -0.1801927238702774,
    -0.21377325057983398,
    -0.13704030215740204,
    -0.1910117119550705,
    -0.20733334124088287,
    -0.2145770713686943,
    -0.260740727186203,
    -0.20497649163007736,
    -0.19454285502433777,
    -0.1327739879488945,
    -0.19819796085357666,
    -0.2247895747423172,
    -0.2077692300081253,
    -0.2784218192100525,
    -0.26458336412906647,
    -0.17939068377017975,
    -0.27366507053375244,
    -0.14433223009109497
  ],
  "log_Z": [
    -0.0009999999310821295,
    -0.108982615172863,
    -0.11028236150741577,
    -0.10844699293375015,
    -0.10912136733531952,
    -0.09560780227184296,
    -0.09618767350912094,
    -0.08367304503917694,
    -0.07867613434791565,
    -0.08240457624197006,
    -0.08435823023319244,
    -0.08581797778606415,
    -0.0939965471625328,
    -0.09304528683423996,
    -0.08725085109472275,
    -0.09391074627637863,
    -0.10054414719343185,
    -0.09722988307476044,
    -0.10008677840232849,
    -0.09943930059671402
  ],
  "iteration": [
    1,
    501,
    1001,
    1501,
    2001,
    2501,
    3001,
    3501,
    4001,
    4501,
    5001,
    5501,
    6001,
    6501,
    7001,
    7501,
    8001,
    8501,
    9001,
    9501
  ]
}