{
  "loss": [
    12.991270065307617,
    0.010057112202048302,
    0.004310743883252144,
    0.0033129723742604256,
    0.001807603519409895,
    0.010371670126914978,
    0.0003470398369245231,
    0.007529206573963165
  ],
  "log_Z": [
    -0.0009999999310821295,
    -0.021817214787006378,
    -0.02498486638069153,
    -0.02804194763302803,
    -0.03169099614024162,
    -0.036230169236660004,
    -0.04103156179189682,
    -0.04533625766634941
  ],
  "iteration": [
    1,
    501,
    1001,
    1501,
    2001,
    2501,
    3001,
    3501
  ]
}