{
  "loss": [
    13.347942352294922,
    0.03481822460889816,
    0.009098033420741558,
    0.009116915985941887,
    0.00198896205984056,
    0.008327528834342957,
    0.0005456136423163116,
    0.0033909156918525696
  ],
  "log_Z": [
    -0.0009999999310821295,
    -0.022537367418408394,
    -0.026217469945549965,
    -0.02946169488132,
    -0.03379843384027481,
    -0.03894595801830292,
    -0.0436733104288578,
    -0.046682149171829224
  ],
  "iteration": [
    1,
    501,
    1001,
    1501,
    2001,
    2501,
    3001,
    3501
  ]
}