{
  "hypervolume": 1.2099997955746564,
  "r2_indicator": -0.2722221992267175,
  "avg_pairwise_distance": 0.005186993659642896,
  "spacing": 0.05092232674360275,
  "spread": 1.49968132882408,
  "tds": 0.3430976430976431,
  "mpd": 4.61512051684126,
  "mce": 0.016221986834095217,
  "num_modes": 2,
  "pmd": 0.0,
  "pfs": 0.10881469540674639,
  "pas": 0.005186993659642896,
  "rbd": 0.3430976430976216,
  "fci": 0.467937779433681,
  "qds": 0.5016670784315834,
  "der": 0.025530825012811658,
  "num_parameters": 68103,
  "training_time": 10739.575748,
  "final_loss": 0.06744638830423355,
  "seed": 486,
  "exp_name": "high_tb_seed486",
  "condition_name": "high_tb",
  "pfs_metadata": {
    "recalculated": true,
    "recalculation_date": "2025-12-02T01:06:39.976373",
    "old_value": 0.0,
    "method": "extended_pfs_with_manifold_projection"
  }
}