{
  "loss": [
    261.4336242675781,
    0.5808101892471313,
    0.6883071660995483,
    0.224338561296463,
    0.358742892742157,
    0.07667793333530426,
    0.19886788725852966,
    0.06744638830423355
  ],
  "base_loss": [
    261.4336242675781,
    0.5808101892471313,
    0.6883071660995483,
    0.224338561296463,
    0.358742892742157,
    0.07667793333530426,
    0.19886788725852966,
    0.06744638830423355
  ],
  "reg_term": [
    0.0,
    0.0,
    0.0,
    0.0,
    0.0,
    0.0,
    0.0,
    0.0
  ],
  "log_Z": [
    -0.0009999999310821295,
    -0.024513911455869675,
    -0.026009252294898033,
    -0.027290968224406242,
    -0.02895849011838436,
    -0.031311679631471634,
    -0.034590430557727814,
    -0.03824432194232941
  ],
  "iteration": [
    1,
    501,
    1001,
    1501,
    2001,
    2501,
    3001,
    3501
  ]
}