{
  "hypervolume": 1.2099998019070601,
  "r2_indicator": -0.2722221999390403,
  "avg_pairwise_distance": 0.0005998799868843033,
  "spacing": 0.017317911610007286,
  "spread": 1.4998999169489449,
  "tds": 0.0977008177008177,
  "mpd": 1.9459101490553132,
  "mce": 0.0,
  "num_modes": 1,
  "pmd": 0.0,
  "pfs": 0.0,
  "pas": 0.0005998799868843033,
  "rbd": 0.09770081770081673,
  "fci": 0.6006701923076925,
  "qds": 0.5001927248765485,
  "der": 0.9047287924668465,
  "num_parameters": 519,
  "training_time": 4599.187386,
  "final_loss": 0.11173495650291443,
  "seed": 42,
  "exp_name": "small_subtb_entropy_seed42",
  "condition_name": "small_subtb_entropy"
}