{
  "hypervolume": 0.1099999814460865,
  "r2_indicator": -0.04536363568894863,
  "avg_pairwise_distance": 0.0,
  "spacing": 0.0,
  "spread": 1.0,
  "tds": 0.0625460958794292,
  "mpd": 1.0986122886681098,
  "mce": 0.0,
  "num_modes": 1,
  "pmd": 0.0,
  "pfs": 0.0,
  "pas": 0.0,
  "rbd": 0.06254609587942998,
  "fci": 0.5753775510204082,
  "qds": 0.04545453778763904,
  "der": 0.0,
  "num_parameters": 519,
  "training_time": 2873.894098,
  "final_loss": 0.24606411159038544,
  "seed": 42,
  "exp_name": "small_subtb_entropy_seed42",
  "condition_name": "small_subtb_entropy"
}