{
  "loss": [
    225.87796020507812,
    7.623939514160156,
    0.30354762077331543,
    0.08243261277675629,
    0.08504407852888107,
    0.07503405958414078,
    0.49304839968681335,
    0.11173495650291443
  ],
  "base_loss": [
    227.70176696777344,
    9.159124374389648,
    0.43293240666389465,
    0.10963273793458939,
    0.1619178056716919,
    0.07078462094068527,
    0.6184043288230896,
    0.13593171536922455
  ],
  "reg_term": [
    -1.8238067626953125,
    -1.5351848602294922,
    -0.12938478589057922,
    -0.0272001251578331,
    -0.07687372714281082,
    0.004249438643455505,
    -0.12535592913627625,
    -0.02419675886631012
  ],
  "log_Z": [
    -0.0009999999310821295,
    -0.1326037049293518,
    -0.15533332526683807,
    -0.15977191925048828,
    -0.16390790045261383,
    -0.1671258807182312,
    -0.17257145047187805,
    -0.17819368839263916
  ],
  "iteration": [
    1,
    501,
    1001,
    1501,
    2001,
    2501,
    3001,
    3501
  ]
}