{
  "loss": [
    218.0500946044922,
    4.617273330688477,
    0.6448791027069092,
    0.08669450134038925,
    0.15795408189296722,
    0.243539959192276,
    0.04787040501832962,
    0.24606411159038544
  ],
  "base_loss": [
    207.95559692382812,
    5.018904685974121,
    0.4708317816257477,
    0.108798086643219,
    0.25379061698913574,
    0.3816932141780853,
    0.08826503157615662,
    0.20112267136573792
  ],
  "reg_term": [
    10.094497680664062,
    -0.40163135528564453,
    0.1740473210811615,
    -0.022103585302829742,
    -0.09583653509616852,
    -0.13815325498580933,
    -0.040394626557826996,
    0.04494144022464752
  ],
  "log_Z": [
    -0.0009999998146668077,
    -0.12891587615013123,
    -0.14571136236190796,
    -0.14798854291439056,
    -0.1527789980173111,
    -0.15744490921497345,
    -0.1619383841753006,
    -0.16682583093643188
  ],
  "iteration": [
    1,
    501,
    1001,
    1501,
    2001,
    2501,
    3001,
    3501
  ]
}