{
  "hypervolume": 1.4641000000000006,
  "r2_indicator": -0.07028279757740775,
  "avg_pairwise_distance": 0.25436446249582223,
  "spacing": 0.0005917039816267788,
  "spread": 0.4119663617274493,
  "tds": 0.6675,
  "mpd": 0.6931471805599453,
  "mce": 0.52412577546913,
  "num_modes": 91,
  "pmd": 0.0,
  "pfs": 0.0,
  "pas": 0.25436446249582223,
  "rbd": 0.6675,
  "fci": 0.3737023519870235,
  "qds": 0.5578101051126869,
  "der": 1.7450052083010708,
  "num_parameters": 70923,
  "training_time": 7399.0355,
  "final_loss": 0.14414441585540771,
  "seed": 42,
  "exp_name": "low_subtb_entropy_seed42",
  "condition_name": "low_subtb_entropy"
}