{
  "loss": [
    95.13180541992188,
    2.167902946472168,
    2.4261627197265625,
    1.5369744300842285,
    1.383777379989624,
    1.429624319076538,
    0.4776621460914612,
    3.0365021228790283,
    0.5104060769081116,
    1.6170594692230225,
    0.8566564321517944,
    0.3501532971858978,
    2.0729799270629883,
    0.9824118614196777,
    0.2532697021961212,
    0.14414441585540771
  ],
  "base_loss": [
    99.85906982421875,
    2.5632567405700684,
    3.840343475341797,
    0.7743616700172424,
    0.660415530204773,
    1.7162048816680908,
    0.8835577368736267,
    3.351139545440674,
    0.5016970634460449,
    0.42131370306015015,
    0.5506621599197388,
    0.5897101163864136,
    1.7108566761016846,
    1.1108474731445312,
    0.441754013299942,
    0.2963768243789673
  ],
  "reg_term": [
    -4.727264404296875,
    -0.3953537940979004,
    -1.4141807556152344,
    0.7626127600669861,
    0.7233618497848511,
    -0.28658056259155273,
    -0.4058955907821655,
    -0.3146374225616455,
    0.00870901346206665,
    1.1957457661628723,
    0.30599427223205566,
    -0.23955681920051575,
    0.3621232509613037,
    -0.12843561172485352,
    -0.1884843111038208,
    -0.15223240852355957
  ],
  "log_Z": [
    -0.0009999998146668077,
    -0.006440136581659317,
    0.00392990792170167,
    0.0014224669430404902,
    -0.009603540413081646,
    -0.01598917506635189,
    -0.012427783571183681,
    -0.008340557105839252,
    -0.0048050424084067345,
    -0.009391500614583492,
    -0.006688778754323721,
    -0.0045285033993422985,
    0.004651172086596489,
    0.003519072663038969,
    0.011747561395168304,
    0.012576311826705933
  ],
  "iteration": [
    1,
    501,
    1001,
    1501,
    2001,
    2501,
    3001,
    3501,
    4001,
    4501,
    5001,
    5501,
    6001,
    6501,
    7001,
    7501
  ]
}