{
  "hypervolume": 1.4641000000000006,
  "r2_indicator": -0.07590025447924478,
  "avg_pairwise_distance": 0.3457202857819204,
  "spacing": 8.57820392496933e-09,
  "spread": 0.40595279067905915,
  "tds": 0.6170707070707071,
  "mpd": 0.6931471805599453,
  "mce": 0.6060723110249332,
  "num_modes": 146,
  "pmd": 0.0,
  "pfs": 0.0,
  "pas": 0.3457202857819204,
  "rbd": 0.6170707070707071,
  "fci": 0.38971907756813406,
  "qds": 0.5785727922231637,
  "der": 194.39998457581146,
  "num_parameters": 2443,
  "training_time": 2620.641843,
  "final_loss": 1.956725835800171,
  "seed": 375,
  "exp_name": "small_tb_seed375",
  "condition_name": "small_tb"
}