{
  "hypervolume": 1.4641000000000006,
  "r2_indicator": -0.07590025447924478,
  "avg_pairwise_distance": 0.3225211194013672,
  "spacing": 9.323650296266806e-09,
  "spread": 0.40467189173564505,
  "tds": 0.5987373737373738,
  "mpd": 0.6931471805599453,
  "mce": 0.5980886353342145,
  "num_modes": 103,
  "pmd": 0.0,
  "pfs": 0.0,
  "pas": 0.3225211194013672,
  "rbd": 0.5987373737373738,
  "fci": 0.37423763179237635,
  "qds": 0.5733002544094017,
  "der": 125.62893019693547,
  "num_parameters": 2443,
  "training_time": 3783.097469,
  "final_loss": 2.788318157196045,
  "seed": 375,
  "exp_name": "small_tb_seed375",
  "condition_name": "small_tb"
}