{
  "loss": [
    191.39813232421875,
    7.406510829925537,
    0.5265269875526428,
    0.6295972466468811,
    2.15108585357666,
    0.5071040391921997,
    0.42719680070877075,
    4.17042875289917,
    4.41505241394043,
    0.42280399799346924,
    0.3663235902786255,
    0.45350781083106995,
    1.5855246782302856,
    0.2631099224090576,
    3.656083106994629,
    1.956725835800171
  ],
  "base_loss": [
    191.39813232421875,
    7.406510829925537,
    0.5265269875526428,
    0.6295972466468811,
    2.15108585357666,
    0.5071040391921997,
    0.42719680070877075,
    4.17042875289917,
    4.41505241394043,
    0.42280399799346924,
    0.3663235902786255,
    0.45350781083106995,
    1.5855246782302856,
    0.2631099224090576,
    3.656083106994629,
    1.956725835800171
  ],
  "reg_term": [
    0.0,
    0.0,
    0.0,
    0.0,
    0.0,
    0.0,
    0.0,
    0.0,
    0.0,
    0.0,
    0.0,
    0.0,
    0.0,
    0.0,
    0.0,
    0.0
  ],
  "log_Z": [
    -0.0009999999310821295,
    -0.021282751113176346,
    -0.013928744941949844,
    -0.013889404013752937,
    -0.014238392002880573,
    -0.01572321727871895,
    -0.01775478944182396,
    -0.020070945844054222,
    -0.02347857505083084,
    -0.026715658605098724,
    -0.03216574713587761,
    -0.03674829751253128,
    -0.04506146162748337,
    -0.05204012244939804,
    -0.05676764249801636,
    -0.06547422707080841
  ],
  "iteration": [
    1,
    501,
    1001,
    1501,
    2001,
    2501,
    3001,
    3501,
    4001,
    4501,
    5001,
    5501,
    6001,
    6501,
    7001,
    7501
  ]
}