{
  "loss": [
    167.6850128173828,
    10.42474365234375,
    4.099587440490723,
    3.257046699523926,
    3.2329792976379395,
    1.6935604810714722,
    4.3313398361206055,
    4.704898834228516,
    7.6635284423828125,
    0.9474858045578003,
    2.478271007537842,
    2.6782798767089844,
    2.724344253540039,
    1.1918452978134155,
    2.3841910362243652,
    2.788318157196045
  ],
  "base_loss": [
    167.6850128173828,
    10.42474365234375,
    4.099587440490723,
    3.257046699523926,
    3.2329792976379395,
    1.6935604810714722,
    4.3313398361206055,
    4.704898834228516,
    7.6635284423828125,
    0.9474858045578003,
    2.478271007537842,
    2.6782798767089844,
    2.724344253540039,
    1.1918452978134155,
    2.3841910362243652,
    2.788318157196045
  ],
  "reg_term": [
    0.0,
    0.0,
    0.0,
    0.0,
    0.0,
    0.0,
    0.0,
    0.0,
    0.0,
    0.0,
    0.0,
    0.0,
    0.0,
    0.0,
    0.0,
    0.0
  ],
  "log_Z": [
    -0.0009999999310821295,
    -0.010865586809813976,
    -0.005295292008668184,
    -0.011172739788889885,
    -0.013408119790256023,
    -0.022905917838215828,
    -0.027304336428642273,
    -0.0364738292992115,
    -0.04554329812526703,
    -0.05393976345658302,
    -0.06352218240499496,
    -0.07306535542011261,
    -0.08235114812850952,
    -0.0922207161784172,
    -0.0988800972700119,
    -0.10732647776603699
  ],
  "iteration": [
    1,
    501,
    1001,
    1501,
    2001,
    2501,
    3001,
    3501,
    4001,
    4501,
    5001,
    5501,
    6001,
    6501,
    7001,
    7501
  ]
}