{
  "loss": [
    12.52497673034668,
    0.028402868658304214,
    0.0071936482563614845,
    0.005219835788011551,
    0.007278257515281439,
    0.03112780675292015,
    0.018324051052331924,
    0.006505342200398445
  ],
  "log_Z": [
    -0.0009999999310821295,
    -0.022572018206119537,
    -0.02711666375398636,
    -0.03399736434221268,
    -0.04237791895866394,
    -0.04893730208277702,
    -0.0562281534075737,
    -0.062422044575214386
  ],
  "iteration": [
    1,
    501,
    1001,
    1501,
    2001,
    2501,
    3001,
    3501
  ]
}