{
  "hypervolume": 0.877638892175038,
  "r2_indicator": -0.22993854848461023,
  "avg_pairwise_distance": 0.37797157356315125,
  "spacing": 0.10071165859699249,
  "spread": 1.176666178609163,
  "tds": 0.9078541960415687,
  "mpd": 0.6931471805599453,
  "mce": 0.29532778459295284,
  "num_modes": 169,
  "pmd": 0.0,
  "pfs": 0.0003527152871105112,
  "pas": 0.37797157356315125,
  "rbd": 0.8981200096200087,
  "fci": 0.2946131357281385,
  "qds": 0.16693921034647924,
  "der": 130.010890785711,
  "num_parameters": 3617,
  "training_time": 2893.566027,
  "final_loss": 0.0600733645260334,
  "seed": 375,
  "exp_name": "small_tb_seed375",
  "condition_name": "small_tb",
  "capacity_level": "small",
  "loss_level": "tb"
}