{
  "loss": [
    39.98773956298828,
    0.23347045481204987,
    0.1483859270811081,
    0.1496851146221161,
    0.08867186307907104,
    0.08643588423728943,
    0.09617660194635391,
    0.087810218334198,
    0.0776972621679306,
    0.03999229893088341,
    0.11773699522018433,
    0.044998232275247574,
    0.04974076896905899,
    0.04319068789482117,
    0.06317475438117981,
    0.0600733645260334
  ],
  "base_loss": [
    39.98773956298828,
    0.23347045481204987,
    0.1483859270811081,
    0.1496851146221161,
    0.08867186307907104,
    0.08643588423728943,
    0.09617660194635391,
    0.087810218334198,
    0.0776972621679306,
    0.03999229893088341,
    0.11773699522018433,
    0.044998232275247574,
    0.04974076896905899,
    0.04319068789482117,
    0.06317475438117981,
    0.0600733645260334
  ],
  "reg_term": [
    0.0,
    0.0,
    0.0,
    0.0,
    0.0,
    0.0,
    0.0,
    0.0,
    0.0,
    0.0,
    0.0,
    0.0,
    0.0,
    0.0,
    0.0,
    0.0
  ],
  "log_Z": [
    -0.0010000000474974513,
    -0.238189697265625,
    -0.2924181818962097,
    -0.3086698651313782,
    -0.30980339646339417,
    -0.3041333258152008,
    -0.2921326756477356,
    -0.27722814679145813,
    -0.26745861768722534,
    -0.25691506266593933,
    -0.25027090311050415,
    -0.2480144202709198,
    -0.24169139564037323,
    -0.24062314629554749,
    -0.23731867969036102,
    -0.23746351897716522
  ],
  "iteration": [
    1,
    501,
    1001,
    1501,
    2001,
    2501,
    3001,
    3501,
    4001,
    4501,
    5001,
    5501,
    6001,
    6501,
    7001,
    7501
  ]
}