{
  "hypervolume": 1.0700179679330335,
  "r2_indicator": -0.25550916318119343,
  "avg_pairwise_distance": 0.0005368875167289607,
  "spacing": 0.007152364123612642,
  "spread": 1.4361097792966384,
  "tds": 0.3211415744749078,
  "mpd": 4.61512051684126,
  "mce": 0.0,
  "num_modes": 1,
  "pmd": 0.0,
  "pfs": 0.0,
  "pas": 0.0005368875167289607,
  "rbd": 0.32114157447489144,
  "fci": 0.47240061475409845,
  "qds": 0.4423287205909334,
  "der": 0.004231635520724412,
  "num_parameters": 68103,
  "training_time": 6706.737517,
  "final_loss": 0.26314854621887207,
  "seed": 486,
  "exp_name": "low_tb_seed486",
  "condition_name": "low_tb"
}