{
  "loss": [
    261.784912109375,
    1.2423453330993652,
    0.907421350479126,
    0.6419801115989685,
    0.1918918490409851,
    0.10382968187332153,
    0.07650525867938995,
    0.26314854621887207
  ],
  "base_loss": [
    261.784912109375,
    1.2423453330993652,
    0.907421350479126,
    0.6419801115989685,
    0.1918918490409851,
    0.10382968187332153,
    0.07650525867938995,
    0.26314854621887207
  ],
  "reg_term": [
    0.0,
    0.0,
    0.0,
    0.0,
    0.0,
    0.0,
    0.0,
    0.0
  ],
  "log_Z": [
    -0.0009999998146668077,
    -0.022879036143422127,
    -0.024482281878590584,
    -0.02633482776582241,
    -0.02854742854833603,
    -0.030955391004681587,
    -0.03427727520465851,
    -0.03768055886030197
  ],
  "iteration": [
    1,
    501,
    1001,
    1501,
    2001,
    2501,
    3001,
    3501
  ]
}