{
  "hypervolume": 1.4641000000000006,
  "r2_indicator": -0.0646003730159356,
  "avg_pairwise_distance": 0.28913437633998385,
  "spacing": 8.834516229683231e-09,
  "spread": 0.4337513171673242,
  "tds": 0.5758080808080808,
  "mpd": 0.6931471805599453,
  "mce": 0.5193393242087128,
  "num_modes": 124,
  "pmd": 0.0,
  "pfs": 0.0,
  "pas": 0.28913437633998385,
  "rbd": 0.5758080808080808,
  "fci": 0.3735964379680228,
  "qds": 0.5657123582590873,
  "der": 109.15210891428696,
  "num_parameters": 2443,
  "training_time": 3903.432129,
  "final_loss": 0.27884119749069214,
  "seed": 486,
  "exp_name": "small_subtb_entropy_seed486",
  "condition_name": "small_subtb_entropy"
}