{
  "hypervolume": 1.4641000000000006,
  "r2_indicator": -0.0646003730159356,
  "avg_pairwise_distance": 0.28404625379289944,
  "spacing": 0.0005917040398344398,
  "spread": 0.41953150876016976,
  "tds": 0.6106313131313131,
  "mpd": 0.6931471805599453,
  "mce": 0.578127399522478,
  "num_modes": 80,
  "pmd": 0.0,
  "pfs": 0.0,
  "pas": 0.28404625379289944,
  "rbd": 0.6106313131313131,
  "fci": 0.3773374108053007,
  "qds": 0.5645559667711135,
  "der": 100.02435497469251,
  "num_parameters": 2443,
  "training_time": 4184.680837,
  "final_loss": 4.271116733551025,
  "seed": 486,
  "exp_name": "small_subtb_entropy_seed486",
  "condition_name": "small_subtb_entropy"
}