{
  "loss": [
    145.21646118164062,
    6.190914154052734,
    3.499976396560669,
    5.035212516784668,
    2.2031102180480957,
    2.6925315856933594,
    1.8933848142623901,
    1.6811290979385376,
    7.618488311767578,
    3.5889511108398438,
    2.8280766010284424,
    2.299529552459717,
    2.265589475631714,
    2.2435269355773926,
    1.6971994638442993,
    4.271116733551025
  ],
  "base_loss": [
    125.07553100585938,
    8.122211456298828,
    4.865785121917725,
    4.824643135070801,
    3.343569755554199,
    4.6730265617370605,
    4.219865322113037,
    1.5761520862579346,
    7.423203468322754,
    3.31258225440979,
    2.7032766342163086,
    1.4144586324691772,
    1.9667458534240723,
    2.439404010772705,
    1.758185863494873,
    2.7327826023101807
  ],
  "reg_term": [
    20.14093017578125,
    -1.9312973022460938,
    -1.3658087253570557,
    0.2105693817138672,
    -1.1404595375061035,
    -1.9804949760437012,
    -2.326480507850647,
    0.10497701168060303,
    0.19528484344482422,
    0.2763688564300537,
    0.12479996681213379,
    0.8850709199905396,
    0.2988436222076416,
    -0.1958770751953125,
    -0.06098639965057373,
    1.5383341312408447
  ],
  "log_Z": [
    -0.0009999999310821295,
    -0.034389983862638474,
    -0.01089939009398222,
    0.01390796061605215,
    0.03148198127746582,
    0.048489395529031754,
    0.05756330117583275,
    0.0732065886259079,
    0.07760918885469437,
    0.06913390010595322,
    0.06652826070785522,
    0.06237483024597168,
    0.05934586003422737,
    0.06334245949983597,
    0.06361553072929382,
    0.061603844165802
  ],
  "iteration": [
    1,
    501,
    1001,
    1501,
    2001,
    2501,
    3001,
    3501,
    4001,
    4501,
    5001,
    5501,
    6001,
    6501,
    7001,
    7501
  ]
}