{
  "loss": [
    142.02674865722656,
    4.124165058135986,
    1.97935950756073,
    4.538014888763428,
    3.436274766921997,
    1.9662984609603882,
    2.030665159225464,
    0.42748627066612244,
    2.7833008766174316,
    6.619471073150635,
    1.9069925546646118,
    2.63094162940979,
    0.26086047291755676,
    1.9918797016143799,
    0.3731357455253601,
    0.27884119749069214
  ],
  "base_loss": [
    150.8154296875,
    2.591785430908203,
    1.9038342237472534,
    0.4611242115497589,
    5.534579277038574,
    2.9359402656555176,
    1.6070743799209595,
    0.4715772867202759,
    0.7963797450065613,
    4.816020965576172,
    0.924407958984375,
    1.8325092792510986,
    0.6688790321350098,
    2.248734951019287,
    0.4370462894439697,
    2.140932083129883
  ],
  "reg_term": [
    -8.788681030273438,
    1.5323796272277832,
    0.07552528381347656,
    4.076890677213669,
    -2.098304510116577,
    -0.9696418046951294,
    0.4235907793045044,
    -0.04409101605415344,
    1.9869211316108704,
    1.803450107574463,
    0.9825845956802368,
    0.7984323501586914,
    -0.408018559217453,
    -0.2568552494049072,
    -0.06391054391860962,
    -1.8620908856391907
  ],
  "log_Z": [
    -0.0009999999310821295,
    -0.04695465415716171,
    -0.01069942582398653,
    0.0144362673163414,
    0.030014753341674805,
    0.040948785841464996,
    0.057536207139492035,
    0.0713825672864914,
    0.07721877098083496,
    0.09255807846784592,
    0.09167581051588058,
    0.09556343406438828,
    0.10674940794706345,
    0.10417052358388901,
    0.10004087537527084,
    0.09785755723714828
  ],
  "iteration": [
    1,
    501,
    1001,
    1501,
    2001,
    2501,
    3001,
    3501,
    4001,
    4501,
    5001,
    5501,
    6001,
    6501,
    7001,
    7501
  ]
}