{
  "hypervolume": 1.4641000000000006,
  "r2_indicator": -0.0646003730159356,
  "avg_pairwise_distance": 0.2545560287500026,
  "spacing": 1.2814998839871805e-08,
  "spread": 0.421823979966267,
  "tds": 0.6604545454545454,
  "mpd": 0.6931471805599453,
  "mce": 0.5242081444291036,
  "num_modes": 89,
  "pmd": 0.0,
  "pfs": 0.0,
  "pas": 0.2545560287500026,
  "rbd": 0.6604545454545454,
  "fci": 0.38517686225551406,
  "qds": 0.5578536428977279,
  "der": 1.7374148493669204,
  "num_parameters": 70923,
  "training_time": 7436.95684,
  "final_loss": 0.3986106514930725,
  "seed": 486,
  "exp_name": "medium_high_seed486",
  "condition_name": "medium_high"
}