{
  "loss": [
    58.932472229003906,
    9.202394485473633,
    3.08027982711792,
    1.1025238037109375,
    2.7426133155822754,
    2.5764641761779785,
    0.3854381740093231,
    0.49833106994628906,
    0.8012550473213196,
    1.816442847251892,
    0.37316882610321045,
    0.6440800428390503,
    0.5501513481140137,
    0.5007755756378174,
    0.3199620842933655,
    0.3986106514930725
  ],
  "base_loss": [
    63.82881164550781,
    9.264137268066406,
    4.785348415374756,
    1.4649887084960938,
    3.021632194519043,
    4.569509983062744,
    0.5019401907920837,
    0.27478161454200745,
    0.7357912659645081,
    2.1670334339141846,
    0.3715575933456421,
    0.41261768341064453,
    0.8399797081947327,
    0.8250608444213867,
    0.37694504857063293,
    0.2912943363189697
  ],
  "reg_term": [
    -4.896339416503906,
    -0.06174278259277344,
    -1.705068588256836,
    -0.36246490478515625,
    -0.2790188789367676,
    -1.9930458068847656,
    -0.11650201678276062,
    0.22354945540428162,
    0.06546378135681152,
    -0.3505905866622925,
    0.0016112327575683594,
    0.23146235942840576,
    -0.289828360080719,
    -0.32428526878356934,
    -0.056982964277267456,
    0.10731631517410278
  ],
  "log_Z": [
    -0.0009999999310821295,
    -0.011642935685813427,
    -0.004687044769525528,
    -0.0031486402731388807,
    -0.004620362538844347,
    -0.004478262271732092,
    -0.0029068554285913706,
    -0.0037750103510916233,
    -0.0059586032293736935,
    -0.007144139148294926,
    -0.0024397638626396656,
    -0.0022401444148272276,
    0.0024359547533094883,
    0.0065998500213027,
    0.013171120546758175,
    0.010399172082543373
  ],
  "iteration": [
    1,
    501,
    1001,
    1501,
    2001,
    2501,
    3001,
    3501,
    4001,
    4501,
    5001,
    5501,
    6001,
    6501,
    7001,
    7501
  ]
}