{
  "hypervolume": 0.0317401994743927,
  "r2_indicator": -0.10407069795512294,
  "avg_pairwise_distance": 0.5705469193768165,
  "spacing": 0.10173770040273666,
  "spread": 1.1535605351877993,
  "tds": 0.9186558754226002,
  "mpd": 0.6931471805599454,
  "mce": 0.18806607981198672,
  "num_modes": 61,
  "pmd": 0.0,
  "pfs": 0.01938166563930607,
  "pas": 0.5705469193768165,
  "rbd": 0.9139882154882164,
  "fci": 0.26368517277608183,
  "qds": 0.6497297352215985,
  "der": 7.284169357842717,
  "num_parameters": 73505,
  "training_time": 3836.162088,
  "final_loss": 0.05710403248667717,
  "seed": 375,
  "exp_name": "low_subtb_seed375",
  "condition_name": "low_subtb"
}