{
  "loss": [
    1.6944549083709717,
    0.2736304700374603,
    0.16850313544273376,
    0.1347639411687851,
    0.11397716403007507,
    0.1163446307182312,
    0.06601806730031967,
    0.06999310106039047,
    0.1399269998073578,
    0.07658861577510834,
    0.161281019449234,
    0.0887397825717926,
    0.08967176824808121,
    0.13534827530384064,
    0.07617637515068054,
    0.05710403248667717
  ],
  "base_loss": [
    1.849013328552246,
    0.26198911666870117,
    0.1328776776790619,
    0.072722427546978,
    0.07261398434638977,
    0.19171488285064697,
    0.06503844261169434,
    0.09252524375915527,
    0.2287275195121765,
    0.06086549907922745,
    0.08132214099168777,
    0.07097212970256805,
    0.055943604558706284,
    0.11545131355524063,
    0.07924674451351166,
    0.06426212191581726
  ],
  "reg_term": [
    -0.15455842018127441,
    0.011641353368759155,
    0.035625457763671875,
    0.0620415136218071,
    0.0413631796836853,
    -0.07537025213241577,
    0.0009796246886253357,
    -0.0225321426987648,
    -0.08880051970481873,
    0.01572311669588089,
    0.07995887845754623,
    0.01776765286922455,
    0.033728163689374924,
    0.019896961748600006,
    -0.0030703693628311157,
    -0.007158089429140091
  ],
  "log_Z": [
    -0.0009999999310821295,
    -0.04861319810152054,
    -0.05034961178898811,
    -0.05206099525094032,
    -0.05765005201101303,
    -0.06616819649934769,
    -0.06812741607427597,
    -0.06846021115779877,
    -0.0739404633641243,
    -0.07328489422798157,
    -0.07009246945381165,
    -0.06995809823274612,
    -0.07594642788171768,
    -0.08221553266048431,
    -0.07479774206876755,
    -0.07355153560638428
  ],
  "iteration": [
    1,
    501,
    1001,
    1501,
    2001,
    2501,
    3001,
    3501,
    4001,
    4501,
    5001,
    5501,
    6001,
    6501,
    7001,
    7501
  ]
}