{
  "hypervolume": 1.2099997972135246,
  "r2_indicator": -0.27222219941107134,
  "avg_pairwise_distance": 7.19952529867816e-11,
  "spacing": 1.817091095646095e-11,
  "spread": 1.4281855529432883,
  "tds": 0.0,
  "mpd": 0.6931471805599453,
  "mce": 0.0,
  "num_modes": 1,
  "pmd": 0.0,
  "pfs": 0.0,
  "pas": 7.19952529867816e-11,
  "rbd": 0.0,
  "fci": 1.0,
  "qds": 0.4999999155498576,
  "der": 1.683279000974974e-06,
  "num_parameters": 519,
  "training_time": 296.676331,
  "final_loss": 158.92575073242188,
  "seed": 375,
  "exp_name": "small_tb_seed375",
  "condition_name": "small_tb"
}