{
  "hypervolume": 1.1279135400060412,
  "r2_indicator": -0.2619705815180023,
  "avg_pairwise_distance": 0.0004024559980085578,
  "spacing": 0.01343525294214487,
  "spread": 1.481849242741899,
  "tds": 0.0,
  "mpd": 0.6931471805599453,
  "mce": 0.0,
  "num_modes": 1,
  "pmd": 0.0,
  "pfs": 0.05659911453762381,
  "pas": 0.0004024559980085578,
  "rbd": 0.0,
  "fci": 0.015376984126984183,
  "qds": 0.4386127707213002,
  "der": 0.8098044802882335,
  "num_parameters": 519,
  "training_time": 3447.254697,
  "final_loss": 4.008391857147217,
  "seed": 375,
  "exp_name": "small_tb_seed375",
  "condition_name": "small_tb"
}