{
  "loss": [
    259.9193420410156,
    243.97486877441406,
    220.557861328125,
    203.62936401367188,
    192.19558715820312,
    176.2840576171875,
    169.30349731445312,
    158.92575073242188
  ],
  "base_loss": [
    259.9193420410156,
    243.97486877441406,
    220.557861328125,
    203.62936401367188,
    192.19558715820312,
    176.2840576171875,
    169.30349731445312,
    158.92575073242188
  ],
  "reg_term": [
    0.0,
    0.0,
    0.0,
    0.0,
    0.0,
    0.0,
    0.0,
    0.0
  ],
  "log_Z": [
    -0.0010000000474974513,
    -0.552575409412384,
    -1.0818651914596558,
    -1.5947073698043823,
    -2.1017744541168213,
    -2.6057634353637695,
    -3.10848069190979,
    -3.610236167907715
  ],
  "iteration": [
    1,
    501,
    1001,
    1501,
    2001,
    2501,
    3001,
    3501
  ]
}