{
  "loss": [
    261.3048095703125,
    48.076053619384766,
    20.020992279052734,
    12.156960487365723,
    6.357133388519287,
    4.800323963165283,
    5.178419589996338,
    4.008391857147217
  ],
  "base_loss": [
    261.3048095703125,
    48.076053619384766,
    20.020992279052734,
    12.156960487365723,
    6.357133388519287,
    4.800323963165283,
    5.178419589996338,
    4.008391857147217
  ],
  "reg_term": [
    0.0,
    0.0,
    0.0,
    0.0,
    0.0,
    0.0,
    0.0,
    0.0
  ],
  "log_Z": [
    -0.0009999999310821295,
    -0.1431836485862732,
    -0.1513117253780365,
    -0.1545039266347885,
    -0.15734265744686127,
    -0.15920178592205048,
    -0.16009607911109924,
    -0.16059447824954987
  ],
  "iteration": [
    1,
    501,
    1001,
    1501,
    2001,
    2501,
    3001,
    3501
  ]
}