{
  "hypervolume": 1.1692031143482569,
  "r2_indicator": -0.2680909681331855,
  "avg_pairwise_distance": 0.089440342198264,
  "spacing": 0.12943707406520844,
  "spread": 1.8040000810637447,
  "tds": 0.4120761427474437,
  "mpd": 1.6448128030025253,
  "mce": 0.19353400149890998,
  "num_modes": 2,
  "pmd": 0.0,
  "pfs": 0.0,
  "pas": 0.089440342198264,
  "rbd": 0.4121717171717224,
  "fci": 0.40141321656050954,
  "qds": 0.5118889975521893,
  "der": 8.233782655694004,
  "num_parameters": 68103,
  "training_time": 574.209417,
  "final_loss": 0.004871131386607885,
  "seed": 123,
  "exp_name": "batch_32_seed123",
  "hidden_dim": 128,
  "num_layers": 4,
  "conditioning": "concat"
}