{
  "loss": [
    12.041722297668457,
    0.06251451373100281,
    0.04258185625076294,
    0.008269799873232841,
    0.09481951594352722,
    0.08628908544778824,
    0.003949081525206566,
    0.004871131386607885
  ],
  "log_Z": [
    -0.0009999999310821295,
    -0.02478567510843277,
    -0.02998584508895874,
    -0.03458325192332268,
    -0.04178975895047188,
    -0.05111636593937874,
    -0.05916716530919075,
    -0.0651700496673584
  ],
  "iteration": [
    1,
    501,
    1001,
    1501,
    2001,
    2501,
    3001,
    3501
  ]
}