{
  "hypervolume": 1.1692031143482569,
  "r2_indicator": -0.2680909681331855,
  "avg_pairwise_distance": 0.08746128555075668,
  "spacing": 0.16181819140911102,
  "spread": 1.623325006089559,
  "tds": 0.4637504898582452,
  "mpd": 1.3058639592111247,
  "mce": 0.1854269530020538,
  "num_modes": 2,
  "pmd": 0.0,
  "pfs": 0.0,
  "pas": 0.0860767287191699,
  "rbd": 0.4634276094276166,
  "fci": 0.40567206076618234,
  "qds": 0.5112529046540963,
  "der": 198.3844466791894,
  "num_parameters": 519,
  "training_time": 3058.041529,
  "final_loss": 0.0018186010420322418,
  "seed": 789,
  "exp_name": "small_concat_seed789",
  "capacity": "small",
  "hidden_dim": 32,
  "num_layers": 2,
  "conditioning": "concat",
  "alpha": 1.5,
  "preference_sampling": "dirichlet",
  "loss": "trajectory_balance"
}