{
  "hypervolume": 1.1692031143482569,
  "r2_indicator": -0.26760264067453415,
  "avg_pairwise_distance": 0.06287344694053561,
  "spacing": 0.0667535588145256,
  "spread": 1.5849673687465025,
  "tds": 0.4071443971325392,
  "mpd": 1.8922512674227605,
  "mce": 0.14355995548528916,
  "num_modes": 2,
  "pmd": 0.0,
  "pfs": 0.0,
  "pas": 0.06484298164519389,
  "rbd": 0.4071515151515252,
  "fci": 0.46462339743589753,
  "qds": 0.5033500740104564,
  "der": 229.100425254476,
  "num_parameters": 519,
  "training_time": 1903.603603,
  "final_loss": 0.0056294891983270645,
  "seed": 789,
  "exp_name": "small_concat_seed789",
  "capacity": "small",
  "hidden_dim": 32,
  "num_layers": 2,
  "conditioning": "concat",
  "alpha": 1.5,
  "preference_sampling": "dirichlet",
  "loss": "trajectory_balance"
}