{
  "loss": [
    17.287107467651367,
    0.010741098783910275,
    0.01826949417591095,
    0.0028169748838990927,
    0.008448442444205284,
    0.01295868493616581,
    0.009029058739542961,
    0.0056294891983270645,
    0.010506775230169296,
    0.006422825623303652,
    0.007243604864925146,
    0.0035302385222166777,
    0.005293674301356077,
    0.0020148088224232197,
    0.005020493641495705,
    0.002997634233906865,
    0.002214069478213787,
    0.003035386558622122,
    0.007148374803364277,
    0.0018186010420322418
  ],
  "log_Z": [
    -0.0009999999310821295,
    -0.11315281689167023,
    -0.11286450177431107,
    -0.11270377039909363,
    -0.11269892007112503,
    -0.11243468523025513,
    -0.11194312572479248,
    -0.11148246377706528,
    -0.11094434559345245,
    -0.10984387993812561,
    -0.10866010934114456,
    -0.10766372084617615,
    -0.10674983263015747,
    -0.10575903952121735,
    -0.10467228293418884,
    -0.10404655337333679,
    -0.10321350395679474,
    -0.10205920785665512,
    -0.10144905745983124,
    -0.10078988969326019
  ],
  "iteration": [
    1,
    501,
    1001,
    1501,
    2001,
    2501,
    3001,
    3501,
    4001,
    4501,
    5001,
    5501,
    6001,
    6501,
    7001,
    7501,
    8001,
    8501,
    9001,
    9501
  ]
}