{
  "loss": [
    17.287107467651367,
    0.010741098783910275,
    0.01826949417591095,
    0.0028169748838990927,
    0.008448442444205284,
    0.01295868493616581,
    0.009029058739542961,
    0.0056294891983270645
  ],
  "log_Z": [
    -0.0009999999310821295,
    -0.11315281689167023,
    -0.11286450177431107,
    -0.11270377039909363,
    -0.11269892007112503,
    -0.11243468523025513,
    -0.11194312572479248,
    -0.11148246377706528
  ],
  "iteration": [
    1,
    501,
    1001,
    1501,
    2001,
    2501,
    3001,
    3501
  ]
}