{
  "hypervolume": 1.185996432641005,
  "r2_indicator": -0.26950232314006095,
  "avg_pairwise_distance": 0.1332773723782322,
  "spacing": 0.09719020873308182,
  "spread": 1.8050515644913143,
  "tds": 0.4324145116983992,
  "mpd": 1.0664896425800052,
  "mce": 0.0919344429964139,
  "num_modes": 4,
  "pmd": 0.0,
  "pfs": 0.08626984011592255,
  "pas": 0.1332773723782322,
  "rbd": 0.4327959902050894,
  "fci": 0.41451840185676403,
  "qds": 0.525978752691887,
  "der": 3.0035548951687194,
  "num_parameters": 68103,
  "training_time": 2345.617026,
  "final_loss": 0.005829888395965099,
  "seed": 123,
  "exp_name": "top_k_seed123",
  "hidden_dim": 128,
  "num_layers": 4,
  "conditioning": "concat",
  "pfs_metadata": {
    "recalculated": true,
    "recalculation_date": "2025-12-01T16:22:29.983182",
    "old_value": 7.210995736283359e-14,
    "method": "extended_pfs_with_manifold_projection"
  }
}