{
  "hypervolume": 1.1692031143482569,
  "r2_indicator": -0.26847467903296157,
  "avg_pairwise_distance": 0.1639400679561889,
  "spacing": 0.10491085797548294,
  "spread": 1.8000619632620387,
  "tds": 0.433808719161879,
  "mpd": 1.1074606531990985,
  "mce": 0.3038364185056191,
  "num_modes": 2,
  "pmd": 0.0,
  "pfs": 2.99914706079448e-12,
  "pas": 0.1639400679561889,
  "rbd": 0.43411804917866215,
  "fci": 0.4074028326745718,
  "qds": 0.5358341163158107,
  "der": 3.6938279245496806,
  "num_parameters": 68103,
  "training_time": 2346.090214,
  "final_loss": 0.003790784627199173,
  "seed": 123,
  "exp_name": "top_k_seed123",
  "hidden_dim": 128,
  "num_layers": 4,
  "conditioning": "concat"
}