{
  "loss": [
    13.070903778076172,
    0.026689697057008743,
    0.01232245471328497,
    0.004904653411358595,
    0.011992515996098518,
    0.008017237298190594,
    0.0031475110445171595,
    0.005829888395965099
  ],
  "log_Z": [
    -0.0009999999310821295,
    -0.023630624637007713,
    -0.027179472148418427,
    -0.03384791687130928,
    -0.041209910064935684,
    -0.04630492627620697,
    -0.050875190645456314,
    -0.05497511103749275
  ],
  "iteration": [
    1,
    501,
    1001,
    1501,
    2001,
    2501,
    3001,
    3501
  ]
}