{
  "hypervolume": 0.036743707835272414,
  "r2_indicator": -0.10074380962001006,
  "avg_pairwise_distance": 0.5836714144577758,
  "spacing": 0.09741868823766708,
  "spread": 1.0901042641938603,
  "tds": 0.9028557991273222,
  "mpd": 0.6931471805599453,
  "mce": 0.6534713790556037,
  "num_modes": 2,
  "pmd": 0.0,
  "pfs": 0.05914660453463708,
  "pas": 0.5836714144577758,
  "rbd": 0.8947017797017806,
  "fci": 0.2862487468302177,
  "qds": 0.6531740219343121,
  "der": 5.745083547923545,
  "num_parameters": 73505,
  "training_time": 4975.740175,
  "final_loss": 0.03833448886871338,
  "seed": 42,
  "exp_name": "low_tb_seed42",
  "condition_name": "low_tb"
}