{
  "loss": [
    2.428222179412842,
    0.09158462285995483,
    0.06772670149803162,
    0.17647773027420044,
    0.07899530231952667,
    0.09164021909236908,
    0.04509986564517021,
    0.05228940024971962,
    0.09164579212665558,
    0.047556933015584946,
    0.04175964742898941,
    0.058143727481365204,
    0.053277160972356796,
    0.07519135624170303,
    0.08363250643014908,
    0.03833448886871338
  ],
  "base_loss": [
    2.428222179412842,
    0.09158462285995483,
    0.06772670149803162,
    0.17647773027420044,
    0.07899530231952667,
    0.09164021909236908,
    0.04509986564517021,
    0.05228940024971962,
    0.09164579212665558,
    0.047556933015584946,
    0.04175964742898941,
    0.058143727481365204,
    0.053277160972356796,
    0.07519135624170303,
    0.08363250643014908,
    0.03833448886871338
  ],
  "reg_term": [
    0.0,
    0.0,
    0.0,
    0.0,
    0.0,
    0.0,
    0.0,
    0.0,
    0.0,
    0.0,
    0.0,
    0.0,
    0.0,
    0.0,
    0.0,
    0.0
  ],
  "log_Z": [
    -0.0009999999310821295,
    -0.05430908128619194,
    -0.07106178253889084,
    -0.09098710119724274,
    -0.11245298385620117,
    -0.13834457099437714,
    -0.16241680085659027,
    -0.18908318877220154,
    -0.2136729210615158,
    -0.23505379259586334,
    -0.25688159465789795,
    -0.2827240526676178,
    -0.30025574564933777,
    -0.3164917230606079,
    -0.33273032307624817,
    -0.3444899916648865
  ],
  "iteration": [
    1,
    501,
    1001,
    1501,
    2001,
    2501,
    3001,
    3501,
    4001,
    4501,
    5001,
    5501,
    6001,
    6501,
    7001,
    7501
  ]
}