{
  "hypervolume": 1.1910353079549256,
  "r2_indicator": -0.27010749323730066,
  "avg_pairwise_distance": 0.43465885025746626,
  "spacing": 0.1594393402338028,
  "spread": 1.3966973651394592,
  "tds": 0.4075741846763647,
  "mpd": 1.3257287120886445,
  "mce": 0.5744062298654535,
  "num_modes": 53,
  "pmd": 0.0,
  "pfs": 0.1167132255250037,
  "pas": 0.43465885025746626,
  "rbd": 0.4075618085618098,
  "fci": 0.4138668111753372,
  "qds": 0.6228464284793551,
  "der": 15.663211941667804,
  "num_parameters": 68103,
  "training_time": 1466.911657,
  "final_loss": 0.004900000523775816,
  "seed": 456,
  "exp_name": "off_policy_25_seed456",
  "hidden_dim": 128,
  "num_layers": 4,
  "conditioning": "concat",
  "pfs_metadata": {
    "recalculated": true,
    "recalculation_date": "2025-12-01T16:18:28.559682",
    "old_value": 0.0011167052663731466,
    "method": "extended_pfs_with_manifold_projection"
  }
}