{
  "loss": [
    12.48784065246582,
    0.01244056411087513,
    0.0018654888262972236,
    0.016371097415685654,
    0.0014795854222029448,
    0.004230865743011236,
    0.0012018763227388263,
    0.004900000523775816
  ],
  "log_Z": [
    -0.0009999999310821295,
    -0.025507869198918343,
    -0.02937401831150055,
    -0.03498446196317673,
    -0.0383184552192688,
    -0.04319531470537186,
    -0.0476422980427742,
    -0.04984085634350777
  ],
  "iteration": [
    1,
    501,
    1001,
    1501,
    2001,
    2501,
    3001,
    3501
  ]
}