{
  "hypervolume": 1.1941044513107946,
  "r2_indicator": -0.2704561490660364,
  "avg_pairwise_distance": 0.46699880526274634,
  "spacing": 0.16619454324245453,
  "spread": 1.4069100262118286,
  "tds": 0.5847679360053328,
  "mpd": 0.9498292086654422,
  "mce": 0.5497257179546696,
  "num_modes": 48,
  "pmd": 0.0,
  "pfs": 0.1163200185901327,
  "pas": 0.46699880526274634,
  "rbd": 0.5817529159953484,
  "fci": 0.42843150972435984,
  "qds": 0.6332408837009467,
  "der": 9.688485823853846,
  "num_parameters": 68103,
  "training_time": 2547.98061,
  "final_loss": -0.2860927879810333,
  "seed": 153,
  "exp_name": "entropy_005_seed153",
  "capacity": "medium",
  "hidden_dim": 128,
  "num_layers": 4,
  "pfs_metadata": {
    "recalculated": true,
    "recalculation_date": "2025-12-01T16:14:18.916566",
    "old_value": 0.0022876693471132296,
    "method": "extended_pfs_with_manifold_projection"
  }
}