{
  "loss": [
    11.465508460998535,
    -0.339750736951828,
    -0.3061862289905548,
    -0.27912774682044983,
    -0.28862476348876953,
    -0.30459627509117126,
    -0.2894553542137146,
    -0.2860927879810333
  ],
  "base_loss": [
    11.98181438446045,
    0.010008706711232662,
    0.0029817039612680674,
    0.003776458092033863,
    0.0026857592165470123,
    0.004236724227666855,
    0.0034771347418427467,
    0.004163252655416727
  ],
  "reg_term": [
    -0.5163059234619141,
    -0.34975944366306067,
    -0.3091679329518229,
    -0.2829042049124837,
    -0.29131052270531654,
    -0.3088329993188381,
    -0.29293248895555735,
    -0.29025604063645005
  ],
  "log_Z": [
    -0.0009999998146668077,
    -0.025868183001875877,
    -0.02948179841041565,
    -0.0375930555164814,
    -0.0494239367544651,
    -0.06505730003118515,
    -0.08372250199317932,
    -0.10651010274887085
  ],
  "iteration": [
    1,
    501,
    1001,
    1501,
    2001,
    2501,
    3001,
    3501
  ]
}