{
  "hypervolume": 0.8825741571842256,
  "r2_indicator": -0.23056832535610056,
  "avg_pairwise_distance": 0.36140521320616253,
  "spacing": 0.10216975957155228,
  "spread": 1.2653788202414487,
  "tds": 0.9077749871722164,
  "mpd": 0.6931471805599454,
  "mce": 0.23313431484322075,
  "num_modes": 123,
  "pmd": 0.0,
  "pfs": 0.025864216627793188,
  "pas": 0.36140521320616253,
  "rbd": 0.888592111592112,
  "fci": 0.3056624009613278,
  "qds": 0.16161458046102165,
  "der": 48.10800810046472,
  "num_parameters": 3617,
  "training_time": 7477.06282,
  "final_loss": -0.1287868618965149,
  "seed": 486,
  "exp_name": "small_subtb_entropy_seed486",
  "condition_name": "small_subtb_entropy",
  "capacity_level": "small",
  "loss_level": "subtb_entropy",
  "pfs_metadata": {
    "recalculated": true,
    "recalculation_date": "2025-12-01T23:53:10.627928",
    "old_value": 0.00027241174293138624,
    "method": "extended_pfs_with_manifold_projection"
  }
}