{
  "loss": [
    10.850646018981934,
    0.03594379127025604,
    -0.042199790477752686,
    -0.041833385825157166,
    0.17829987406730652,
    -0.0007879883050918579,
    -0.078248530626297,
    -0.06977908313274384,
    -0.1027333065867424,
    -0.10066740214824677,
    -0.08878964185714722,
    -0.09591279923915863,
    -0.07231427729129791,
    -0.1301874816417694,
    -0.10550599545240402,
    -0.1287868618965149
  ],
  "base_loss": [
    10.522001266479492,
    0.2165229618549347,
    0.2571721076965332,
    0.10515795648097992,
    0.20638062059879303,
    0.18270447850227356,
    0.06897782534360886,
    0.08793432265520096,
    0.07607623189687729,
    0.06259181350469589,
    0.08901987969875336,
    0.08324199914932251,
    0.06218649446964264,
    0.05606461316347122,
    0.046689070761203766,
    0.07172900438308716
  ],
  "reg_term": [
    0.3286447525024414,
    -0.18057917058467865,
    -0.2993718981742859,
    -0.14699134230613708,
    -0.02808074653148651,
    -0.18349246680736542,
    -0.14722635596990585,
    -0.1577134057879448,
    -0.1788095384836197,
    -0.16325921565294266,
    -0.17780952155590057,
    -0.17915479838848114,
    -0.13450077176094055,
    -0.18625209480524063,
    -0.1521950662136078,
    -0.20051586627960205
  ],
  "log_Z": [
    -0.0009999998146668077,
    -0.14570969343185425,
    -0.15580618381500244,
    -0.13632693886756897,
    -0.11585216969251633,
    -0.10471590608358383,
    -0.0984964445233345,
    -0.09897620975971222,
    -0.09674238413572311,
    -0.08984076231718063,
    -0.09421183913946152,
    -0.09432779252529144,
    -0.09535679221153259,
    -0.09509957581758499,
    -0.08645409345626831,
    -0.08726436644792557
  ],
  "iteration": [
    1,
    501,
    1001,
    1501,
    2001,
    2501,
    3001,
    3501,
    4001,
    4501,
    5001,
    5501,
    6001,
    6501,
    7001,
    7501
  ]
}