{
  "hypervolume": 0.02925060505743725,
  "r2_indicator": -0.11046225604915463,
  "avg_pairwise_distance": 0.6015216203534458,
  "spacing": 0.10151646286249161,
  "spread": 1.0866816990003414,
  "tds": 0.9119240148889745,
  "mpd": 0.6931471805599453,
  "mce": 0.21633709787987093,
  "num_modes": 58,
  "pmd": 0.0,
  "pfs": 0.05305245150243606,
  "pas": 0.6015216203534458,
  "rbd": 0.9075161135161135,
  "fci": 0.2662726110377498,
  "qds": 0.6578584861065644,
  "der": 3.5137901305682298,
  "num_parameters": 73505,
  "training_time": 8384.188654,
  "final_loss": 0.0502435602247715,
  "seed": 486,
  "exp_name": "low_subtb_seed486",
  "condition_name": "low_subtb"
}