{
  "loss": [
    1.3103597164154053,
    0.14392133057117462,
    0.08840566873550415,
    0.04911011829972267,
    0.08658339083194733,
    0.08538899570703506,
    0.12622536718845367,
    0.08053536713123322,
    0.06435172259807587,
    0.049656130373477936,
    0.06059005483984947,
    0.05983913689851761,
    0.05992027372121811,
    0.15001901984214783,
    0.08906272053718567,
    0.0502435602247715
  ],
  "base_loss": [
    1.2960155010223389,
    0.12302196025848389,
    0.06323260813951492,
    0.0629720464348793,
    0.08928805589675903,
    0.06418941915035248,
    0.09186859428882599,
    0.08316154032945633,
    0.08443815261125565,
    0.03650007024407387,
    0.05818142741918564,
    0.0590813085436821,
    0.06777560710906982,
    0.1382426917552948,
    0.18539880216121674,
    0.05773783102631569
  ],
  "reg_term": [
    0.014344215393066406,
    0.020899370312690735,
    0.025173060595989227,
    -0.013861928135156631,
    -0.0027046650648117065,
    0.021199576556682587,
    0.034356772899627686,
    -0.002626173198223114,
    -0.02008643001317978,
    0.013156060129404068,
    0.0024086274206638336,
    0.0007578283548355103,
    -0.007855333387851715,
    0.011776328086853027,
    -0.09633608162403107,
    -0.0074942708015441895
  ],
  "log_Z": [
    -0.0009999999310821295,
    -0.03212432935833931,
    -0.0349782332777977,
    -0.031126167625188828,
    -0.034744586795568466,
    -0.036472856998443604,
    -0.04207390174269676,
    -0.04847532883286476,
    -0.05355443060398102,
    -0.06059189885854721,
    -0.059156130999326706,
    -0.057770468294620514,
    -0.05621291324496269,
    -0.0581163614988327,
    -0.04758581146597862,
    -0.054307568818330765
  ],
  "iteration": [
    1,
    501,
    1001,
    1501,
    2001,
    2501,
    3001,
    3501,
    4001,
    4501,
    5001,
    5501,
    6001,
    6501,
    7001,
    7501
  ]
}