{
  "hypervolume": 1.1909430055728754,
  "r2_indicator": -0.2700896814515758,
  "avg_pairwise_distance": 0.33462812127551356,
  "spacing": 0.1600705236196518,
  "spread": 1.688841673046213,
  "tds": 0.3691986531986532,
  "mpd": 4.605170185988092,
  "mce": 0.23882645278508174,
  "num_modes": 25,
  "pmd": 0.0,
  "pfs": 0.04315426623473604,
  "pas": 0.33462812127551356,
  "rbd": 0.36919865319865625,
  "fci": 0.47318359374999996,
  "qds": 0.5906953344838222,
  "der": 8.099826419951272,
  "num_parameters": 68103,
  "training_time": 2183.850882,
  "final_loss": 0.0011057814117521048,
  "seed": 1011,
  "exp_name": "quality_sampling_seed1011",
  "hidden_dim": 128,
  "num_layers": 4,
  "conditioning": "concat",
  "pfs_metadata": {
    "recalculated": true,
    "recalculation_date": "2025-12-01T16:21:08.071412",
    "old_value": 0.00053255865320691,
    "method": "extended_pfs_with_manifold_projection"
  }
}