{
  "loss": [
    12.948711395263672,
    0.008845189586281776,
    0.006768097169697285,
    0.01441754400730133,
    0.01659431681036949,
    0.00846455805003643,
    0.004435601644217968,
    0.0011057814117521048
  ],
  "log_Z": [
    -0.0009999998146668077,
    -0.02218061313033104,
    -0.02647087164223194,
    -0.03118499554693699,
    -0.037211958318948746,
    -0.042394738644361496,
    -0.04716343432664871,
    -0.05126465484499931
  ],
  "iteration": [
    1,
    501,
    1001,
    1501,
    2001,
    2501,
    3001,
    3501
  ]
}