{
  "hypervolume": 1.4641000000000006,
  "r2_indicator": -0.07590025447924478,
  "avg_pairwise_distance": 0.22543739858216544,
  "spacing": 1.1515425946129199e-08,
  "spread": 0.4718413145279665,
  "tds": 0.5456313131313131,
  "mpd": 0.6931471805599453,
  "mce": 0.472815490165649,
  "num_modes": 64,
  "pmd": 0.0,
  "pfs": 0.9371070236808677,
  "pas": 0.22543739858216544,
  "rbd": 0.5456313131313131,
  "fci": 0.3860192147034254,
  "qds": 0.5512357724050376,
  "der": 116.73469163595233,
  "num_parameters": 2443,
  "training_time": 2845.804473,
  "final_loss": 4.150845527648926,
  "seed": 375,
  "exp_name": "small_high_seed375",
  "condition_name": "small_high",
  "pfs_metadata": {
    "recalculated": true,
    "recalculation_date": "2025-12-02T00:00:50.348765",
    "old_value": 0.0,
    "method": "extended_pfs_with_manifold_projection"
  }
}