{
  "loss": [
    93.52995300292969,
    20.075551986694336,
    3.852067708969116,
    5.2111287117004395,
    2.769547939300537,
    5.388731002807617,
    1.3025555610656738,
    9.136076927185059,
    1.2700376510620117,
    3.6764819622039795,
    3.304075241088867,
    4.0740275382995605,
    1.2416852712631226,
    1.1172211170196533,
    2.4923322200775146,
    4.150845527648926
  ],
  "base_loss": [
    120.78816986083984,
    24.989498138427734,
    6.8525390625,
    5.574332237243652,
    3.2724015712738037,
    4.765450477600098,
    2.4076271057128906,
    4.238534450531006,
    1.9583051204681396,
    3.3345322608947754,
    5.00949239730835,
    2.844715118408203,
    1.258105993270874,
    1.726132869720459,
    2.7188096046447754,
    2.79284930229187
  ],
  "reg_term": [
    -27.258216857910156,
    -4.913946151733398,
    -3.000471353530884,
    -0.3632035255432129,
    -0.5028536319732666,
    0.6232805252075195,
    -1.1050715446472168,
    4.897542476654053,
    -0.6882674694061279,
    0.3419497013092041,
    -1.7054171562194824,
    1.2293124198913574,
    -0.016420722007751465,
    -0.6089117527008057,
    -0.22647738456726074,
    1.3579962253570557
  ],
  "log_Z": [
    -0.0009999999310821295,
    -0.04404925927519798,
    -0.04306764155626297,
    -0.021645523607730865,
    -0.00022935273591428995,
    0.006872182711958885,
    0.017077531665563583,
    0.01979012042284012,
    0.006138248834758997,
    0.0190745759755373,
    0.017673783004283905,
    0.01686854660511017,
    0.012493276968598366,
    0.01138956006616354,
    0.007568339817225933,
    0.014566467143595219
  ],
  "iteration": [
    1,
    501,
    1001,
    1501,
    2001,
    2501,
    3001,
    3501,
    4001,
    4501,
    5001,
    5501,
    6001,
    6501,
    7001,
    7501
  ]
}