{
  "hypervolume": 1.1941044513107946,
  "r2_indicator": -0.2704561490660364,
  "avg_pairwise_distance": 0.48692936434990763,
  "spacing": 0.1767781674861908,
  "spread": 1.4854237455759902,
  "tds": 0.5592268244575936,
  "mpd": 0.9133283667602722,
  "mce": 0.46127317868446255,
  "num_modes": 4,
  "pmd": 0.0,
  "pfs": 0.0020333434410887193,
  "pas": 0.48692936434990763,
  "rbd": 0.5607178668693901,
  "fci": 0.39848419848419847,
  "qds": 0.6396468080115698,
  "der": 26.080145612464833,
  "num_parameters": 68103,
  "training_time": 986.943318,
  "final_loss": 0.002876868937164545,
  "seed": 42,
  "exp_name": "subtrajectory_balance_05_seed42",
  "capacity": "medium",
  "hidden_dim": 128,
  "num_layers": 4
}