{
  "loss": [
    9.522974967956543,
    0.0042532035149633884,
    0.006287144497036934,
    0.006206934340298176,
    0.0016155479243025184,
    0.001813139533624053,
    0.0010374810080975294,
    0.002876868937164545
  ],
  "base_loss": [
    10.042585372924805,
    0.0044175004586577415,
    0.00043493506382219493,
    0.005588458850979805,
    0.0010039538610726595,
    0.0027398308739066124,
    0.0014681091997772455,
    0.001893091481178999
  ],
  "reg_term": [
    -0.5196104049682617,
    -0.0001642969436943531,
    0.005852209433214739,
    0.0006184754893183708,
    0.0006115940632298589,
    -0.0009266913402825594,
    -0.0004306281916797161,
    0.0009837774559855461
  ],
  "log_Z": [
    -0.0009999998146668077,
    -0.025628075003623962,
    -0.02110171690583229,
    -0.018783394247293472,
    -0.018078623339533806,
    -0.017710523679852486,
    -0.017507681623101234,
    -0.017812442034482956
  ],
  "iteration": [
    1,
    501,
    1001,
    1501,
    2001,
    2501,
    3001,
    3501
  ]
}