{
  "hypervolume": 0.02637465508476612,
  "r2_indicator": -0.10583417703892749,
  "avg_pairwise_distance": 0.5980128208152453,
  "spacing": 0.10146040469408035,
  "spread": 1.078518939815509,
  "tds": 0.9109986835652152,
  "mpd": 0.6931471805599453,
  "mce": 0.6814274039254118,
  "num_modes": 2,
  "pmd": 0.0,
  "pfs": 0.04415298870416303,
  "pas": 0.5980128208152453,
  "rbd": 0.9055192400192403,
  "fci": 0.2774348151079453,
  "qds": 0.656937665034786,
  "der": 7.351447142944061,
  "num_parameters": 73505,
  "training_time": 3984.03619,
  "final_loss": 0.05151817947626114,
  "seed": 264,
  "exp_name": "low_subtb_seed264",
  "condition_name": "low_subtb"
}