{
  "loss": [
    1.5526082515716553,
    0.1488858014345169,
    0.07271166145801544,
    0.11634451150894165,
    0.0840456634759903,
    0.09015404433012009,
    0.08188682794570923,
    0.09746038913726807,
    0.06326885521411896,
    0.035729169845581055,
    0.03267284482717514,
    0.11709617078304291,
    0.06954325735569,
    0.07116729766130447,
    0.07787799090147018,
    0.05151817947626114
  ],
  "base_loss": [
    1.2461018562316895,
    0.18120744824409485,
    0.08588859438896179,
    0.07907949388027191,
    0.08049152791500092,
    0.09040703624486923,
    0.0872402936220169,
    0.1419825255870819,
    0.057309865951538086,
    0.038709282875061035,
    0.05666451156139374,
    0.11233304440975189,
    0.07812178134918213,
    0.056646689772605896,
    0.09722702950239182,
    0.05117635428905487
  ],
  "reg_term": [
    0.3065063953399658,
    -0.03232164680957794,
    -0.01317693293094635,
    0.03726501762866974,
    0.00355413556098938,
    -0.0002529919147491455,
    -0.005353465676307678,
    -0.04452213644981384,
    0.005958989262580872,
    -0.0029801130294799805,
    -0.023991666734218597,
    0.004763126373291016,
    -0.008578523993492126,
    0.014520607888698578,
    -0.01934903860092163,
    0.0003418251872062683
  ],
  "log_Z": [
    -0.0009999999310821295,
    -0.046797990798950195,
    -0.04830716922879219,
    -0.04583751782774925,
    -0.05005360767245293,
    -0.05272430181503296,
    -0.0520952045917511,
    -0.058924827724695206,
    -0.05688080936670303,
    -0.05833138898015022,
    -0.05561046674847603,
    -0.05644175410270691,
    -0.06228550523519516,
    -0.05672791972756386,
    -0.06168089807033539,
    -0.061585623770952225
  ],
  "iteration": [
    1,
    501,
    1001,
    1501,
    2001,
    2501,
    3001,
    3501,
    4001,
    4501,
    5001,
    5501,
    6001,
    6501,
    7001,
    7501
  ]
}