{
  "hypervolume": 1.1910353079549256,
  "r2_indicator": -0.27010749323730066,
  "avg_pairwise_distance": 0.4882522298708824,
  "spacing": 0.18458549678325653,
  "spread": 1.5024810113485747,
  "tds": 0.49336779617689663,
  "mpd": 0.9173713566130886,
  "mce": 0.4732100085994763,
  "num_modes": 42,
  "pmd": 0.0,
  "pfs": 0.0010366861512548242,
  "pas": 0.4882522298708824,
  "rbd": 0.4965136233015107,
  "fci": 0.39938009274393726,
  "qds": 0.6400719930936059,
  "der": 13.493767884190358,
  "num_parameters": 68103,
  "training_time": 1912.70176,
  "final_loss": 0.0009647172992117703,
  "seed": 486,
  "exp_name": "kl_uniform_001_seed486",
  "capacity": "medium",
  "hidden_dim": 128,
  "num_layers": 4
}