{
  "loss": [
    13.650354385375977,
    0.010629083961248398,
    0.001041371957398951,
    0.006552816368639469,
    0.009220420382916927,
    0.0007854431169107556,
    0.0004971505841240287,
    0.0009647172992117703
  ],
  "base_loss": [
    13.525328636169434,
    0.010046307928860188,
    0.0015086792409420013,
    0.006231412757188082,
    0.011270788498222828,
    0.0005627594655379653,
    0.0006263842806220055,
    0.0013736344408243895
  ],
  "reg_term": [
    0.12502574920654297,
    0.0005827760323882103,
    -0.0004673072835430503,
    0.0003214036114513874,
    -0.0020503681153059006,
    0.00022268365137279034,
    -0.00012923369649797678,
    -0.00040891714161261916
  ],
  "log_Z": [
    -0.0009999999310821295,
    -0.02666790783405304,
    -0.02431776188313961,
    -0.021465905010700226,
    -0.018936319276690483,
    -0.01677747443318367,
    -0.014654219150543213,
    -0.013266412541270256
  ],
  "iteration": [
    1,
    501,
    1001,
    1501,
    2001,
    2501,
    3001,
    3501
  ]
}