{
  "hypervolume": 1.1798762941918166,
  "r2_indicator": -0.2688443101773961,
  "avg_pairwise_distance": 0.09951402163663092,
  "spacing": 0.08309166878461838,
  "spread": 1.8059027963524017,
  "tds": 0.4213313877291827,
  "mpd": 1.1161096794233143,
  "mce": 0.07560480007020619,
  "num_modes": 3,
  "pmd": 0.0,
  "pfs": 3.195558199612179e-13,
  "pas": 0.09951402163663092,
  "rbd": 0.4219126182459571,
  "fci": 0.4396825396825397,
  "qds": 0.5151268007532661,
  "der": 1.1127294042134392,
  "num_parameters": 68103,
  "training_time": 4727.493827,
  "final_loss": 0.007520889863371849,
  "seed": 42,
  "exp_name": "batch_256_seed42",
  "hidden_dim": 128,
  "num_layers": 4,
  "conditioning": "concat"
}