{
  "hypervolume": 1.4641000000000006,
  "r2_indicator": -0.0646003730159356,
  "avg_pairwise_distance": 0.27066694907932193,
  "spacing": 1.2359882006762746e-08,
  "spread": 0.408964653867262,
  "tds": 0.6634848484848485,
  "mpd": 0.6931471805599453,
  "mce": 0.5607475432051972,
  "num_modes": 78,
  "pmd": 0.0,
  "pfs": 0.0,
  "pas": 0.27066694907932193,
  "rbd": 0.6634848484848485,
  "fci": 0.38457761131918455,
  "qds": 0.5615152156998459,
  "der": 2.685733580289833,
  "num_parameters": 70923,
  "training_time": 5115.495435,
  "final_loss": 0.33309227228164673,
  "seed": 486,
  "exp_name": "low_subtb_seed486",
  "condition_name": "low_subtb"
}