{
  "loss": [
    75.29588317871094,
    1.760371208190918,
    4.223072528839111,
    0.9962891340255737,
    3.0372962951660156,
    1.247243881225586,
    0.602545440196991,
    0.5360925793647766,
    1.7769997119903564,
    2.4015891551971436,
    1.5918378829956055,
    1.0307767391204834,
    0.9205379486083984,
    0.20633341372013092,
    0.40205928683280945,
    0.33309227228164673
  ],
  "base_loss": [
    54.94285202026367,
    6.497046947479248,
    1.0961387157440186,
    1.123811960220337,
    4.96030855178833,
    3.2624621391296387,
    0.7957327961921692,
    0.5542945861816406,
    2.0217478275299072,
    2.3593499660491943,
    1.4763033390045166,
    0.28901737928390503,
    1.0402395725250244,
    2.2990448474884033,
    0.4207892417907715,
    0.6990864276885986
  ],
  "reg_term": [
    20.353031158447266,
    -4.73667573928833,
    3.1269338130950928,
    -0.12752282619476318,
    -1.9230122566223145,
    -2.0152182579040527,
    -0.19318735599517822,
    -0.018202006816864014,
    -0.24474811553955078,
    0.04223918914794922,
    0.11553454399108887,
    0.7417593598365784,
    -0.11970162391662598,
    -2.0927114337682724,
    -0.018729954957962036,
    -0.3659941554069519
  ],
  "log_Z": [
    -0.0009999999310821295,
    -0.010292536579072475,
    -0.004534286912530661,
    -0.010128587484359741,
    -0.014078120701014996,
    -0.02042722888290882,
    -0.0225219763815403,
    -0.02102740667760372,
    -0.014368190430104733,
    -0.012753178365528584,
    -0.007716288790106773,
    -0.004385338630527258,
    -0.0023737731389701366,
    -0.0030606319196522236,
    0.005175486207008362,
    0.002999658929184079
  ],
  "iteration": [
    1,
    501,
    1001,
    1501,
    2001,
    2501,
    3001,
    3501,
    4001,
    4501,
    5001,
    5501,
    6001,
    6501,
    7001,
    7501
  ]
}