{
  "hypervolume": 1.4641000000000006,
  "r2_indicator": -0.07759036533851421,
  "avg_pairwise_distance": 0.29379852002053275,
  "spacing": 1.1113110431892892e-08,
  "spread": 0.4027452215514099,
  "tds": 0.618459595959596,
  "mpd": 0.6931471805599453,
  "mce": 0.5735718451066478,
  "num_modes": 93,
  "pmd": 0.0,
  "pfs": 0.0,
  "pas": 0.29379852002053275,
  "rbd": 0.618459595959596,
  "fci": 0.3788521241830065,
  "qds": 0.5667723909137574,
  "der": 105.28221724331046,
  "num_parameters": 2443,
  "training_time": 4112.194188,
  "final_loss": 3.2625818252563477,
  "seed": 264,
  "exp_name": "small_subtb_entropy_seed264",
  "condition_name": "small_subtb_entropy"
}