{
  "hypervolume": 1.4641000000000006,
  "r2_indicator": -0.07759036533851421,
  "avg_pairwise_distance": 0.31788127653325565,
  "spacing": 9.237518305837966e-09,
  "spread": 0.4094839759588845,
  "tds": 0.5931565656565656,
  "mpd": 0.6931471805599453,
  "mce": 0.5661415192988389,
  "num_modes": 145,
  "pmd": 0.0,
  "pfs": 0.0,
  "pas": 0.31788127653325565,
  "rbd": 0.5931565656565656,
  "fci": 0.3850746268656715,
  "qds": 0.572245744666649,
  "der": 162.5304060843773,
  "num_parameters": 2443,
  "training_time": 2882.102099,
  "final_loss": 1.7494292259216309,
  "seed": 264,
  "exp_name": "small_subtb_entropy_seed264",
  "condition_name": "small_subtb_entropy"
}