{
  "loss": [
    75.5088119506836,
    6.312532424926758,
    5.557641983032227,
    3.325331687927246,
    5.958824634552002,
    4.738386631011963,
    4.936033725738525,
    3.7539446353912354,
    2.741014003753662,
    1.9458311796188354,
    1.1382580995559692,
    1.5242429971694946,
    3.0111842155456543,
    2.209386110305786,
    4.392157554626465,
    3.2625818252563477
  ],
  "base_loss": [
    57.86835479736328,
    8.341179847717285,
    5.889437198638916,
    2.599820137023926,
    3.1399922370910645,
    5.208243370056152,
    5.972881317138672,
    2.0233898162841797,
    4.387068748474121,
    1.8442840576171875,
    2.133098602294922,
    3.523944854736328,
    5.278088092803955,
    2.4722707271575928,
    2.2656161785125732,
    1.8371754884719849
  ],
  "reg_term": [
    17.640457153320312,
    -2.0286474227905273,
    -0.33179521560668945,
    0.7255115509033203,
    2.8188323974609375,
    -0.46985673904418945,
    -1.0368475914001465,
    1.7305548191070557,
    -1.646054744720459,
    0.10154712200164795,
    -0.9948405027389526,
    -1.9997018575668335,
    -2.266903877258301,
    -0.26288461685180664,
    2.1265413761138916,
    1.4254063367843628
  ],
  "log_Z": [
    -0.0009999998146668077,
    -0.03752908483147621,
    0.013982126489281654,
    0.037080295383930206,
    0.04598294943571091,
    0.04624084755778313,
    0.032770197838544846,
    0.024754637852311134,
    0.02403515949845314,
    0.021364260464906693,
    0.02219315432012081,
    0.024928949773311615,
    0.02347433753311634,
    0.016261840239167213,
    0.01130251307040453,
    0.004381230566650629
  ],
  "iteration": [
    1,
    501,
    1001,
    1501,
    2001,
    2501,
    3001,
    3501,
    4001,
    4501,
    5001,
    5501,
    6001,
    6501,
    7001,
    7501
  ]
}