{
  "loss": [
    55.91801834106445,
    2.271514892578125,
    1.8507674932479858,
    1.9084080457687378,
    3.5368292331695557,
    0.9256526827812195,
    4.018238067626953,
    2.519876003265381,
    1.4017274379730225,
    0.5178744792938232,
    0.3478299379348755,
    0.5523704290390015,
    0.3997216522693634,
    3.5665817260742188,
    1.454484462738037,
    1.7494292259216309
  ],
  "base_loss": [
    61.952613830566406,
    2.9817469120025635,
    1.7950201034545898,
    3.7509214878082275,
    4.33635950088501,
    0.6312284469604492,
    2.622403383255005,
    3.4978744983673096,
    2.334395408630371,
    0.7111673355102539,
    0.3815634250640869,
    2.951122522354126,
    0.5015363693237305,
    2.3037073612213135,
    0.8117471933364868,
    3.2797412872314453
  ],
  "reg_term": [
    -6.034595489501953,
    -0.7102320194244385,
    0.055747389793395996,
    -1.8425134420394897,
    -0.7995302677154541,
    0.29442423582077026,
    1.3958346843719482,
    -0.9779984951019287,
    -0.9326679706573486,
    -0.19329285621643066,
    -0.033733487129211426,
    -2.3987520933151245,
    -0.10181471705436707,
    1.2628743648529053,
    0.6427372694015503,
    -1.5303120613098145
  ],
  "log_Z": [
    -0.0009999999310821295,
    -0.022516755387187004,
    0.004635682795196772,
    0.016998492181301117,
    0.026718206703662872,
    0.024866482242941856,
    0.028992747887969017,
    0.03689656779170036,
    0.0294740442186594,
    0.02579089254140854,
    0.028290873393416405,
    0.019207144156098366,
    0.013572592288255692,
    0.011661826632916927,
    0.01694931834936142,
    0.016901882365345955
  ],
  "iteration": [
    1,
    501,
    1001,
    1501,
    2001,
    2501,
    3001,
    3501,
    4001,
    4501,
    5001,
    5501,
    6001,
    6501,
    7001,
    7501
  ]
}