{
  "hypervolume": 1.1703522299589615,
  "r2_indicator": -0.26773308338883395,
  "avg_pairwise_distance": 0.1103600840454524,
  "spacing": 0.08673174679279327,
  "spread": 1.787576756477976,
  "tds": 0.4084286428021659,
  "mpd": 1.141087047866959,
  "mce": 0.2306467656207442,
  "num_modes": 2,
  "pmd": 0.0,
  "pfs": 1.5732563537492075e-11,
  "pas": 0.108408510840352,
  "rbd": 0.40889965309663046,
  "fci": 0.47202653997378774,
  "qds": 0.5186128572434707,
  "der": 45.8229614556347,
  "num_parameters": 2887,
  "training_time": 3003.202287,
  "final_loss": 0.021322116255760193,
  "seed": 1011,
  "exp_name": "small_film_seed1011",
  "capacity": "small",
  "hidden_dim": 32,
  "num_layers": 2,
  "conditioning": "film",
  "alpha": 1.5,
  "preference_sampling": "dirichlet",
  "loss": "trajectory_balance"
}