{
  "hypervolume": 1.1692031143482569,
  "r2_indicator": -0.2680909681331855,
  "avg_pairwise_distance": 0.132684493191056,
  "spacing": 0.09553089737892151,
  "spread": 1.7872453630975238,
  "tds": 0.39328576062277004,
  "mpd": 1.1325920960271891,
  "mce": 0.27321805735030147,
  "num_modes": 2,
  "pmd": 0.0,
  "pfs": 3.324893039837834e-13,
  "pas": 0.1252704853132937,
  "rbd": 0.3932585377585447,
  "fci": 0.4658737812064717,
  "qds": 0.5257881941038521,
  "der": 24.671462113172392,
  "num_parameters": 2887,
  "training_time": 6706.269449,
  "final_loss": 0.004481618292629719,
  "seed": 1011,
  "exp_name": "small_film_seed1011",
  "capacity": "small",
  "hidden_dim": 32,
  "num_layers": 2,
  "conditioning": "film",
  "alpha": 1.5,
  "preference_sampling": "dirichlet",
  "loss": "trajectory_balance"
}