{
  "loss": [
    13.1279296875,
    0.03561475872993469,
    0.009666172787547112,
    0.013764262199401855,
    0.004461837466806173,
    0.01209113746881485,
    0.01491092424839735,
    0.021322116255760193,
    0.01660281792283058,
    0.012757811695337296,
    0.004683990031480789,
    0.006814601365476847,
    0.013500171713531017,
    0.024305330589413643,
    0.007737838663160801,
    0.0032116351649165154,
    0.006684242747724056,
    0.00813594926148653,
    0.011544628068804741,
    0.004481618292629719
  ],
  "log_Z": [
    -0.0009999999310821295,
    -0.05406970530748367,
    -0.054258860647678375,
    -0.05439184606075287,
    -0.05456751212477684,
    -0.055380530655384064,
    -0.05627066642045975,
    -0.05779251083731651,
    -0.059803761541843414,
    -0.06249406188726425,
    -0.06466490775346756,
    -0.06717066466808319,
    -0.06939492374658585,
    -0.07256591320037842,
    -0.07481979578733444,
    -0.07755063474178314,
    -0.0784686952829361,
    -0.07983490824699402,
    -0.08059807866811752,
    -0.08179318159818649
  ],
  "iteration": [
    1,
    501,
    1001,
    1501,
    2001,
    2501,
    3001,
    3501,
    4001,
    4501,
    5001,
    5501,
    6001,
    6501,
    7001,
    7501,
    8001,
    8501,
    9001,
    9501
  ]
}