{
  "loss": [
    13.1279296875,
    0.03561475872993469,
    0.009666172787547112,
    0.013764262199401855,
    0.004461837466806173,
    0.01209113746881485,
    0.01491092424839735,
    0.021322116255760193
  ],
  "log_Z": [
    -0.0009999999310821295,
    -0.05406970530748367,
    -0.054258860647678375,
    -0.05439184606075287,
    -0.05456751212477684,
    -0.055380530655384064,
    -0.05627066642045975,
    -0.05779251083731651
  ],
  "iteration": [
    1,
    501,
    1001,
    1501,
    2001,
    2501,
    3001,
    3501
  ]
}