{
  "hypervolume": 0.030375251735665135,
  "r2_indicator": -0.10353921976779806,
  "avg_pairwise_distance": 0.581119001496376,
  "spacing": 0.09802035242319107,
  "spread": 1.0923198639445362,
  "tds": 0.8976473944958888,
  "mpd": 0.6931471805599453,
  "mce": 0.2268747025340614,
  "num_modes": 63,
  "pmd": 0.0,
  "pfs": 0.04316967632681155,
  "pas": 0.581119001496376,
  "rbd": 0.8917104377104377,
  "fci": 0.29973870330360275,
  "qds": 0.6525041872477906,
  "der": 6.475104872568245,
  "num_parameters": 73505,
  "training_time": 4395.455508,
  "final_loss": 0.03836025297641754,
  "seed": 375,
  "exp_name": "low_tb_seed375",
  "condition_name": "low_tb"
}