{
  "loss": [
    2.834689140319824,
    0.09618373215198517,
    0.04283525422215462,
    0.0543685145676136,
    0.03798476606607437,
    0.06891930848360062,
    0.02939789369702339,
    0.07802857458591461,
    0.07581508904695511,
    0.06165312975645065,
    0.06866373121738434,
    0.05782961845397949,
    0.031111711636185646,
    0.0595322921872139,
    0.0337870791554451,
    0.03836025297641754
  ],
  "base_loss": [
    2.834689140319824,
    0.09618373215198517,
    0.04283525422215462,
    0.0543685145676136,
    0.03798476606607437,
    0.06891930848360062,
    0.02939789369702339,
    0.07802857458591461,
    0.07581508904695511,
    0.06165312975645065,
    0.06866373121738434,
    0.05782961845397949,
    0.031111711636185646,
    0.0595322921872139,
    0.0337870791554451,
    0.03836025297641754
  ],
  "reg_term": [
    0.0,
    0.0,
    0.0,
    0.0,
    0.0,
    0.0,
    0.0,
    0.0,
    0.0,
    0.0,
    0.0,
    0.0,
    0.0,
    0.0,
    0.0,
    0.0
  ],
  "log_Z": [
    -0.0009999999310821295,
    -0.05827562138438225,
    -0.06993620097637177,
    -0.08495869487524033,
    -0.09982798993587494,
    -0.1165483221411705,
    -0.13504835963249207,
    -0.1506105661392212,
    -0.17169028520584106,
    -0.19047896564006805,
    -0.20929516851902008,
    -0.23311786353588104,
    -0.2526856064796448,
    -0.2670527994632721,
    -0.28367725014686584,
    -0.29632776975631714
  ],
  "iteration": [
    1,
    501,
    1001,
    1501,
    2001,
    2501,
    3001,
    3501,
    4001,
    4501,
    5001,
    5501,
    6001,
    6501,
    7001,
    7501
  ]
}