{
  "hypervolume": 1.1909610166891182,
  "r2_indicator": -0.2700896814515758,
  "avg_pairwise_distance": 0.49524402935404555,
  "spacing": 0.1783941686153412,
  "spread": 1.4415432434340743,
  "tds": 0.5429239101258427,
  "mpd": 0.997221013979269,
  "mce": 0.4499993168220038,
  "num_modes": 14,
  "pmd": 0.0,
  "pfs": 0.0004947770689999019,
  "pas": 0.49524402935404555,
  "rbd": 0.5409744974441946,
  "fci": 0.42471182602131186,
  "qds": 0.6423192425605336,
  "der": 14.379030500078208,
  "num_parameters": 68103,
  "training_time": 1820.647633,
  "final_loss": 0.0014068962773308158,
  "seed": 264,
  "exp_name": "base_loss_comparison_flow_matching_seed264",
  "capacity": "medium",
  "hidden_dim": 128,
  "num_layers": 4
}