{
  "hypervolume": 1.4641000000000006,
  "r2_indicator": -0.06914373351163743,
  "avg_pairwise_distance": 0.35957714099966864,
  "spacing": 8.636248161053572e-09,
  "spread": 0.3988191858143974,
  "tds": 0.584520202020202,
  "mpd": 0.6931471805599453,
  "mce": 0.6051741433592017,
  "num_modes": 159,
  "pmd": 0.0,
  "pfs": 0.0,
  "pas": 0.35957714099966864,
  "rbd": 0.584520202020202,
  "fci": 0.38967566436492995,
  "qds": 0.5817220774999247,
  "der": 253.42475293446944,
  "num_parameters": 2443,
  "training_time": 2090.846148,
  "final_loss": 0.7225069999694824,
  "seed": 153,
  "exp_name": "small_subtb_seed153",
  "condition_name": "small_subtb"
}