{
  "hypervolume": 1.4641000000000006,
  "r2_indicator": -0.06914373351163743,
  "avg_pairwise_distance": 0.2958203990286445,
  "spacing": 1.0851278986478974e-08,
  "spread": 0.39848638400161107,
  "tds": 0.6076262626262626,
  "mpd": 0.6931471805599453,
  "mce": 0.5571707701640454,
  "num_modes": 125,
  "pmd": 0.0,
  "pfs": 0.0,
  "pas": 0.2958203990286445,
  "rbd": 0.6076262626262626,
  "fci": 0.3797421731123387,
  "qds": 0.5672319088701465,
  "der": 143.34455884024112,
  "num_parameters": 2443,
  "training_time": 3041.06666,
  "final_loss": 2.24884295463562,
  "seed": 153,
  "exp_name": "small_subtb_seed153",
  "condition_name": "small_subtb"
}