{
  "loss": [
    70.20378875732422,
    5.514695167541504,
    2.5643727779388428,
    6.858830451965332,
    3.430819511413574,
    0.3679284453392029,
    1.5800909996032715,
    4.512217998504639,
    2.4983069896698,
    0.5795246362686157,
    0.7078503370285034,
    1.5943883657455444,
    0.8120856881141663,
    0.4541979134082794,
    2.4751744270324707,
    0.7225069999694824
  ],
  "base_loss": [
    77.73258972167969,
    6.265316009521484,
    2.905768632888794,
    4.517784118652344,
    5.221987247467041,
    0.7558067440986633,
    1.6003097295761108,
    4.566718578338623,
    2.6279242038726807,
    0.5712863206863403,
    0.5848543643951416,
    3.900455951690674,
    0.7533489465713501,
    0.45072096586227417,
    1.039677381515503,
    0.38310447335243225
  ],
  "reg_term": [
    -7.528800964355469,
    -0.7506208419799805,
    -0.34139585494995117,
    2.3410463333129883,
    -1.7911677360534668,
    -0.38787829875946045,
    -0.020218729972839355,
    -0.054500579833984375,
    -0.12961721420288086,
    0.00823831558227539,
    0.12299597263336182,
    -2.3060675859451294,
    0.05873674154281616,
    0.003476947546005249,
    1.4354970455169678,
    0.33940252661705017
  ],
  "log_Z": [
    -0.0009999999310821295,
    -0.05885758996009827,
    -0.04296678677201271,
    -0.029722239822149277,
    -0.009437326341867447,
    -0.002538117580115795,
    -0.004808448255062103,
    0.0046420032158494,
    0.007533761207014322,
    0.010644720867276192,
    0.014018554240465164,
    0.01561950147151947,
    0.022257715463638306,
    0.014797486364841461,
    0.01756150834262371,
    0.02576516754925251
  ],
  "iteration": [
    1,
    501,
    1001,
    1501,
    2001,
    2501,
    3001,
    3501,
    4001,
    4501,
    5001,
    5501,
    6001,
    6501,
    7001,
    7501
  ]
}