{
  "loss": [
    69.44344329833984,
    6.582980632781982,
    5.518726348876953,
    6.821752548217773,
    5.407218933105469,
    3.296773910522461,
    6.039207935333252,
    2.8855199813842773,
    2.2473948001861572,
    2.8928959369659424,
    1.427893877029419,
    4.118202209472656,
    0.9905451536178589,
    4.613927364349365,
    2.4160869121551514,
    2.24884295463562
  ],
  "base_loss": [
    86.7423324584961,
    4.898062705993652,
    5.739455699920654,
    9.012426376342773,
    6.450985908508301,
    1.644547939300537,
    4.15202522277832,
    3.9337284564971924,
    2.4028022289276123,
    1.150812029838562,
    1.5186635255813599,
    3.229611873626709,
    2.3082194328308105,
    4.614951133728027,
    3.7931272983551025,
    1.6962229013442993
  ],
  "reg_term": [
    -17.29888916015625,
    1.68491792678833,
    -0.22072935104370117,
    -2.190673828125,
    -1.043766975402832,
    1.6522259712219238,
    1.8871827125549316,
    -1.048208475112915,
    -0.15540742874145508,
    1.7420839071273804,
    -0.09076964855194092,
    0.8885903358459473,
    -1.3176742792129517,
    -0.0010237693786621094,
    -1.3770403861999512,
    0.5526200532913208
  ],
  "log_Z": [
    -0.0009999999310821295,
    -0.0527975894510746,
    -0.025540286675095558,
    0.0022511458955705166,
    0.03888297826051712,
    0.05105045065283775,
    0.06436893343925476,
    0.04903435707092285,
    0.048992425203323364,
    0.0408439040184021,
    0.025940652936697006,
    0.014183660969138145,
    0.0075937178917229176,
    0.007874596863985062,
    -0.001695958198979497,
    -0.012325512245297432
  ],
  "iteration": [
    1,
    501,
    1001,
    1501,
    2001,
    2501,
    3001,
    3501,
    4001,
    4501,
    5001,
    5501,
    6001,
    6501,
    7001,
    7501
  ]
}