{
  "hypervolume": 1.1908689608493035,
  "r2_indicator": -0.27006888622816916,
  "avg_pairwise_distance": 0.21693077680251183,
  "spacing": 0.0933954268693924,
  "spread": 1.377377486945858,
  "tds": 0.6633891313732073,
  "mpd": 0.9070744424996464,
  "mce": 0.18989239606737718,
  "num_modes": 4,
  "pmd": 0.0,
  "pfs": 0.01945158720228112,
  "pas": 0.21693077680251183,
  "rbd": 0.6048789145758852,
  "fci": 0.5100157925359488,
  "qds": 0.5528659752090456,
  "der": 10.49034076675963,
  "num_parameters": 68103,
  "training_time": 1093.119981,
  "final_loss": 0.0008318631444126368,
  "seed": 42,
  "exp_name": "temp_very_high_seed42",
  "hidden_dim": 128,
  "num_layers": 4,
  "conditioning": "concat"
}