{
  "loss": [
    13.206958770751953,
    0.009619368240237236,
    0.005307958927005529,
    0.0013688828330487013,
    0.0007855080184526742,
    0.0011598708806559443,
    0.0022967855911701918,
    0.0008318631444126368
  ],
  "log_Z": [
    -0.0009999999310821295,
    -0.02540871687233448,
    -0.028945431113243103,
    -0.03246434032917023,
    -0.03641144558787346,
    -0.039949946105480194,
    -0.04312208294868469,
    -0.0454113595187664
  ],
  "iteration": [
    1,
    501,
    1001,
    1501,
    2001,
    2501,
    3001,
    3501
  ]
}