{
  "hypervolume": 1.208344284155757,
  "r2_indicator": -0.2720360135192603,
  "avg_pairwise_distance": 0.0108654213194985,
  "spacing": 0.005464494228363037,
  "spread": 1.495633877453105,
  "tds": 0.03730802665893944,
  "mpd": 0.6931471805599453,
  "mce": 0.3211438701265366,
  "num_modes": 7,
  "pmd": 0.0,
  "pfs": 0.379998409577147,
  "pas": 0.0108654213194985,
  "rbd": 0.03702239679487262,
  "fci": 0.04958923359636791,
  "qds": 0.4020691744127644,
  "der": 23.169547272640333,
  "num_parameters": 519,
  "training_time": 3252.850969,
  "final_loss": 0.4259747862815857,
  "seed": 153,
  "exp_name": "small_tb_seed153",
  "condition_name": "small_tb"
}