{
  "hypervolume": 1.2099997972135246,
  "r2_indicator": -0.27222219941107134,
  "avg_pairwise_distance": 2.1946835232803121e-10,
  "spacing": 3.5644349694052835e-09,
  "spread": 1.7301818945945988,
  "tds": 0.0,
  "mpd": 0.6931471805599453,
  "mce": 0.0,
  "num_modes": 1,
  "pmd": 0.0,
  "pfs": 0.0,
  "pas": 2.1946835232803121e-10,
  "rbd": 0.0,
  "fci": 1.0,
  "qds": 0.49999991559725726,
  "der": 5.081910502768189e-06,
  "num_parameters": 519,
  "training_time": 299.557387,
  "final_loss": 156.85804748535156,
  "seed": 153,
  "exp_name": "small_tb_seed153",
  "condition_name": "small_tb"
}