{
  "loss": [
    252.58042907714844,
    52.44281768798828,
    13.911018371582031,
    0.552476167678833,
    0.5141066312789917,
    0.38568001985549927,
    0.16962262988090515,
    0.4259747862815857
  ],
  "base_loss": [
    252.58042907714844,
    52.44281768798828,
    13.911018371582031,
    0.552476167678833,
    0.5141066312789917,
    0.38568001985549927,
    0.16962262988090515,
    0.4259747862815857
  ],
  "reg_term": [
    0.0,
    0.0,
    0.0,
    0.0,
    0.0,
    0.0,
    0.0,
    0.0
  ],
  "log_Z": [
    -0.0009999999310821295,
    -0.10755187273025513,
    -0.125895157456398,
    -0.1411178708076477,
    -0.14392860233783722,
    -0.14446106553077698,
    -0.14498431980609894,
    -0.1455715447664261
  ],
  "iteration": [
    1,
    501,
    1001,
    1501,
    2001,
    2501,
    3001,
    3501
  ]
}