{
  "loss": [
    252.5483856201172,
    224.89480590820312,
    214.77487182617188,
    204.3004150390625,
    196.00564575195312,
    167.0120849609375,
    171.10418701171875,
    156.85804748535156
  ],
  "base_loss": [
    252.5483856201172,
    224.89480590820312,
    214.77487182617188,
    204.3004150390625,
    196.00564575195312,
    167.0120849609375,
    171.10418701171875,
    156.85804748535156
  ],
  "reg_term": [
    0.0,
    0.0,
    0.0,
    0.0,
    0.0,
    0.0,
    0.0,
    0.0
  ],
  "log_Z": [
    -0.0009999999310821295,
    -0.5450113415718079,
    -1.0757591724395752,
    -1.5888144969940186,
    -2.0965583324432373,
    -2.601154327392578,
    -3.1036581993103027,
    -3.6050662994384766
  ],
  "iteration": [
    1,
    501,
    1001,
    1501,
    2001,
    2501,
    3001,
    3501
  ]
}