{
  "hypervolume": 0.0762313159648329,
  "r2_indicator": -0.2704561490660364,
  "avg_pairwise_distance": 0.053277146199172364,
  "spacing": 0.02112775854766369,
  "spread": 1.3847949761251117,
  "tds": 0.6296926667963432,
  "mpd": 0.801592584120128,
  "mce": 0.4405000544083918,
  "num_modes": 51,
  "pmd": 0.0,
  "pfs": 0.002448269431768551,
  "pas": 0.053277146199172364,
  "rbd": 0.5138197980470722,
  "fci": 0.7031153290695276,
  "qds": 0.5002657061338548,
  "der": 4.143310913987698,
  "num_parameters": 68103,
  "training_time": 679.719434,
  "final_loss": 2.122145836835898e-08,
  "seed": 486,
  "exp_name": "flow_matching_seed486",
  "capacity": "medium",
  "hidden_dim": 128,
  "num_layers": 4
}