{
  "loss": [
    14.311280250549316,
    0.0575442910194397,
    0.006265408359467983,
    0.015284303575754166,
    0.008406924083828926,
    0.008153136819601059,
    0.04290887713432312,
    0.0003333310305606574
  ],
  "base_loss": [
    14.311280250549316,
    0.0575442910194397,
    0.006265408359467983,
    0.015284303575754166,
    0.008406924083828926,
    0.008153136819601059,
    0.04290887713432312,
    0.0003333310305606574
  ],
  "reg_term": [
    0.0,
    0.0,
    0.0,
    0.0,
    0.0,
    0.0,
    0.0,
    0.0
  ],
  "log_Z": [
    -0.0009999999310821295,
    -0.02502676099538803,
    -0.02941613644361496,
    -0.03400319069623947,
    -0.04117625951766968,
    -0.047472838312387466,
    -0.05390137806534767,
    -0.05819173902273178
  ],
  "iteration": [
    1,
    501,
    1001,
    1501,
    2001,
    2501,
    3001,
    3501
  ]
}