{
  "loss": [
    1.2146482467651367,
    0.426807165145874,
    0.10969974845647812,
    0.017552705481648445,
    0.0014802903169766068,
    5.3640047553926706e-05,
    6.844042559350783e-07,
    2.122145836835898e-08
  ],
  "base_loss": [
    1.2146482467651367,
    0.426807165145874,
    0.10969974845647812,
    0.017552705481648445,
    0.0014802903169766068,
    5.3640047553926706e-05,
    6.844042559350783e-07,
    2.122145836835898e-08
  ],
  "reg_term": [
    0.0,
    0.0,
    0.0,
    0.0,
    0.0,
    0.0,
    0.0,
    0.0
  ],
  "log_Z": [
    -0.0009999999310821295,
    -0.4461651146411896,
    -0.7684186697006226,
    -0.9663780927658081,
    -1.060263991355896,
    -1.091322898864746,
    -1.0978074073791504,
    -1.098568320274353
  ],
  "iteration": [
    1,
    501,
    1001,
    1501,
    2001,
    2501,
    3001,
    3501
  ]
}