{
  "hypervolume": 1.2025879542647575,
  "r2_indicator": -0.2713884643958354,
  "avg_pairwise_distance": 0.004377565963501135,
  "spacing": 0.021370507776737213,
  "spread": 1.4953305024550023,
  "tds": 0.3606028539361873,
  "mpd": 4.61512051684126,
  "mce": 0.0,
  "num_modes": 1,
  "pmd": 0.0,
  "pfs": 0.0005112557255446827,
  "pas": 0.004377565963501135,
  "rbd": 0.3606028539361647,
  "fci": 0.43819331983805676,
  "qds": 0.49833185991016876,
  "der": 0.07810859080580622,
  "num_parameters": 68103,
  "training_time": 2962.580458,
  "final_loss": 0.012203928083181381,
  "seed": 42,
  "exp_name": "low_subtb_seed42",
  "condition_name": "low_subtb",
  "pfs_metadata": {
    "recalculated": true,
    "recalculation_date": "2025-12-02T01:46:33.954903",
    "old_value": 3.453879006572165e-13,
    "method": "extended_pfs_with_manifold_projection"
  }
}