{
  "loss": [
    210.63375854492188,
    0.5257924199104309,
    0.22524502873420715,
    0.007235151715576649,
    0.01567727141082287,
    0.05425753816962242,
    0.021744148805737495,
    0.012203928083181381
  ],
  "base_loss": [
    225.90780639648438,
    0.47155290842056274,
    0.18827469646930695,
    0.004820699337869883,
    0.014775811694562435,
    0.029822254553437233,
    0.003194885328412056,
    0.014512991532683372
  ],
  "reg_term": [
    -15.2740478515625,
    0.054239511489868164,
    0.03697033226490021,
    0.002414452377706766,
    0.0009014597162604332,
    0.02443528361618519,
    0.01854926347732544,
    -0.0023090634495019913
  ],
  "log_Z": [
    -0.0009999999310821295,
    -0.02189169079065323,
    -0.021717043593525887,
    -0.0188460573554039,
    -0.020299389958381653,
    -0.02244456671178341,
    -0.023238593712449074,
    -0.02611239068210125
  ],
  "iteration": [
    1,
    501,
    1001,
    1501,
    2001,
    2501,
    3001,
    3501
  ]
}