{
  "hypervolume": 1.1703522299589615,
  "r2_indicator": -0.26773308338883395,
  "avg_pairwise_distance": 0.0828768769629519,
  "spacing": 0.0752331018447876,
  "spread": 1.7482467121633838,
  "tds": 0.4181987527334575,
  "mpd": 1.213980333535161,
  "mce": 0.09358042113686496,
  "num_modes": 2,
  "pmd": 0.0,
  "pfs": 0.0,
  "pas": 0.0828768769629519,
  "rbd": 0.41857239057239565,
  "fci": 0.4398068336349328,
  "qds": 0.5097794199267478,
  "der": 0.45493119980518076,
  "num_parameters": 68103,
  "training_time": 9629.94734,
  "final_loss": 0.0020031980238854885,
  "seed": 42,
  "exp_name": "batch_512_seed42",
  "hidden_dim": 128,
  "num_layers": 4,
  "conditioning": "concat"
}