{
  "hypervolume": 1.1909430055728751,
  "r2_indicator": -0.2700896814515758,
  "avg_pairwise_distance": 0.47084289258589274,
  "spacing": 0.18429778516292572,
  "spread": 1.631418868133741,
  "tds": 0.5172642574816488,
  "mpd": 0.9576084217578964,
  "mce": 0.35165128087925,
  "num_modes": 29,
  "pmd": 0.0,
  "pfs": 0.10643686861583904,
  "pas": 0.47084289258589274,
  "rbd": 0.5166229696229742,
  "fci": 0.4508741689239104,
  "qds": 0.6344764201617058,
  "der": 13.219452472819802,
  "num_parameters": 68103,
  "training_time": 1882.776672,
  "final_loss": 0.0033019338734447956,
  "seed": 789,
  "exp_name": "temp_high_seed789",
  "hidden_dim": 128,
  "num_layers": 4,
  "conditioning": "concat",
  "pfs_metadata": {
    "recalculated": true,
    "recalculation_date": "2025-12-01T16:21:38.458961",
    "old_value": 0.000766719012220178,
    "method": "extended_pfs_with_manifold_projection"
  }
}