{
  "loss": [
    13.291278839111328,
    0.03450024127960205,
    0.030781567096710205,
    0.015397225506603718,
    0.017784640192985535,
    0.02507174015045166,
    0.0011863433755934238,
    0.0033019338734447956
  ],
  "log_Z": [
    -0.0009999999310821295,
    -0.023684490472078323,
    -0.026552902534604073,
    -0.03205845132470131,
    -0.037336040288209915,
    -0.04036150872707367,
    -0.04591613635420799,
    -0.04874195158481598
  ],
  "iteration": [
    1,
    501,
    1001,
    1501,
    2001,
    2501,
    3001,
    3501
  ]
}