{
  "hypervolume": 1.1870631704196368,
  "r2_indicator": -0.2696374431162546,
  "avg_pairwise_distance": 0.44884981736497725,
  "spacing": 0.18364804983139038,
  "spread": 1.6060826036109501,
  "tds": 0.5218175159863658,
  "mpd": 1.0014684798785036,
  "mce": 0.40833858669622325,
  "num_modes": 6,
  "pmd": 0.0,
  "pfs": 0.050816214928990175,
  "pas": 0.44884981736497725,
  "rbd": 0.5230781564114982,
  "fci": 0.4077640132466578,
  "qds": 0.6274075780581353,
  "der": 12.006694591430133,
  "num_parameters": 68103,
  "training_time": 1976.122424,
  "final_loss": 0.001144138048402965,
  "seed": 264,
  "exp_name": "none_seed264",
  "capacity": "medium",
  "hidden_dim": 128,
  "num_layers": 4
}