{
  "loss": [
    11.824715614318848,
    0.009538667276501656,
    0.001281470526009798,
    0.0011050194734707475,
    0.010259808041155338,
    0.0009548909729346633,
    0.002224682830274105,
    0.001144138048402965
  ],
  "base_loss": [
    12.237037658691406,
    0.007502962369471788,
    0.0013836798025295138,
    0.0012313296319916844,
    0.011037345044314861,
    0.0006782073760405183,
    0.0015313741751015186,
    0.0011593191884458065
  ],
  "reg_term": [
    -0.4123220443725586,
    0.002035704907029867,
    -0.00010220927651971579,
    -0.00012631015852093697,
    -0.000777537003159523,
    0.000276683596894145,
    0.0006933086551725864,
    -1.5181140042841434e-05
  ],
  "log_Z": [
    -0.0010000000474974513,
    -0.0248679518699646,
    -0.02345639280974865,
    -0.021470867097377777,
    -0.020129607990384102,
    -0.017617348581552505,
    -0.014965116046369076,
    -0.012968217954039574
  ],
  "iteration": [
    1,
    501,
    1001,
    1501,
    2001,
    2501,
    3001,
    3501
  ]
}