{
  "hypervolume": 1.0532922044647928,
  "r2_indicator": -0.25290375222988204,
  "avg_pairwise_distance": 0.0019553146416613626,
  "spacing": 5.960464477539063e-08,
  "spread": 1.4628035098248267,
  "tds": 0.3797979797979798,
  "mpd": 4.5217885770490405,
  "mce": 0.0,
  "num_modes": 1,
  "pmd": 0.0,
  "pfs": 3.682863311352205e-13,
  "pas": 0.0019553146416613626,
  "rbd": 0.37979797979798546,
  "fci": 0.438234126984127,
  "qds": 0.4318624789532935,
  "der": 0.04304937919130555,
  "num_parameters": 68103,
  "training_time": 2400.966037,
  "final_loss": 0.010779345408082008,
  "seed": 42,
  "exp_name": "temp_low_seed42",
  "hidden_dim": 128,
  "num_layers": 4,
  "conditioning": "concat"
}