{
  "hypervolume": 1.1692031143482569,
  "r2_indicator": -0.26859282999952333,
  "avg_pairwise_distance": 0.07538413691429131,
  "spacing": 0.11691272258758545,
  "spread": 1.7164791740795184,
  "tds": 0.4341861878080065,
  "mpd": 1.2321130288591795,
  "mce": 0.1565233671516903,
  "num_modes": 2,
  "pmd": 0.0,
  "pfs": 8.856906221320486e-14,
  "pas": 0.07538413691429131,
  "rbd": 0.4346111111111175,
  "fci": 0.40669916260467454,
  "qds": 0.507371162063986,
  "der": 42.61421717821354,
  "num_parameters": 9863,
  "training_time": 645.682357,
  "final_loss": 0.04029066115617752,
  "seed": 42,
  "exp_name": "temp_low_seed42",
  "hidden_dim": 64,
  "num_layers": 3,
  "conditioning": "film"
}