{
  "loss": [
    13.238179206848145,
    0.008688446134328842,
    0.0395922027528286,
    0.007492789998650551,
    0.01293639000505209,
    0.0028055827133357525,
    0.0025301268324255943,
    0.010779345408082008
  ],
  "log_Z": [
    -0.0010000000474974513,
    -0.023421231657266617,
    -0.02739924192428589,
    -0.03311562538146973,
    -0.03911453112959862,
    -0.046181805431842804,
    -0.05074738338589668,
    -0.0568765327334404
  ],
  "iteration": [
    1,
    501,
    1001,
    1501,
    2001,
    2501,
    3001,
    3501
  ]
}