{
  "loss": [
    14.427350044250488,
    0.04029066115617752
  ],
  "log_Z": [
    -0.0009999999310821295,
    -0.03915857523679733
  ],
  "iteration": [
    1,
    501
  ]
}