{
  "hypervolume": 0.03079767851057478,
  "r2_indicator": -0.11032043405001651,
  "avg_pairwise_distance": 0.5964273078638619,
  "spacing": 0.09260004013776779,
  "spread": 1.0697024001542448,
  "tds": 0.8982085122170986,
  "mpd": 0.6931471805599454,
  "mce": 0.6629372560674336,
  "num_modes": 2,
  "pmd": 0.0,
  "pfs": 0.054175853186929836,
  "pas": 0.5964273078638619,
  "rbd": 0.886319865319866,
  "fci": 0.2980809248554912,
  "qds": 0.656521575794202,
  "der": 108.39490840061514,
  "num_parameters": 3745,
  "training_time": 5289.313587,
  "final_loss": -0.07384666055440903,
  "seed": 375,
  "exp_name": "small_low_seed375",
  "condition_name": "small_low"
}