{
  "loss": [
    27.327590942382812,
    0.3051266670227051,
    -0.07590246200561523,
    -0.06053140014410019,
    -0.09785831719636917,
    -0.12710601091384888,
    -0.1298256665468216,
    -0.07655566930770874,
    -0.13815908133983612,
    -0.0998578816652298,
    -0.1106816902756691,
    -0.12744492292404175,
    -0.08150491118431091,
    -0.07909442484378815,
    -0.12352731823921204,
    -0.09144605696201324,
    0.049414560198783875,
    -0.11855532974004745,
    -0.12311504781246185,
    -0.07384666055440903
  ],
  "base_loss": [
    23.22635269165039,
    0.3083484470844269,
    0.08073002845048904,
    0.11653179675340652,
    0.08988969773054123,
    0.0887380987405777,
    0.0458974614739418,
    0.06748001277446747,
    0.08629969507455826,
    0.0854358822107315,
    0.0914672315120697,
    0.056210458278656006,
    0.11448245495557785,
    0.15130561590194702,
    0.049337223172187805,
    0.07309319078922272,
    0.1580706238746643,
    0.07237742096185684,
    0.07008957862854004,
    0.10899072140455246
  ],
  "reg_term": [
    4.101238250732422,
    -0.0032217800617218018,
    -0.15663249045610428,
    -0.1770631968975067,
    -0.1877480149269104,
    -0.21584410965442657,
    -0.1757231280207634,
    -0.1440356820821762,
    -0.22445877641439438,
    -0.1852937638759613,
    -0.2021489217877388,
    -0.18365538120269775,
    -0.19598736613988876,
    -0.23040004074573517,
    -0.17286454141139984,
    -0.16453924775123596,
    -0.10865606367588043,
    -0.1909327507019043,
    -0.1932046264410019,
    -0.1828373819589615
  ],
  "log_Z": [
    -0.0009999998146668077,
    -0.10802825540304184,
    -0.1025724858045578,
    -0.09699594229459763,
    -0.09133316576480865,
    -0.08720891177654266,
    -0.08135617524385452,
    -0.07734810560941696,
    -0.07766812294721603,
    -0.07297404110431671,
    -0.0603000707924366,
    -0.05804673582315445,
    -0.06501514464616776,
    -0.05813458189368248,
    -0.06011494994163513,
    -0.05637948960065842,
    -0.06148253753781319,
    -0.055818989872932434,
    -0.05098763853311539,
    -0.05262592434883118
  ],
  "iteration": [
    1,
    501,
    1001,
    1501,
    2001,
    2501,
    3001,
    3501,
    4001,
    4501,
    5001,
    5501,
    6001,
    6501,
    7001,
    7501,
    8001,
    8501,
    9001,
    9501
  ]
}