{
  "hypervolume": 1.1692031143482569,
  "r2_indicator": -0.26859282999952333,
  "avg_pairwise_distance": 0.07858418676837503,
  "spacing": 0.14685410261154175,
  "spread": 1.7267618830219493,
  "tds": 0.42139891064013374,
  "mpd": 1.642019477852994,
  "mce": 0.17424898351815118,
  "num_modes": 2,
  "pmd": 0.0,
  "pfs": 6.523893626458048e-13,
  "pas": 0.07743985961905281,
  "rbd": 0.42139393939394004,
  "fci": 0.4163834268198594,
  "qds": 0.5083996970421486,
  "der": 13.043734621922278,
  "num_parameters": 9351,
  "training_time": 2319.41068,
  "final_loss": 0.023363230749964714,
  "seed": 456,
  "exp_name": "medium_concat_seed456",
  "capacity": "medium",
  "hidden_dim": 64,
  "num_layers": 3,
  "conditioning": "concat",
  "alpha": 1.5,
  "preference_sampling": "dirichlet",
  "loss": "trajectory_balance"
}