{
  "loss": [
    12.455812454223633,
    0.015544821508228779,
    0.06441064178943634,
    0.0038981582038104534,
    0.01609833352267742,
    0.0040691932663321495,
    0.004041733685880899,
    0.023363230749964714
  ],
  "log_Z": [
    -0.0010000000474974513,
    -0.03584901615977287,
    -0.036248452961444855,
    -0.037669725716114044,
    -0.039934128522872925,
    -0.04224777594208717,
    -0.04437802731990814,
    -0.04685884714126587
  ],
  "iteration": [
    1,
    501,
    1001,
    1501,
    2001,
    2501,
    3001,
    3501
  ]
}