{
  "hypervolume": 1.1941044513107946,
  "r2_indicator": -0.2704561490660364,
  "avg_pairwise_distance": 0.49809703615500506,
  "spacing": 0.18050624430179596,
  "spread": 1.4863236233452486,
  "tds": 0.5510877360745876,
  "mpd": 0.9326643915954395,
  "mce": 0.4549788177508281,
  "num_modes": 4,
  "pmd": 0.0,
  "pfs": 0.002254287388956967,
  "pas": 0.49809703615500506,
  "rbd": 0.545125499640651,
  "fci": 0.42613984488246626,
  "qds": 0.6432362336767745,
  "der": 15.036774911202723,
  "num_parameters": 68103,
  "training_time": 1751.037779,
  "final_loss": 0.00035330496029928327,
  "seed": 486,
  "exp_name": "base_loss_comparison_trajectory_balance_seed486",
  "capacity": "medium",
  "hidden_dim": 128,
  "num_layers": 4
}