{
  "loss": [
    14.311280250549316,
    0.00760482857003808,
    0.0017492594197392464,
    0.0018134952988475561,
    0.0021316574420779943,
    0.0013897225726395845,
    0.0018506611231714487,
    0.00035330496029928327
  ],
  "log_Z": [
    -0.010000000707805157,
    -0.33320507407188416,
    -0.4406197667121887,
    -0.4792337715625763,
    -0.5086649656295776,
    -0.5448915958404541,
    -0.5908543467521667,
    -0.6092492938041687
  ],
  "iteration": [
    1,
    501,
    1001,
    1501,
    2001,
    2501,
    3001,
    3501
  ]
}