{
  "hypervolume": 1.1908689608493035,
  "r2_indicator": -0.27006888622816916,
  "avg_pairwise_distance": 0.4424178313028915,
  "spacing": 0.16360503435134888,
  "spread": 1.426154064669314,
  "tds": 0.4169733737782272,
  "mpd": 1.4588754598577645,
  "mce": 0.5651350066288418,
  "num_modes": 50,
  "pmd": 0.0,
  "pfs": 0.11121471678650764,
  "pas": 0.4424178313028915,
  "rbd": 0.4170971250971282,
  "fci": 0.45023821059431524,
  "qds": 0.6253402594394997,
  "der": 15.964969197280631,
  "num_parameters": 68103,
  "training_time": 1464.875768,
  "final_loss": 0.004743698984384537,
  "seed": 1011,
  "exp_name": "off_policy_25_seed1011",
  "hidden_dim": 128,
  "num_layers": 4,
  "conditioning": "concat",
  "pfs_metadata": {
    "recalculated": true,
    "recalculation_date": "2025-12-01T16:18:24.607214",
    "old_value": 0.025449232698101367,
    "method": "extended_pfs_with_manifold_projection"
  }
}