{
  "loss": [
    12.719738960266113,
    0.015118779614567757,
    0.0014039147645235062,
    0.008917644619941711,
    0.0010767732746899128,
    0.001139241736382246,
    0.0031460414174944162,
    0.004743698984384537
  ],
  "log_Z": [
    -0.0009999999310821295,
    -0.02404087223112583,
    -0.027857940644025803,
    -0.03198101371526718,
    -0.03594747930765152,
    -0.03991900756955147,
    -0.04371686652302742,
    -0.046081654727458954
  ],
  "iteration": [
    1,
    501,
    1001,
    1501,
    2001,
    2501,
    3001,
    3501
  ]
}