{
  "hypervolume": 1.1941006575887376,
  "r2_indicator": -0.2704561490660364,
  "avg_pairwise_distance": 0.49058778995401725,
  "spacing": 0.17853371798992157,
  "spread": 1.4493905270438443,
  "tds": 0.5912619833411913,
  "mpd": 0.8808438703885073,
  "mce": 0.44181786167793274,
  "num_modes": 4,
  "pmd": 0.0,
  "pfs": 0.002191237500999694,
  "pas": 0.49058778995401725,
  "rbd": 0.5864183964184093,
  "fci": 0.4450297443349529,
  "qds": 0.640822670535721,
  "der": 14.796778249498036,
  "num_parameters": 68103,
  "training_time": 1752.612186,
  "final_loss": 0.0003414995444472879,
  "seed": 42,
  "exp_name": "base_loss_comparison_subtrajectory_balance_09_seed42",
  "capacity": "medium",
  "hidden_dim": 128,
  "num_layers": 4
}