{
  "hypervolume": 1.1871816072905503,
  "r2_indicator": -0.26966219859417867,
  "avg_pairwise_distance": 0.49775394099432374,
  "spacing": 0.18674831092357635,
  "spread": 1.4915883978264548,
  "tds": 0.5717074419572139,
  "mpd": 0.9703203617490641,
  "mce": 0.5294943393642942,
  "num_modes": 3,
  "pmd": 0.0,
  "pfs": 0.00027401958563660623,
  "pas": 0.49775394099432374,
  "rbd": 0.5684048605715356,
  "fci": 0.4814025112532576,
  "qds": 0.6431259587155427,
  "der": 78.07223064631361,
  "num_parameters": 68103,
  "training_time": 337.018993,
  "final_loss": 0.024268336594104767,
  "seed": 42,
  "exp_name": "trajectory_balance_t2.0_seed42",
  "capacity": "medium",
  "hidden_dim": 128,
  "num_layers": 4
}