{
  "hypervolume": 0.8474479395857966,
  "r2_indicator": -0.2256206291125278,
  "avg_pairwise_distance": 0.3690783105576904,
  "spacing": 0.09985803067684174,
  "spread": 1.1106383472472159,
  "tds": 0.8962037730005936,
  "mpd": 0.6931471805599453,
  "mce": 0.6664634361977246,
  "num_modes": 2,
  "pmd": 0.0,
  "pfs": 8.154316498687833e-15,
  "pas": 0.3690783105576904,
  "rbd": 0.8909754689754699,
  "fci": 0.27414959737913724,
  "qds": 0.1640808073564625,
  "der": 142.89394911650993,
  "num_parameters": 3617,
  "training_time": 2570.74309,
  "final_loss": 0.054603878408670425,
  "seed": 375,
  "exp_name": "small_subtb_seed375",
  "condition_name": "small_subtb"
}