{
  "loss": [
    23.549118041992188,
    0.2417512983083725,
    0.1665165275335312,
    0.1672820895910263,
    0.20215845108032227,
    0.17132297158241272,
    0.09666980803012848,
    0.0808180421590805,
    0.0772213488817215,
    0.0357099324464798,
    0.0834488496184349,
    0.4305689334869385,
    0.06921683251857758,
    0.047620877623558044,
    0.050040826201438904,
    0.054603878408670425
  ],
  "base_loss": [
    22.09166717529297,
    0.291513592004776,
    0.1808200478553772,
    0.15432819724082947,
    0.20667991042137146,
    0.22794732451438904,
    0.09836840629577637,
    0.1334535777568817,
    0.06886310875415802,
    0.04715243726968765,
    0.11493542045354843,
    0.2914677560329437,
    0.10202465206384659,
    0.08160442113876343,
    0.04087325930595398,
    0.04895233362913132
  ],
  "reg_term": [
    1.4574508666992188,
    -0.0497622936964035,
    -0.014303520321846008,
    0.012953892350196838,
    -0.004521459341049194,
    -0.05662435293197632,
    -0.0016985982656478882,
    -0.05263553559780121,
    0.008358240127563477,
    -0.011442504823207855,
    -0.031486570835113525,
    0.13910117745399475,
    -0.03280781954526901,
    -0.03398354351520538,
    0.009167566895484924,
    0.005651544779539108
  ],
  "log_Z": [
    -0.0009999998146668077,
    -0.16944658756256104,
    -0.19388091564178467,
    -0.19786183536052704,
    -0.19048601388931274,
    -0.1932653784751892,
    -0.1754513680934906,
    -0.12409559637308121,
    -0.10561717301607132,
    -0.09475276619195938,
    -0.08986636996269226,
    -0.08412674069404602,
    -0.07968544960021973,
    -0.07525494694709778,
    -0.07063659280538559,
    -0.06732870638370514
  ],
  "iteration": [
    1,
    501,
    1001,
    1501,
    2001,
    2501,
    3001,
    3501,
    4001,
    4501,
    5001,
    5501,
    6001,
    6501,
    7001,
    7501
  ]
}