{
  "hypervolume": 1.1692031143482569,
  "r2_indicator": -0.2704561490660364,
  "avg_pairwise_distance": 0.07883103698491097,
  "spacing": 0.15048830211162567,
  "spread": 1.7432530532508153,
  "tds": 0.41232917329308066,
  "mpd": 1.6475752620491715,
  "mce": 0.1607778940277399,
  "num_modes": 2,
  "pmd": 0.0,
  "pfs": 4.210096808476886e-15,
  "pas": 0.0,
  "rbd": 0.41236700336700577,
  "fci": 0.4358151476251604,
  "qds": 0.5084790377067168,
  "der": 13.391470399580735,
  "num_parameters": 9351,
  "training_time": 2266.279225,
  "final_loss": 0.006301935762166977,
  "seed": 1011,
  "exp_name": "medium_concat_seed1011",
  "capacity": "medium",
  "hidden_dim": 64,
  "num_layers": 3,
  "conditioning": "concat",
  "alpha": 1.5,
  "preference_sampling": "dirichlet",
  "loss": "trajectory_balance"
}