{
  "loss": [
    12.834881782531738,
    0.19089433550834656,
    0.08672375231981277,
    0.014045446179807186,
    0.01204983051866293,
    0.015651866793632507,
    0.011393390595912933,
    0.006301935762166977
  ],
  "log_Z": [
    -0.0009999999310821295,
    -0.04011800140142441,
    -0.04071435332298279,
    -0.04130208492279053,
    -0.042967215180397034,
    -0.045310042798519135,
    -0.04799586907029152,
    -0.05123564973473549
  ],
  "iteration": [
    1,
    501,
    1001,
    1501,
    2001,
    2501,
    3001,
    3501
  ]
}