{
  "hypervolume": 1.1910353079549256,
  "r2_indicator": -0.27010749323730066,
  "avg_pairwise_distance": 0.3214141182713047,
  "spacing": 0.11176528036594391,
  "spread": 1.392818722115698,
  "tds": 0.5778703515545621,
  "mpd": 0.8976494075202254,
  "mce": 0.5938348988229519,
  "num_modes": 49,
  "pmd": 0.0,
  "pfs": 0.0011073634383284654,
  "pas": 0.3214141182713047,
  "rbd": 0.5706690576539105,
  "fci": 0.5031389966454902,
  "qds": 0.5864481930606879,
  "der": 8.704009362194087,
  "num_parameters": 68103,
  "training_time": 1952.009187,
  "final_loss": -2.601534843444824,
  "seed": 42,
  "exp_name": "entropy_05_seed42",
  "capacity": "medium",
  "hidden_dim": 128,
  "num_layers": 4
}