{
  "hypervolume": 1.1941006575887376,
  "r2_indicator": -0.2704561490660364,
  "avg_pairwise_distance": 0.4734960675016047,
  "spacing": 0.18472523987293243,
  "spread": 1.6258382816434431,
  "tds": 0.5875911841102452,
  "mpd": 0.9000985990185519,
  "mce": 0.34863148645808706,
  "num_modes": 8,
  "pmd": 0.0,
  "pfs": 0.002581933908724474,
  "pas": 0.4734960675016047,
  "rbd": 0.5830387205387293,
  "fci": 0.4305084745762713,
  "qds": 0.6353291828774212,
  "der": 9.702818596414541,
  "num_parameters": 68103,
  "training_time": 2579.61398,
  "final_loss": 0.012100557796657085,
  "seed": 42,
  "exp_name": "entropy_05_seed42",
  "capacity": "medium",
  "hidden_dim": 128,
  "num_layers": 4
}