{
  "loss": [
    11.162803649902344,
    -2.7667689323425293,
    -2.577205181121826,
    -2.929171562194824,
    -2.542048215866089,
    -2.4243316650390625,
    -2.3357625007629395,
    -2.601534843444824
  ],
  "base_loss": [
    12.105910301208496,
    0.1419568508863449,
    0.1156897097826004,
    0.08558931946754456,
    0.10881543159484863,
    0.09038892388343811,
    0.09382840245962143,
    0.12311390042304993
  ],
  "reg_term": [
    -0.9431066513061523,
    -2.908725783228874,
    -2.6928948909044266,
    -3.0147608816623688,
    -2.6508636474609375,
    -2.5147205889225006,
    -2.429590903222561,
    -2.724648743867874
  ],
  "log_Z": [
    -0.0009999999310821295,
    -0.06288935244083405,
    -0.13750359416007996,
    -0.24374684691429138,
    -0.3775003254413605,
    -0.5429087281227112,
    -0.73691725730896,
    -0.9684628844261169
  ],
  "iteration": [
    1,
    501,
    1001,
    1501,
    2001,
    2501,
    3001,
    3501
  ]
}