{
  "hypervolume": 1.1692031143482569,
  "r2_indicator": -0.26842789901706454,
  "avg_pairwise_distance": 0.09503721035321717,
  "spacing": 0.0905337706208229,
  "spread": 1.719723810121231,
  "tds": 0.37932010186345444,
  "mpd": 1.3933062301066717,
  "mce": 0.15327304446731538,
  "num_modes": 4,
  "pmd": 0.0,
  "pfs": 7.771353566354969e-14,
  "pas": 0.0,
  "rbd": 0.37934110334110643,
  "fci": 0.4047317279256444,
  "qds": 0.5136878991093595,
  "der": 0.2627886005161115,
  "num_parameters": 269319,
  "training_time": 4834.178309,
  "final_loss": 0.01693573035299778,
  "seed": 789,
  "exp_name": "xlarge_film_seed789",
  "capacity": "xlarge",
  "hidden_dim": 256,
  "num_layers": 4,
  "conditioning": "film",
  "alpha": 1.5,
  "preference_sampling": "dirichlet",
  "loss": "trajectory_balance"
}