{
  "loss": [
    14.823770523071289,
    0.013062361627817154,
    0.005266179796308279,
    0.017787111923098564,
    0.006189748179167509,
    0.0050944555550813675,
    0.002251214114949107,
    0.01693573035299778
  ],
  "log_Z": [
    -0.0009999998146668077,
    -0.02141641080379486,
    -0.024231625720858574,
    -0.026217546314001083,
    -0.027604997158050537,
    -0.02994135022163391,
    -0.03167785331606865,
    -0.0332467257976532
  ],
  "iteration": [
    1,
    501,
    1001,
    1501,
    2001,
    2501,
    3001,
    3501
  ]
}