{
  "hypervolume": 1.1898428336098807,
  "r2_indicator": -0.26995467580192967,
  "avg_pairwise_distance": 0.00019633687214071476,
  "spacing": 5.960464477539063e-08,
  "spread": 1.4907440601067599,
  "tds": 0.37920474587141256,
  "mpd": 4.61512051684126,
  "mce": 0.0,
  "num_modes": 1,
  "pmd": 0.0,
  "pfs": 0.0,
  "pas": 0.00019633687214071476,
  "rbd": 0.3792047458713923,
  "fci": 0.4790061289346248,
  "qds": 0.49173328652951404,
  "der": 0.009350750895923247,
  "num_parameters": 9351,
  "training_time": 8083.507101,
  "final_loss": 0.3862452507019043,
  "seed": 486,
  "exp_name": "medium_tb_seed486",
  "condition_name": "medium_tb"
}