{
  "hypervolume": 1.2099997972135246,
  "r2_indicator": -0.27222219941107134,
  "avg_pairwise_distance": 0.09570794142761227,
  "spacing": 0.16141270101070404,
  "spread": 1.7889256772882947,
  "tds": 0.1484597887269643,
  "mpd": 0.8721133189164264,
  "mce": 0.07277277891489853,
  "num_modes": 15,
  "pmd": 0.0,
  "pfs": 0.0,
  "pas": 0.09570794142761227,
  "rbd": 0.14902116279055327,
  "fci": 0.6114738469175918,
  "qds": 0.53076161297984,
  "der": 4.8052920935252255,
  "num_parameters": 9351,
  "training_time": 7667.832673,
  "final_loss": 0.8730778694152832,
  "seed": 486,
  "exp_name": "medium_tb_seed486",
  "condition_name": "medium_tb"
}