{
  "loss": [
    254.7052764892578,
    3.7120184898376465,
    0.6908801198005676,
    0.4324278235435486,
    0.3562759757041931,
    0.5774847269058228,
    0.7007792592048645,
    0.8730778694152832
  ],
  "base_loss": [
    254.7052764892578,
    3.7120184898376465,
    0.6908801198005676,
    0.4324278235435486,
    0.3562759757041931,
    0.5774847269058228,
    0.7007792592048645,
    0.8730778694152832
  ],
  "reg_term": [
    0.0,
    0.0,
    0.0,
    0.0,
    0.0,
    0.0,
    0.0,
    0.0
  ],
  "log_Z": [
    -0.0009999999310821295,
    -0.039699532091617584,
    -0.03984963148832321,
    -0.03984760120511055,
    -0.03987396880984306,
    -0.03990811109542847,
    -0.039964403957128525,
    -0.04004137963056564
  ],
  "iteration": [
    1,
    501,
    1001,
    1501,
    2001,
    2501,
    3001,
    3501
  ]
}