{
  "loss": [
    253.995849609375,
    4.092645645141602,
    4.212667942047119,
    1.8585517406463623,
    1.9060994386672974,
    0.6037495136260986,
    1.153089165687561,
    0.3862452507019043
  ],
  "base_loss": [
    253.995849609375,
    4.092645645141602,
    4.212667942047119,
    1.8585517406463623,
    1.9060994386672974,
    0.6037495136260986,
    1.153089165687561,
    0.3862452507019043
  ],
  "reg_term": [
    0.0,
    0.0,
    0.0,
    0.0,
    0.0,
    0.0,
    0.0,
    0.0
  ],
  "log_Z": [
    -0.0009999999310821295,
    -0.03623003140091896,
    -0.03634686395525932,
    -0.03645136207342148,
    -0.036563724279403687,
    -0.03697982802987099,
    -0.03777920454740524,
    -0.03920536860823631
  ],
  "iteration": [
    1,
    501,
    1001,
    1501,
    2001,
    2501,
    3001,
    3501
  ]
}