{
  "hypervolume": 1.182040672943932,
  "r2_indicator": -0.26907738567794665,
  "avg_pairwise_distance": 0.10337337436450943,
  "spacing": 0.17299436032772064,
  "spread": 1.7722612532053221,
  "tds": 0.4185814455231931,
  "mpd": 1.3238454528796557,
  "mce": 0.0,
  "num_modes": 1,
  "pmd": 0.0,
  "pfs": 0.03808473802194339,
  "pas": 0.10337337436450943,
  "rbd": 0.41869947336614194,
  "fci": 0.42360854763955547,
  "qds": 0.5163672437009359,
  "der": 2.356630053429292,
  "num_parameters": 68103,
  "training_time": 2318.747926,
  "final_loss": 0.0021843004506081343,
  "seed": 1011,
  "exp_name": "pref_dirichlet_low_seed1011",
  "hidden_dim": 128,
  "num_layers": 4,
  "conditioning": "concat",
  "pfs_metadata": {
    "recalculated": true,
    "recalculation_date": "2025-12-01T16:19:41.202220",
    "old_value": 0.004459453741262844,
    "method": "extended_pfs_with_manifold_projection"
  }
}