{
  "loss": [
    13.717057228088379,
    0.02328287437558174,
    0.03235780447721481,
    0.003512890078127384,
    0.00494877714663744,
    0.0026613352820277214,
    0.01881537400186062,
    0.0021843004506081343
  ],
  "log_Z": [
    -0.0009999999310821295,
    -0.0218182485550642,
    -0.026589106768369675,
    -0.0313003845512867,
    -0.03595281392335892,
    -0.0415286161005497,
    -0.0464915931224823,
    -0.05144849419593811
  ],
  "iteration": [
    1,
    501,
    1001,
    1501,
    2001,
    2501,
    3001,
    3501
  ]
}