{
  "hypervolume": 1.2099997972135246,
  "r2_indicator": -0.27222219941107134,
  "avg_pairwise_distance": 0.000399960533077457,
  "spacing": 0.014140723273158073,
  "spread": 1.499898225572942,
  "tds": 0.0,
  "mpd": 0.6931471805599453,
  "mce": 0.0,
  "num_modes": 1,
  "pmd": 0.0,
  "pfs": 0.0,
  "pas": 0.000399960533077457,
  "rbd": 0.0,
  "fci": 1.0,
  "qds": 0.5001284677108747,
  "der": 9.066331824433568,
  "num_parameters": 519,
  "training_time": 305.999468,
  "final_loss": 159.83328247070312,
  "seed": 486,
  "exp_name": "small_tb_seed486",
  "condition_name": "small_tb"
}