{
  "hypervolume": 1.2090860208778347,
  "r2_indicator": -0.272112561609942,
  "avg_pairwise_distance": 0.0065380539015958234,
  "spacing": 0.05285701900720596,
  "spread": 1.4987275740282975,
  "tds": 0.015561968895302229,
  "mpd": 0.6931471805599453,
  "mce": 0.009838107916800225,
  "num_modes": 5,
  "pmd": 0.0,
  "pfs": 0.45788040935832436,
  "pas": 0.0065380539015958234,
  "rbd": 0.01556196889530231,
  "fci": 0.5753157380489982,
  "qds": 0.2264055903035852,
  "der": 15.562847011753066,
  "num_parameters": 519,
  "training_time": 2914.033844,
  "final_loss": 1.5349221229553223,
  "seed": 486,
  "exp_name": "small_tb_seed486",
  "condition_name": "small_tb"
}