{
  "loss": [
    264.3821105957031,
    43.75567626953125,
    22.797626495361328,
    16.748624801635742,
    15.19314956665039,
    9.12904167175293,
    1.4693199396133423,
    1.5349221229553223
  ],
  "base_loss": [
    264.3821105957031,
    43.75567626953125,
    22.797626495361328,
    16.748624801635742,
    15.19314956665039,
    9.12904167175293,
    1.4693199396133423,
    1.5349221229553223
  ],
  "reg_term": [
    0.0,
    0.0,
    0.0,
    0.0,
    0.0,
    0.0,
    0.0,
    0.0
  ],
  "log_Z": [
    -0.0009999999310821295,
    -0.1412181407213211,
    -0.15082240104675293,
    -0.15499748289585114,
    -0.1601635217666626,
    -0.16564857959747314,
    -0.16825135052204132,
    -0.16859187185764313
  ],
  "iteration": [
    1,
    501,
    1001,
    1501,
    2001,
    2501,
    3001,
    3501
  ]
}