{
  "loss": [
    262.9463806152344,
    236.42807006835938,
    229.9478759765625,
    210.20059204101562,
    196.361328125,
    177.964111328125,
    165.398681640625,
    159.83328247070312
  ],
  "base_loss": [
    262.9463806152344,
    236.42807006835938,
    229.9478759765625,
    210.20059204101562,
    196.361328125,
    177.964111328125,
    165.398681640625,
    159.83328247070312
  ],
  "reg_term": [
    0.0,
    0.0,
    0.0,
    0.0,
    0.0,
    0.0,
    0.0,
    0.0
  ],
  "log_Z": [
    -0.0009999999310821295,
    -0.5489569902420044,
    -1.0816895961761475,
    -1.5969105958938599,
    -2.1051063537597656,
    -2.6057276725769043,
    -3.0883753299713135,
    -3.5463292598724365
  ],
  "iteration": [
    1,
    501,
    1001,
    1501,
    2001,
    2501,
    3001,
    3501
  ]
}