{
  "hypervolume": 1.4641000000000006,
  "r2_indicator": -0.07028279757740775,
  "avg_pairwise_distance": 0.2574136271936076,
  "spacing": 0.0008367542759515345,
  "spread": 0.46875105068529166,
  "tds": 0.5646212121212121,
  "mpd": 0.6931471805599453,
  "mce": 0.4939877578432916,
  "num_modes": 74,
  "pmd": 0.0,
  "pfs": 0.0,
  "pas": 0.2574136271936076,
  "rbd": 0.5646212121212121,
  "fci": 0.3841878750258638,
  "qds": 0.5585030970894562,
  "der": 130.59483948977933,
  "num_parameters": 2443,
  "training_time": 2904.588089,
  "final_loss": 1.6014518737792969,
  "seed": 42,
  "exp_name": "small_low_seed42",
  "condition_name": "small_low"
}