{
  "loss": [
    257.3835144042969,
    5.737685680389404,
    5.9922871589660645,
    3.002192497253418,
    4.36592960357666,
    3.3958165645599365,
    1.1968859434127808,
    1.0416909456253052,
    1.7198220491409302,
    1.8158832788467407,
    1.7440314292907715,
    3.7467432022094727,
    0.6982768774032593,
    3.074955701828003,
    1.138611078262329,
    1.6014518737792969
  ],
  "base_loss": [
    256.5755310058594,
    3.079481840133667,
    7.5189595222473145,
    3.95045804977417,
    3.0770556926727295,
    1.171635389328003,
    1.2178006172180176,
    3.748844623565674,
    1.719562292098999,
    1.777806282043457,
    2.591897487640381,
    2.7432663440704346,
    2.0916390419006348,
    2.050637722015381,
    0.6719855070114136,
    1.5299683809280396
  ],
  "reg_term": [
    0.8079833984375,
    2.6582038402557373,
    -1.52667236328125,
    -0.948265552520752,
    1.2888739109039307,
    2.2241811752319336,
    -0.020914673805236816,
    -2.7071536779403687,
    0.00025975704193115234,
    0.03807699680328369,
    -0.8478660583496094,
    1.003476858139038,
    -1.3933621644973755,
    1.024317979812622,
    0.4666255712509155,
    0.07148349285125732
  ],
  "log_Z": [
    -0.0009999999310821295,
    -0.07656943053007126,
    -0.050078462809324265,
    -0.0023599350824952126,
    0.04278944805264473,
    0.059062350541353226,
    0.07152295112609863,
    0.08836373686790466,
    0.0920504704117775,
    0.10019361972808838,
    0.10333776473999023,
    0.10612015426158905,
    0.1081824004650116,
    0.10122016817331314,
    0.09686984866857529,
    0.0961599051952362
  ],
  "iteration": [
    1,
    501,
    1001,
    1501,
    2001,
    2501,
    3001,
    3501,
    4001,
    4501,
    5001,
    5501,
    6001,
    6501,
    7001,
    7501
  ]
}