{
  "hypervolume": 0.041114820133028813,
  "r2_indicator": -0.10782156978320825,
  "avg_pairwise_distance": 0.5307948576677649,
  "spacing": 0.1005043014883995,
  "spread": 1.2868555816321061,
  "tds": 0.9004930645860425,
  "mpd": 0.6931471805599454,
  "mce": 0.17028206324893355,
  "num_modes": 43,
  "pmd": 0.0,
  "pfs": 0.9891227762724415,
  "pas": 0.5307948576677649,
  "rbd": 0.8840536315536323,
  "fci": 0.3165621208305671,
  "qds": 0.6392975245267969,
  "der": 135.09017450951836,
  "num_parameters": 3745,
  "training_time": 3777.05773,
  "final_loss": -0.10524289309978485,
  "seed": 264,
  "exp_name": "small_veryhigh_seed264",
  "condition_name": "small_veryhigh",
  "pfs_metadata": {
    "recalculated": true,
    "recalculation_date": "2025-12-01T23:55:30.101608",
    "old_value": 0.04740285730804097,
    "method": "extended_pfs_with_manifold_projection"
  }
}