{
  "loss": [
    13.794349670410156,
    0.07897874712944031,
    0.021814614534378052,
    0.055725038051605225,
    -0.057391583919525146,
    0.03396482765674591,
    0.005553930997848511,
    0.027904510498046875,
    -0.02416004240512848,
    -0.0351826548576355,
    -0.06259704381227493,
    -0.05721057951450348,
    -0.02808915078639984,
    -0.04997684806585312,
    -0.06947457790374756,
    0.0443694144487381,
    -0.041273534297943115,
    -0.01986175775527954,
    -0.09707456827163696,
    -0.10524289309978485
  ],
  "base_loss": [
    14.222827911376953,
    0.28093674778938293,
    0.1559155136346817,
    0.21331451833248138,
    0.10761147737503052,
    0.2334941178560257,
    0.16845563054084778,
    0.18261313438415527,
    0.14748263359069824,
    0.11962579935789108,
    0.1188400536775589,
    0.14721260964870453,
    0.13363413512706757,
    0.10934881865978241,
    0.14245176315307617,
    0.2567465603351593,
    0.1749345064163208,
    0.13506513833999634,
    0.10405827313661575,
    0.12631037831306458
  ],
  "reg_term": [
    -0.4284782409667969,
    -0.20195800065994263,
    -0.13410089910030365,
    -0.15758948028087616,
    -0.16500306129455566,
    -0.19952929019927979,
    -0.16290169954299927,
    -0.1547086238861084,
    -0.17164267599582672,
    -0.15480845421552658,
    -0.18143709748983383,
    -0.204423189163208,
    -0.1617232859134674,
    -0.15932566672563553,
    -0.21192634105682373,
    -0.2123771458864212,
    -0.21620804071426392,
    -0.15492689609527588,
    -0.20113284140825272,
    -0.23155327141284943
  ],
  "log_Z": [
    -0.0009999998146668077,
    -0.1030123308300972,
    -0.10561597347259521,
    -0.10593456029891968,
    -0.09360330551862717,
    -0.08667537569999695,
    -0.08685887604951859,
    -0.08515132963657379,
    -0.0808267742395401,
    -0.07815506309270859,
    -0.07716542482376099,
    -0.07547926157712936,
    -0.0767202228307724,
    -0.0771462693810463,
    -0.07709047943353653,
    -0.07964188605546951,
    -0.08003170788288116,
    -0.0695115402340889,
    -0.0695757120847702,
    -0.06881558150053024
  ],
  "iteration": [
    1,
    501,
    1001,
    1501,
    2001,
    2501,
    3001,
    3501,
    4001,
    4501,
    5001,
    5501,
    6001,
    6501,
    7001,
    7501,
    8001,
    8501,
    9001,
    9501
  ]
}