{
  "hypervolume": 0.10698026161640893,
  "r2_indicator": -0.04525382769514218,
  "avg_pairwise_distance": 0.0,
  "spacing": 0.0,
  "spread": 1.0,
  "tds": 0.3869360269360269,
  "mpd": 4.5217885770490405,
  "mce": 0.0,
  "num_modes": 1,
  "pmd": 0.0,
  "pfs": 0.0,
  "pas": 0.0,
  "rbd": 0.3869360269360311,
  "fci": 0.43546875000000007,
  "qds": 0.04420671967620203,
  "der": 0.0,
  "num_parameters": 68103,
  "training_time": 2522.878282,
  "final_loss": 0.001696909312158823,
  "seed": 42,
  "exp_name": "top_p_seed42",
  "hidden_dim": 128,
  "num_layers": 4,
  "conditioning": "concat"
}