{
  "loss": [
    12.918889045715332,
    0.013716845773160458,
    0.04739880561828613,
    0.01653248444199562,
    0.001828265143558383,
    0.01336247194558382,
    0.0033143183682113886,
    0.001696909312158823
  ],
  "log_Z": [
    -0.0009999999310821295,
    -0.02179206721484661,
    -0.02622940205037594,
    -0.03245346620678902,
    -0.039559271186590195,
    -0.04613203555345535,
    -0.05237625539302826,
    -0.05740463361144066
  ],
  "iteration": [
    1,
    501,
    1001,
    1501,
    2001,
    2501,
    3001,
    3501
  ]
}