{
  "hypervolume": 1.4641000000000006,
  "r2_indicator": -0.07759036533851421,
  "avg_pairwise_distance": 0.2716849164916441,
  "spacing": 0.0005917040980421007,
  "spread": 0.40343738327205186,
  "tds": 0.6561363636363636,
  "mpd": 0.6931471805599453,
  "mce": 0.5582782313653551,
  "num_modes": 81,
  "pmd": 0.0,
  "pfs": 0.6777235380751383,
  "pas": 0.2716849164916441,
  "rbd": 0.6561363636363636,
  "fci": 0.37569774527727007,
  "qds": 0.5617465719299191,
  "der": 102.97791484738426,
  "num_parameters": 2443,
  "training_time": 3887.769137,
  "final_loss": 4.296839714050293,
  "seed": 264,
  "exp_name": "small_veryhigh_seed264",
  "condition_name": "small_veryhigh",
  "pfs_metadata": {
    "recalculated": true,
    "recalculation_date": "2025-12-02T00:01:16.415288",
    "old_value": 0.0,
    "method": "extended_pfs_with_manifold_projection"
  }
}