{
  "loss": [
    61.71770095825195,
    15.459765434265137,
    10.28388786315918,
    8.294373512268066,
    9.946810722351074,
    10.79072380065918,
    9.192602157592773,
    8.07703971862793,
    9.210722923278809,
    4.465110778808594,
    5.362721920013428,
    4.603570461273193,
    4.235813140869141,
    8.782476425170898,
    5.7425689697265625,
    4.296839714050293
  ],
  "base_loss": [
    53.950927734375,
    12.006261825561523,
    11.030696868896484,
    5.986172199249268,
    9.139949798583984,
    12.643582344055176,
    9.390862464904785,
    8.82511043548584,
    7.974794864654541,
    4.103005409240723,
    6.518589019775391,
    6.375064849853516,
    3.5147347450256348,
    8.189070701599121,
    5.804377555847168,
    8.0340576171875
  ],
  "reg_term": [
    7.766773223876953,
    3.4535036087036133,
    -0.7468090057373047,
    2.308201313018799,
    0.8068609237670898,
    -1.852858543395996,
    -0.19826030731201172,
    -0.7480707168579102,
    1.2359280586242676,
    0.3621053695678711,
    -1.155867099761963,
    -1.7714943885803223,
    0.7210783958435059,
    0.5934057235717773,
    -0.06180858612060547,
    -3.737217903137207
  ],
  "log_Z": [
    -0.0009999999310821295,
    -0.04676250368356705,
    -0.001686895382590592,
    0.0310794897377491,
    0.03845681995153427,
    0.04731135070323944,
    0.051673103123903275,
    0.04227456822991371,
    0.01703745685517788,
    0.003576115006580949,
    -0.009983227588236332,
    -0.037884440273046494,
    -0.054207660257816315,
    -0.07683899253606796,
    -0.0925833210349083,
    -0.10633888095617294
  ],
  "iteration": [
    1,
    501,
    1001,
    1501,
    2001,
    2501,
    3001,
    3501,
    4001,
    4501,
    5001,
    5501,
    6001,
    6501,
    7001,
    7501
  ]
}