{
  "hypervolume": 1.4641000000000006,
  "r2_indicator": -0.07028279757740775,
  "avg_pairwise_distance": 0.26312211948854497,
  "spacing": 0.0005917040398344398,
  "spread": 0.41860277122144623,
  "tds": 0.6660858585858586,
  "mpd": 0.6931471805599453,
  "mce": 0.5300530323274095,
  "num_modes": 100,
  "pmd": 0.0,
  "pfs": 0.0,
  "pas": 0.26312211948854497,
  "rbd": 0.6660858585858586,
  "fci": 0.37353203568532023,
  "qds": 0.5598004817019421,
  "der": 1.779527005228764,
  "num_parameters": 70923,
  "training_time": 7505.302115,
  "final_loss": 0.028335928916931152,
  "seed": 42,
  "exp_name": "medium_high_seed42",
  "condition_name": "medium_high"
}