{
  "loss": [
    86.5396499633789,
    6.336544513702393,
    9.543401718139648,
    1.8283214569091797,
    1.544088363647461,
    1.4074808359146118,
    1.2758599519729614,
    0.7933133840560913,
    0.9877275228500366,
    1.7192599773406982,
    0.35082486271858215,
    0.3619857430458069,
    0.38666537404060364,
    0.279055655002594,
    0.45376792550086975,
    0.028335928916931152
  ],
  "base_loss": [
    60.045738220214844,
    6.872389793395996,
    7.709952354431152,
    1.8319480419158936,
    2.2591147422790527,
    0.7772097587585449,
    0.7834829688072205,
    0.8186586499214172,
    2.232002019882202,
    2.583357334136963,
    0.5025656223297119,
    0.4575808644294739,
    0.37917786836624146,
    0.3724444508552551,
    0.3772267699241638,
    0.12006361782550812
  ],
  "reg_term": [
    26.493911743164062,
    -0.5358452796936035,
    1.833449363708496,
    -0.003626585006713867,
    -0.7150263786315918,
    0.6302710771560669,
    0.49237698316574097,
    -0.025345265865325928,
    -1.2442744970321655,
    -0.8640973567962646,
    -0.15174075961112976,
    -0.09559512138366699,
    0.007487505674362183,
    -0.09338879585266113,
    0.07654115557670593,
    -0.09172768890857697
  ],
  "log_Z": [
    -0.0010000000474974513,
    -0.021803071722388268,
    -0.019019903615117073,
    -0.014363010413944721,
    -0.020564431324601173,
    -0.03227480128407478,
    -0.0376298725605011,
    -0.0355958417057991,
    -0.03248714283108711,
    -0.022101152688264847,
    -0.02728109247982502,
    -0.01719164475798607,
    -0.019378038123250008,
    -0.021625090390443802,
    -0.019347794353961945,
    -0.01715318113565445
  ],
  "iteration": [
    1,
    501,
    1001,
    1501,
    2001,
    2501,
    3001,
    3501,
    4001,
    4501,
    5001,
    5501,
    6001,
    6501,
    7001,
    7501
  ]
}