{
  "hypervolume": 1.2099957611942649,
  "r2_indicator": -0.27222190249540756,
  "avg_pairwise_distance": 0.17042554689682052,
  "spacing": 0.10393816977739334,
  "spread": 1.497008024049753,
  "tds": 0.12634940872314462,
  "mpd": 0.8304737166434589,
  "mce": 0.14228770157569468,
  "num_modes": 6,
  "pmd": 0.0,
  "pfs": 0.7309042420293324,
  "pas": 0.17042554689682052,
  "rbd": 0.12624441300260345,
  "fci": 0.5608252122353852,
  "qds": 0.10023138319589711,
  "der": 8.512866543753368,
  "num_parameters": 9351,
  "training_time": 7707.318656,
  "final_loss": 0.398642897605896,
  "seed": 375,
  "exp_name": "medium_tb_seed375",
  "condition_name": "medium_tb"
}