{
  "hypervolume": 1.2099997955746564,
  "r2_indicator": -0.2722221992267175,
  "avg_pairwise_distance": 0.28977860745006995,
  "spacing": 0.10573726147413254,
  "spread": 1.9737231344474604,
  "tds": 0.03531428988362336,
  "mpd": 0.7945134575869864,
  "mce": 0.46816974969251285,
  "num_modes": 6,
  "pmd": 0.0,
  "pfs": 0.06985367250915489,
  "pas": 0.28977860745006995,
  "rbd": 0.03478424684841911,
  "fci": 0.5375305680596876,
  "qds": 0.593138287513417,
  "der": 17.805497144400146,
  "num_parameters": 9351,
  "training_time": 6265.513366,
  "final_loss": 0.9038055539131165,
  "seed": 375,
  "exp_name": "medium_tb_seed375",
  "condition_name": "medium_tb",
  "pfs_metadata": {
    "recalculated": true,
    "recalculation_date": "2025-12-01T20:03:59.133126",
    "old_value": 0.0,
    "method": "extended_pfs_with_manifold_projection"
  }
}