{
  "loss": [
    252.3819580078125,
    1.741330862045288,
    0.8756864070892334,
    1.3888648748397827,
    1.245460033416748,
    0.9944165945053101,
    0.8279271125793457,
    0.9038055539131165
  ],
  "base_loss": [
    252.3819580078125,
    1.741330862045288,
    0.8756864070892334,
    1.3888648748397827,
    1.245460033416748,
    0.9944165945053101,
    0.8279271125793457,
    0.9038055539131165
  ],
  "reg_term": [
    0.0,
    0.0,
    0.0,
    0.0,
    0.0,
    0.0,
    0.0,
    0.0
  ],
  "log_Z": [
    -0.0009999999310821295,
    -0.06604017317295074,
    -0.06640718877315521,
    -0.06689496338367462,
    -0.06755509972572327,
    -0.06842280179262161,
    -0.06956000626087189,
    -0.07093070447444916
  ],
  "iteration": [
    1,
    501,
    1001,
    1501,
    2001,
    2501,
    3001,
    3501
  ]
}