{
  "loss": [
    253.8590087890625,
    26.71097183227539,
    15.927547454833984,
    0.5081111192703247,
    0.37361863255500793,
    6.406081199645996,
    0.7587267160415649,
    0.398642897605896
  ],
  "base_loss": [
    253.8590087890625,
    26.71097183227539,
    15.927547454833984,
    0.5081111192703247,
    0.37361863255500793,
    6.406081199645996,
    0.7587267160415649,
    0.398642897605896
  ],
  "reg_term": [
    0.0,
    0.0,
    0.0,
    0.0,
    0.0,
    0.0,
    0.0,
    0.0
  ],
  "log_Z": [
    -0.0009999999310821295,
    -0.039495326578617096,
    -0.040362533181905746,
    -0.04042891412973404,
    -0.04049275070428848,
    -0.040563274174928665,
    -0.04065938666462898,
    -0.040803320705890656
  ],
  "iteration": [
    1,
    501,
    1001,
    1501,
    2001,
    2501,
    3001,
    3501
  ]
}