{
  "hypervolume": 1.2099998017128804,
  "r2_indicator": -0.27222219991719726,
  "avg_pairwise_distance": 0.006777651030821609,
  "spacing": 0.05813225731253624,
  "spread": 1.523882888392417,
  "tds": 0.3714063016220759,
  "mpd": 1.6661022550876021,
  "mce": 0.0,
  "num_modes": 1,
  "pmd": 0.0,
  "pfs": 0.0,
  "pas": 0.006777651030821609,
  "rbd": 0.3714450056116485,
  "fci": 0.49062572714771613,
  "qds": 0.5021783376106327,
  "der": 0.321733725931368,
  "num_parameters": 9351,
  "training_time": 8110.115875,
  "final_loss": 0.13208380341529846,
  "seed": 42,
  "exp_name": "medium_tb_seed42",
  "condition_name": "medium_tb"
}