{
  "loss": [
    256.365966796875,
    21.99049949645996,
    4.099106311798096,
    1.6056715250015259,
    0.41146916151046753,
    0.12353917956352234,
    0.14745746552944183,
    0.13208380341529846
  ],
  "base_loss": [
    256.365966796875,
    21.99049949645996,
    4.099106311798096,
    1.6056715250015259,
    0.41146916151046753,
    0.12353917956352234,
    0.14745746552944183,
    0.13208380341529846
  ],
  "reg_term": [
    0.0,
    0.0,
    0.0,
    0.0,
    0.0,
    0.0,
    0.0,
    0.0
  ],
  "log_Z": [
    -0.0010000000474974513,
    -0.043199386447668076,
    -0.0433451272547245,
    -0.04336417466402054,
    -0.043223265558481216,
    -0.043564073741436005,
    -0.04400794208049774,
    -0.044946711510419846
  ],
  "iteration": [
    1,
    501,
    1001,
    1501,
    2001,
    2501,
    3001,
    3501
  ]
}