{
  "loss": [
    256.4014892578125,
    5.378167152404785,
    0.9783512353897095,
    0.21936145424842834,
    0.21500711143016815,
    0.23981615900993347,
    0.5765300393104553,
    0.0511527955532074
  ],
  "base_loss": [
    256.4014892578125,
    5.378167152404785,
    0.9783512353897095,
    0.21936145424842834,
    0.21500711143016815,
    0.23981615900993347,
    0.5765300393104553,
    0.0511527955532074
  ],
  "reg_term": [
    0.0,
    0.0,
    0.0,
    0.0,
    0.0,
    0.0,
    0.0,
    0.0
  ],
  "log_Z": [
    -0.0009999999310821295,
    -0.04219956323504448,
    -0.04277738928794861,
    -0.043069761246442795,
    -0.04333007335662842,
    -0.043464936316013336,
    -0.044169969856739044,
    -0.045743465423583984
  ],
  "iteration": [
    1,
    501,
    1001,
    1501,
    2001,
    2501,
    3001,
    3501
  ]
}