{
  "hypervolume": 1.4641000000000006,
  "r2_indicator": -0.07590025447924478,
  "avg_pairwise_distance": 0.31093970322198833,
  "spacing": 1.090842349782406e-08,
  "spread": 0.4060050238597287,
  "tds": 0.6605808080808081,
  "mpd": 0.6931471805599453,
  "mce": 0.5920982654126706,
  "num_modes": 103,
  "pmd": 0.0,
  "pfs": 0.7524717126072573,
  "pas": 0.31093970322198833,
  "rbd": 0.6605808080808081,
  "fci": 0.3768677635588056,
  "qds": 0.5706681143686337,
  "der": 2.331214455031611,
  "num_parameters": 70923,
  "training_time": 6770.322483,
  "final_loss": 0.15636247396469116,
  "seed": 375,
  "exp_name": "high_tb_seed375",
  "condition_name": "high_tb",
  "pfs_metadata": {
    "recalculated": true,
    "recalculation_date": "2025-12-02T00:01:49.338850",
    "old_value": 0.0,
    "method": "extended_pfs_with_manifold_projection"
  }
}