{
  "loss": [
    112.87237548828125,
    3.8854522705078125,
    2.414015293121338,
    1.4101262092590332,
    0.42555537819862366,
    2.687453508377075,
    0.2538680136203766,
    0.41567346453666687,
    0.39355018734931946,
    0.3343266546726227,
    1.040243148803711,
    0.48936727643013,
    1.0932354927062988,
    0.16208955645561218,
    0.1418565958738327,
    0.15636247396469116
  ],
  "base_loss": [
    112.87237548828125,
    3.8854522705078125,
    2.414015293121338,
    1.4101262092590332,
    0.42555537819862366,
    2.687453508377075,
    0.2538680136203766,
    0.41567346453666687,
    0.39355018734931946,
    0.3343266546726227,
    1.040243148803711,
    0.48936727643013,
    1.0932354927062988,
    0.16208955645561218,
    0.1418565958738327,
    0.15636247396469116
  ],
  "reg_term": [
    0.0,
    0.0,
    0.0,
    0.0,
    0.0,
    0.0,
    0.0,
    0.0,
    0.0,
    0.0,
    0.0,
    0.0,
    0.0,
    0.0,
    0.0,
    0.0
  ],
  "log_Z": [
    -0.0009999999310821295,
    -0.02778550796210766,
    -0.04527641087770462,
    -0.06135621666908264,
    -0.07238100469112396,
    -0.08242429792881012,
    -0.0985531434416771,
    -0.1079714372754097,
    -0.12001761049032211,
    -0.1290387064218521,
    -0.13912782073020935,
    -0.14966429769992828,
    -0.15851125121116638,
    -0.1690625548362732,
    -0.17596940696239471,
    -0.18641391396522522
  ],
  "iteration": [
    1,
    501,
    1001,
    1501,
    2001,
    2501,
    3001,
    3501,
    4001,
    4501,
    5001,
    5501,
    6001,
    6501,
    7001,
    7501
  ]
}