{
  "hypervolume": 1.1941044513107946,
  "r2_indicator": -0.2704561490660364,
  "avg_pairwise_distance": 0.26542454382386677,
  "spacing": 0.10786068439483643,
  "spread": 1.345689774103548,
  "tds": 0.6612148369429923,
  "mpd": 0.8935829830106179,
  "mce": 0.5884494347456298,
  "num_modes": 52,
  "pmd": 0.0,
  "pfs": 0.0021699604641387442,
  "pas": 0.26542454382386677,
  "rbd": 0.6040986062198213,
  "fci": 0.5520507962517283,
  "qds": 0.5684524622572641,
  "der": 13.05195209848684,
  "num_parameters": 68103,
  "training_time": 1074.983667,
  "final_loss": 0.0022067136596888304,
  "seed": 1011,
  "exp_name": "temp_very_high_seed1011",
  "hidden_dim": 128,
  "num_layers": 4,
  "conditioning": "concat"
}