{
  "loss": [
    13.443485260009766,
    0.007710073608905077,
    0.0009463232127018273,
    0.002751121064648032,
    0.0006451440276578069,
    0.0005086971214041114,
    0.002315003890544176,
    0.0022067136596888304
  ],
  "log_Z": [
    -0.0009999998146668077,
    -0.024444185197353363,
    -0.029081160202622414,
    -0.03108357824385166,
    -0.034437138587236404,
    -0.03685343265533447,
    -0.03965258225798607,
    -0.04319870471954346
  ],
  "iteration": [
    1,
    501,
    1001,
    1501,
    2001,
    2501,
    3001,
    3501
  ]
}