{
  "hypervolume": 1.1692031143482569,
  "r2_indicator": -0.26760264067453415,
  "avg_pairwise_distance": 0.00396237836643604,
  "spacing": 0.043356020003557205,
  "spread": 1.4927693032700327,
  "tds": 0.4018181818181818,
  "mpd": 4.454347296253507,
  "mce": 0.0,
  "num_modes": 1,
  "pmd": 0.0,
  "pfs": 0.0,
  "pas": 0.00396237836643604,
  "rbd": 0.40181818181818735,
  "fci": 0.40214843749999996,
  "qds": 0.4844153394305966,
  "der": 0.0872734931333746,
  "num_parameters": 68103,
  "training_time": 2399.992266,
  "final_loss": 0.008476011455059052,
  "seed": 789,
  "exp_name": "temp_low_seed789",
  "hidden_dim": 128,
  "num_layers": 4,
  "conditioning": "concat"
}