{
  "loss": [
    13.522311210632324,
    0.05523548275232315,
    0.012488903477787971,
    0.01061207428574562,
    0.004352886229753494,
    0.02802722528576851,
    0.0033350042067468166,
    0.008476011455059052
  ],
  "log_Z": [
    -0.0009999999310821295,
    -0.023294154554605484,
    -0.028128964826464653,
    -0.0335196927189827,
    -0.038526661694049835,
    -0.04414180666208267,
    -0.050334732979536057,
    -0.0543699748814106
  ],
  "iteration": [
    1,
    501,
    1001,
    1501,
    2001,
    2501,
    3001,
    3501
  ]
}