{
  "loss": [
    16.987804412841797
  ],
  "log_Z": [
    -0.0009999999310821295
  ],
  "iteration": [
    1
  ]
}