{
  "hypervolume": 1.2099998768421119,
  "r2_indicator": -0.27222220836837346,
  "avg_pairwise_distance": 0.3573726495710305,
  "spacing": 0.16550607979297638,
  "spread": 1.6936702222954876,
  "tds": 0.4331473595820735,
  "mpd": 0.903093709326486,
  "mce": 0.2248580847344942,
  "num_modes": 6,
  "pmd": 0.0,
  "pfs": 4.508954576870315e-09,
  "pas": 0.3573726495710305,
  "rbd": 0.440925721027103,
  "fci": 0.6086398472184329,
  "qds": 0.6148638354913899,
  "der": 625.9205762676329,
  "num_parameters": 519,
  "training_time": 3960.383353,
  "final_loss": 0.5021398067474365,
  "seed": 264,
  "exp_name": "small_veryhigh_seed264",
  "condition_name": "small_veryhigh"
}