{
  "loss": [
    231.80528259277344,
    4.990878105163574,
    1.8145729303359985,
    0.21191979944705963,
    0.5404994487762451,
    0.11604523658752441,
    0.1906091421842575,
    0.5021398067474365
  ],
  "base_loss": [
    235.2228546142578,
    5.563117980957031,
    2.1940078735351562,
    0.19568918645381927,
    0.3010828495025635,
    0.13562309741973877,
    0.37843573093414307,
    0.6800674796104431
  ],
  "reg_term": [
    -3.417572021484375,
    -0.572239875793457,
    -0.3794349431991577,
    0.016230612993240356,
    0.23941659927368164,
    -0.019577860832214355,
    -0.18782658874988556,
    -0.1779276728630066
  ],
  "log_Z": [
    -0.0009999999310821295,
    -0.16208650171756744,
    -0.17790953814983368,
    -0.18150867521762848,
    -0.1828281581401825,
    -0.18294261395931244,
    -0.1826220005750656,
    -0.18004299700260162
  ],
  "iteration": [
    1,
    501,
    1001,
    1501,
    2001,
    2501,
    3001,
    3501
  ]
}