{
  "hypervolume": 1.1862219324413517,
  "r2_indicator": -0.2695612157188506,
  "avg_pairwise_distance": 0.08734943843116645,
  "spacing": 0.08608225733041763,
  "spread": 1.7749942390081932,
  "tds": 0.3964998853968639,
  "mpd": 1.166170884799728,
  "mce": 0.2251457315645109,
  "num_modes": 2,
  "pmd": 0.0,
  "pfs": 1.1762074143753466e-13,
  "pas": 0.08517441755758182,
  "rbd": 0.3967612723976385,
  "fci": 0.43922173398681763,
  "qds": 0.5112169556283152,
  "der": 1.1331676134581232,
  "num_parameters": 69127,
  "training_time": 4014.401024,
  "final_loss": 0.0029788429383188486,
  "seed": 42,
  "exp_name": "large_film_seed42",
  "capacity": "large",
  "hidden_dim": 128,
  "num_layers": 4,
  "conditioning": "film",
  "alpha": 1.5,
  "preference_sampling": "dirichlet",
  "loss": "trajectory_balance"
}