{
  "loss": [
    13.968656539916992,
    0.013609150424599648,
    0.013188064098358154,
    0.004990219138562679,
    0.010988514870405197,
    0.003478036727756262,
    0.003169707953929901,
    0.0029788429383188486
  ],
  "log_Z": [
    -0.0010000000474974513,
    -0.021245306357741356,
    -0.023871401324868202,
    -0.027295248582959175,
    -0.030199624598026276,
    -0.03271503746509552,
    -0.03470267355442047,
    -0.03657546639442444
  ],
  "iteration": [
    1,
    501,
    1001,
    1501,
    2001,
    2501,
    3001,
    3501
  ]
}