{
  "hypervolume": 1.4641000000000006,
  "r2_indicator": -0.07590025447924478,
  "avg_pairwise_distance": 0.2711798012987174,
  "spacing": 1.2405608096344167e-08,
  "spread": 0.4136715862489972,
  "tds": 0.6707828282828283,
  "mpd": 0.6931471805599453,
  "mce": 0.5389683705507216,
  "num_modes": 104,
  "pmd": 0.0,
  "pfs": 0.0,
  "pas": 0.2711798012987174,
  "rbd": 0.6707828282828283,
  "fci": 0.3805308641975309,
  "qds": 0.5616317730224357,
  "der": 2.7709149656474428,
  "num_parameters": 70923,
  "training_time": 4967.633452,
  "final_loss": 0.7009707093238831,
  "seed": 375,
  "exp_name": "low_subtb_seed375",
  "condition_name": "low_subtb"
}