{
  "loss": [
    47.6406135559082,
    2.3360836505889893,
    2.542545795440674,
    2.061697006225586,
    2.2372989654541016,
    1.9649895429611206,
    2.333876609802246,
    0.4069842994213104,
    0.8265998959541321,
    4.500359058380127,
    0.9378798604011536,
    0.3773189187049866,
    0.7587351202964783,
    0.2997937500476837,
    0.47819483280181885,
    0.7009707093238831
  ],
  "base_loss": [
    68.13150024414062,
    2.5901598930358887,
    0.5770910382270813,
    2.1529273986816406,
    0.7671809792518616,
    1.6750825643539429,
    1.0179682970046997,
    0.8292463421821594,
    0.5219462513923645,
    2.3444693088531494,
    1.7963182926177979,
    0.35553520917892456,
    0.6457238793373108,
    0.2918241322040558,
    0.5395946502685547,
    0.6867684125900269
  ],
  "reg_term": [
    -20.490886688232422,
    -0.2540762424468994,
    1.9654547572135925,
    -0.09123039245605469,
    1.47011798620224,
    0.28990697860717773,
    1.3159083127975464,
    -0.422262042760849,
    0.3046536445617676,
    2.1558897495269775,
    -0.8584384322166443,
    0.02178370952606201,
    0.11301124095916748,
    0.00796961784362793,
    -0.06139981746673584,
    0.014202296733856201
  ],
  "log_Z": [
    -0.0010000000474974513,
    -0.021756073459982872,
    -0.011263750493526459,
    -0.0059707025066018105,
    -0.012221652083098888,
    -0.018777240067720413,
    -0.024945946410298347,
    -0.022687295451760292,
    -0.02359726093709469,
    -0.0185402724891901,
    -0.015653101727366447,
    -0.012481686659157276,
    -0.0066487155854702,
    -0.00609951838850975,
    -0.0049382285214960575,
    -0.006937543861567974
  ],
  "iteration": [
    1,
    501,
    1001,
    1501,
    2001,
    2501,
    3001,
    3501,
    4001,
    4501,
    5001,
    5501,
    6001,
    6501,
    7001,
    7501
  ]
}