{
  "hypervolume": 0.8312171830602615,
  "r2_indicator": -0.2231426653577523,
  "avg_pairwise_distance": 0.3659600129818703,
  "spacing": 0.09796241670846939,
  "spread": 1.146931933346026,
  "tds": 0.8981569544765186,
  "mpd": 0.6931471805599454,
  "mce": 0.29698979568139816,
  "num_modes": 167,
  "pmd": 0.0,
  "pfs": 0.026231776809890216,
  "pas": 0.3659600129818703,
  "rbd": 0.892878547378547,
  "fci": 0.26777631243086875,
  "qds": 0.16307854855572615,
  "der": 141.8720751505866,
  "num_parameters": 3617,
  "training_time": 2567.38326,
  "final_loss": 0.1655474454164505,
  "seed": 42,
  "exp_name": "small_subtb_seed42",
  "condition_name": "small_subtb",
  "capacity_level": "small",
  "loss_level": "subtb",
  "pfs_metadata": {
    "recalculated": true,
    "recalculation_date": "2025-12-01T23:53:14.510912",
    "old_value": 0.002694186234325712,
    "method": "extended_pfs_with_manifold_projection"
  }
}