{
  "loss": [
    14.953524589538574,
    0.23419272899627686,
    0.13983361423015594,
    0.141364187002182,
    0.17439568042755127,
    0.20465511083602905,
    0.2007901668548584,
    0.08860775828361511,
    0.11298246681690216,
    0.09390909969806671,
    0.05945870280265808,
    0.10141415148973465,
    0.13969893753528595,
    0.14086835086345673,
    0.08672281354665756,
    0.1655474454164505
  ],
  "base_loss": [
    17.892518997192383,
    0.22086326777935028,
    0.1575499176979065,
    0.14956551790237427,
    0.10896196961402893,
    0.22307485342025757,
    0.13914476335048676,
    0.07121925055980682,
    0.06757263094186783,
    0.07304766774177551,
    0.08152221143245697,
    0.08305451273918152,
    0.09110155701637268,
    0.11316923797130585,
    0.13910841941833496,
    0.05557658523321152
  ],
  "reg_term": [
    -2.9389944076538086,
    0.013329461216926575,
    -0.01771630346775055,
    -0.00820133090019226,
    0.06543371081352234,
    -0.018419742584228516,
    0.06164540350437164,
    0.01738850772380829,
    0.04540983587503433,
    0.0208614319562912,
    -0.02206350862979889,
    0.01835963875055313,
    0.04859738051891327,
    0.02769911289215088,
    -0.0523856058716774,
    0.10997086018323898
  ],
  "log_Z": [
    -0.0009999998146668077,
    -0.13426902890205383,
    -0.16327224671840668,
    -0.1799471229314804,
    -0.17745395004749298,
    -0.17116543650627136,
    -0.1575523465871811,
    -0.15320539474487305,
    -0.1379574090242386,
    -0.1309787929058075,
    -0.12327631562948227,
    -0.12113188952207565,
    -0.11953771114349365,
    -0.11730148643255234,
    -0.10983558744192123,
    -0.10980431735515594
  ],
  "iteration": [
    1,
    501,
    1001,
    1501,
    2001,
    2501,
    3001,
    3501,
    4001,
    4501,
    5001,
    5501,
    6001,
    6501,
    7001,
    7501
  ]
}