{
  "hypervolume": 1.1940826464724945,
  "r2_indicator": -0.2704561490660364,
  "avg_pairwise_distance": 0.49786396142908873,
  "spacing": 0.18003153800964355,
  "spread": 1.457928396951595,
  "tds": 0.5995848012078511,
  "mpd": 0.9921815341802815,
  "mce": 0.4593927732210331,
  "num_modes": 4,
  "pmd": 0.0,
  "pfs": 0.002415114962739746,
  "pas": 0.49786396142908873,
  "rbd": 0.5936249311855436,
  "fci": 0.45470401149071504,
  "qds": 0.6431613206225841,
  "der": 10.492636103007582,
  "num_parameters": 68103,
  "training_time": 2508.200999,
  "final_loss": -0.061537936329841614,
  "seed": 375,
  "exp_name": "reward_shaping_diversity_seed375",
  "capacity": "medium",
  "hidden_dim": 128,
  "num_layers": 4
}