{
  "loss": [
    10.891144752502441,
    -0.06792880594730377,
    -0.07287979871034622,
    -0.05944707244634628,
    -0.06771208345890045,
    -0.06248192489147186,
    -0.06073572114109993,
    -0.061537936329841614
  ],
  "base_loss": [
    11.043536186218262,
    0.005723156500607729,
    0.0007468769326806068,
    0.0037776383105665445,
    0.001876347349025309,
    0.001916647655889392,
    0.0026055178605020046,
    0.0012916862033307552
  ],
  "reg_term": [
    -0.1523914337158203,
    -0.0736519624479115,
    -0.07362667564302683,
    -0.06322471075691283,
    -0.06958843080792576,
    -0.06439857254736125,
    -0.06334123900160193,
    -0.06282962253317237
  ],
  "log_Z": [
    -0.0009999999310821295,
    -0.026050738990306854,
    -0.02586744725704193,
    -0.025965934619307518,
    -0.025611452758312225,
    -0.02557772397994995,
    -0.027347778901457787,
    -0.03179972246289253
  ],
  "iteration": [
    1,
    501,
    1001,
    1501,
    2001,
    2501,
    3001,
    3501
  ]
}