{
  "hypervolume": 1.1778839942993944,
  "r2_indicator": -0.26859282999952333,
  "avg_pairwise_distance": 0.0894860833765869,
  "spacing": 0.07518237084150314,
  "spread": 1.7837948699727986,
  "tds": 0.3950406098891478,
  "mpd": 1.9693609793896438,
  "mce": 0.09192947934740295,
  "num_modes": 2,
  "pmd": 0.0,
  "pfs": 0.056012676548181164,
  "pas": 0.09364415030561975,
  "rbd": 0.3950505050505121,
  "fci": 0.4257244946304486,
  "qds": 0.5119036993237219,
  "der": 1.4523122250219274,
  "num_parameters": 68103,
  "training_time": 3257.10504,
  "final_loss": 0.005069104954600334,
  "seed": 789,
  "exp_name": "large_concat_seed789",
  "capacity": "large",
  "hidden_dim": 128,
  "num_layers": 4,
  "conditioning": "concat",
  "alpha": 1.5,
  "preference_sampling": "dirichlet",
  "loss": "trajectory_balance",
  "pfs_metadata": {
    "recalculated": true,
    "recalculation_date": "2025-12-01T16:10:46.710797",
    "old_value": 7.289310558570595e-13,
    "method": "extended_pfs_with_manifold_projection"
  }
}