{
  "hypervolume": 1.2099997955746564,
  "r2_indicator": -0.2722221992267175,
  "avg_pairwise_distance": 0.0019981998193848234,
  "spacing": 0.03160694241523743,
  "spread": 1.4998923876270123,
  "tds": 0.053237133237133236,
  "mpd": 1.0986122886681098,
  "mce": 0.007311303848425915,
  "num_modes": 2,
  "pmd": 0.0,
  "pfs": 0.0,
  "pas": 0.0019981998193848234,
  "rbd": 0.053237133237134235,
  "fci": 0.6471839887640449,
  "qds": 0.5006421612732869,
  "der": 4.985342287607521,
  "num_parameters": 519,
  "training_time": 2780.219445,
  "final_loss": 0.07197815924882889,
  "seed": 153,
  "exp_name": "small_subtb_seed153",
  "condition_name": "small_subtb"
}