{
  "loss": [
    221.73170471191406,
    6.075874328613281,
    0.3094751834869385,
    0.18316864967346191,
    0.08397278189659119,
    0.13998275995254517,
    0.09368833899497986,
    0.15475861728191376
  ],
  "base_loss": [
    236.07437133789062,
    6.9437031745910645,
    0.32698601484298706,
    0.19496223330497742,
    0.0930107831954956,
    0.042631376534700394,
    0.11532685160636902,
    0.2590622901916504
  ],
  "reg_term": [
    -14.342666625976562,
    -0.8678288459777832,
    -0.017510831356048584,
    -0.011793583631515503,
    -0.009038001298904419,
    0.09735138341784477,
    -0.02163851261138916,
    -0.10430367290973663
  ],
  "log_Z": [
    -0.0009999999310821295,
    -0.14104627072811127,
    -0.1686851680278778,
    -0.17395898699760437,
    -0.17675817012786865,
    -0.17767873406410217,
    -0.17739638686180115,
    -0.1753455400466919
  ],
  "iteration": [
    1,
    501,
    1001,
    1501,
    2001,
    2501,
    3001,
    3501
  ]
}