{
  "loss": [
    233.4945526123047,
    11.201114654541016,
    0.7289007902145386,
    0.12636356055736542,
    0.2215094417333603,
    0.27050989866256714,
    0.23412343859672546,
    0.07197815924882889
  ],
  "base_loss": [
    229.46630859375,
    11.062149047851562,
    0.6616908311843872,
    0.17371569573879242,
    0.2746093273162842,
    0.34849146008491516,
    0.15317507088184357,
    0.13671955466270447
  ],
  "reg_term": [
    4.0282440185546875,
    0.13896560668945312,
    0.06720995903015137,
    -0.047352135181427,
    -0.05309988558292389,
    -0.07798156142234802,
    0.0809483677148819,
    -0.06474139541387558
  ],
  "log_Z": [
    -0.0009999999310821295,
    -0.1428879052400589,
    -0.1736132651567459,
    -0.17749568819999695,
    -0.1793212741613388,
    -0.18083006143569946,
    -0.18261291086673737,
    -0.18337644636631012
  ],
  "iteration": [
    1,
    501,
    1001,
    1501,
    2001,
    2501,
    3001,
    3501
  ]
}