{
  "hypervolume": 1.1724511769579968,
  "r2_indicator": -0.26797693666319056,
  "avg_pairwise_distance": 0.08264818040920996,
  "spacing": 0.149180606007576,
  "spread": 1.8057956097530343,
  "tds": 0.4079278890850052,
  "mpd": 1.6530102587082731,
  "mce": 0.0706034651459708,
  "num_modes": 3,
  "pmd": 0.0,
  "pfs": 3.965116837538739e-13,
  "pas": 0.08264818040920996,
  "rbd": 0.40802693602693957,
  "fci": 0.4444133631713556,
  "qds": 0.509705914070391,
  "der": 7.717187444686635,
  "num_parameters": 68103,
  "training_time": 566.122616,
  "final_loss": 0.0020967177115380764,
  "seed": 1011,
  "exp_name": "batch_32_seed1011",
  "hidden_dim": 128,
  "num_layers": 4,
  "conditioning": "concat"
}