{
  "hypervolume": 1.4636607700000006,
  "r2_indicator": -0.07028279757740775,
  "avg_pairwise_distance": 0.31770945876016965,
  "spacing": 1.0366753677715224e-08,
  "spread": 0.4041071646903446,
  "tds": 0.6388383838383839,
  "mpd": 0.6931471805599453,
  "mce": 0.5909180795110176,
  "num_modes": 144,
  "pmd": 0.0,
  "pfs": 0.0,
  "pas": 0.31770945876016965,
  "rbd": 0.6388383838383839,
  "fci": 0.3795098039215685,
  "qds": 0.5722066951727658,
  "der": 2.4015067242464974,
  "num_parameters": 70923,
  "training_time": 6715.243123,
  "final_loss": 0.09499728679656982,
  "seed": 42,
  "exp_name": "medium_tb_seed42",
  "condition_name": "medium_tb"
}