{
  "hypervolume": 1.4641000000000006,
  "r2_indicator": -0.07028279757740775,
  "avg_pairwise_distance": 0.30045090323673473,
  "spacing": 1.1309185588004311e-08,
  "spread": 0.4063412124454441,
  "tds": 0.6518434343434344,
  "mpd": 0.6931471805599453,
  "mce": 0.5802228980399806,
  "num_modes": 99,
  "pmd": 0.0,
  "pfs": 0.7592469337021829,
  "pas": 0.30045090323673473,
  "rbd": 0.6518434343434344,
  "fci": 0.374149494949495,
  "qds": 0.568284296190167,
  "der": 2.2175637123167897,
  "num_parameters": 70923,
  "training_time": 6877.218309,
  "final_loss": 0.08831965923309326,
  "seed": 42,
  "exp_name": "medium_tb_seed42",
  "condition_name": "medium_tb",
  "pfs_metadata": {
    "recalculated": true,
    "recalculation_date": "2025-12-01T23:58:47.737142",
    "old_value": 0.0,
    "method": "extended_pfs_with_manifold_projection"
  }
}