{
  "hypervolume": 1.179116793553135,
  "r2_indicator": -0.26871737872113033,
  "avg_pairwise_distance": 0.07916025707078782,
  "spacing": 0.0838594138622284,
  "spread": 1.739761114443614,
  "tds": 0.38683532695912504,
  "mpd": 1.1521647955982584,
  "mce": 0.08550553027470958,
  "num_modes": 4,
  "pmd": 0.0,
  "pfs": 7.855035395363443e-11,
  "pas": 0.07892661877267701,
  "rbd": 0.3869536322263661,
  "fci": 0.44446480751804684,
  "qds": 0.49849278804190456,
  "der": 0.1458669395777005,
  "num_parameters": 269319,
  "training_time": 7254.138319,
  "final_loss": 0.00883274246007204,
  "seed": 42,
  "exp_name": "xlarge_film_seed42",
  "capacity": "xlarge",
  "hidden_dim": 256,
  "num_layers": 4,
  "conditioning": "film",
  "alpha": 1.5,
  "preference_sampling": "dirichlet",
  "loss": "trajectory_balance"
}