{
  "loss": [
    14.6016263961792,
    0.01324651949107647,
    0.009416143409907818,
    0.004453654401004314,
    0.007931957021355629,
    0.007420861162245274,
    0.0041145579889416695,
    0.00883274246007204
  ],
  "log_Z": [
    -0.0009999999310821295,
    -0.023108720779418945,
    -0.025178907439112663,
    -0.027213608846068382,
    -0.029177863150835037,
    -0.030832992866635323,
    -0.03226630389690399,
    -0.033867061138153076
  ],
  "iteration": [
    1,
    501,
    1001,
    1501,
    2001,
    2501,
    3001,
    3501
  ]
}