{
  "hypervolume": 1.1941044513107946,
  "r2_indicator": -0.2704561490660364,
  "avg_pairwise_distance": 0.3156627148682512,
  "spacing": 0.11525646597146988,
  "spread": 1.409245670997626,
  "tds": 0.6106814666545355,
  "mpd": 1.0059090127097026,
  "mce": 0.564320253622435,
  "num_modes": 47,
  "pmd": 0.0,
  "pfs": 0.051997628328555374,
  "pas": 0.3156627148682512,
  "rbd": 0.5978159029522679,
  "fci": 0.4651437785541521,
  "qds": 0.5845996219935795,
  "der": 8.575336561672831,
  "num_parameters": 68103,
  "training_time": 1945.845573,
  "final_loss": -2.427426338195801,
  "seed": 153,
  "exp_name": "entropy_05_seed153",
  "capacity": "medium",
  "hidden_dim": 128,
  "num_layers": 4,
  "pfs_metadata": {
    "recalculated": true,
    "recalculation_date": "2025-12-01T16:14:28.481523",
    "old_value": 0.00228509799391555,
    "method": "extended_pfs_with_manifold_projection"
  }
}