{
  "loss": [
    9.822985649108887,
    -2.8258352279663086,
    -2.903412103652954,
    -2.6515145301818848,
    -2.5756137371063232,
    -2.6070876121520996,
    -2.4666292667388916,
    -2.427426338195801
  ],
  "base_loss": [
    11.887933731079102,
    0.08294226229190826,
    0.08540242910385132,
    0.11291000992059708,
    0.1017424464225769,
    0.09420852363109589,
    0.12023762613534927,
    0.07673340290784836
  ],
  "reg_term": [
    -2.064948081970215,
    -2.908777490258217,
    -2.9888145327568054,
    -2.764424540102482,
    -2.6773561835289,
    -2.7012961357831955,
    -2.586866892874241,
    -2.504159741103649
  ],
  "log_Z": [
    -0.0009999999310821295,
    -0.06451848149299622,
    -0.14440283179283142,
    -0.25662288069725037,
    -0.3998245894908905,
    -0.5786964297294617,
    -0.7913956642150879,
    -1.0441300868988037
  ],
  "iteration": [
    1,
    501,
    1001,
    1501,
    2001,
    2501,
    3001,
    3501
  ]
}