{
  "hypervolume": 1.4641000000000006,
  "r2_indicator": -0.0646003730159356,
  "avg_pairwise_distance": 0.3731935792707008,
  "spacing": 7.512904964812606e-09,
  "spread": 0.40556974160766784,
  "tds": 0.5385606060606061,
  "mpd": 0.6931471805599453,
  "mce": 0.625426120462427,
  "num_modes": 164,
  "pmd": 0.0,
  "pfs": 0.0,
  "pas": 0.3731935792707008,
  "rbd": 0.5385606060606061,
  "fci": 0.4281890479436492,
  "qds": 0.5848167225615228,
  "der": 209.41166498276544,
  "num_parameters": 2443,
  "training_time": 2626.106455,
  "final_loss": 0.27188557386398315,
  "seed": 486,
  "exp_name": "small_tb_seed486",
  "condition_name": "small_tb"
}