{
  "hypervolume": 1.4641000000000006,
  "r2_indicator": -0.0646003730159356,
  "avg_pairwise_distance": 0.35190224541917225,
  "spacing": 8.902119041920287e-09,
  "spread": 0.4030713244746134,
  "tds": 0.5796717171717172,
  "mpd": 0.6931471805599453,
  "mce": 0.618417380919023,
  "num_modes": 159,
  "pmd": 0.0,
  "pfs": 0.0,
  "pas": 0.35190224541917225,
  "rbd": 0.5796717171717172,
  "fci": 0.4087714720591433,
  "qds": 0.5799777830498118,
  "der": 136.67135107586847,
  "num_parameters": 2443,
  "training_time": 3794.229393,
  "final_loss": 3.606583595275879,
  "seed": 486,
  "exp_name": "small_tb_seed486",
  "condition_name": "small_tb"
}