{
  "loss": [
    215.89491271972656,
    6.351337909698486,
    5.029104232788086,
    5.451739311218262,
    8.842710494995117,
    3.1418960094451904,
    2.554804563522339,
    0.4228791892528534,
    2.6187450885772705,
    4.641833782196045,
    3.6955246925354004,
    2.311367988586426,
    1.4831211566925049,
    1.5351698398590088,
    2.4834377765655518,
    3.606583595275879
  ],
  "base_loss": [
    215.89491271972656,
    6.351337909698486,
    5.029104232788086,
    5.451739311218262,
    8.842710494995117,
    3.1418960094451904,
    2.554804563522339,
    0.4228791892528534,
    2.6187450885772705,
    4.641833782196045,
    3.6955246925354004,
    2.311367988586426,
    1.4831211566925049,
    1.5351698398590088,
    2.4834377765655518,
    3.606583595275879
  ],
  "reg_term": [
    0.0,
    0.0,
    0.0,
    0.0,
    0.0,
    0.0,
    0.0,
    0.0,
    0.0,
    0.0,
    0.0,
    0.0,
    0.0,
    0.0,
    0.0,
    0.0
  ],
  "log_Z": [
    -0.0009999999310821295,
    -0.00843074731528759,
    -0.005557135213166475,
    -0.009908397682011127,
    -0.017120476812124252,
    -0.026340045034885406,
    -0.03249804303050041,
    -0.03872106969356537,
    -0.0478958934545517,
    -0.05423295125365257,
    -0.06256968528032303,
    -0.07015999406576157,
    -0.07881274819374084,
    -0.08615845441818237,
    -0.09571582823991776,
    -0.10284468531608582
  ],
  "iteration": [
    1,
    501,
    1001,
    1501,
    2001,
    2501,
    3001,
    3501,
    4001,
    4501,
    5001,
    5501,
    6001,
    6501,
    7001,
    7501
  ]
}