{
  "loss": [
    255.04273986816406,
    4.362473011016846,
    1.7564105987548828,
    3.924927234649658,
    2.6804094314575195,
    0.41596317291259766,
    0.29605498909950256,
    0.23562808334827423,
    0.3639518618583679,
    1.7092688083648682,
    3.0114994049072266,
    0.6878478527069092,
    0.3834274411201477,
    0.21067681908607483,
    0.1473575085401535,
    0.27188557386398315
  ],
  "base_loss": [
    255.04273986816406,
    4.362473011016846,
    1.7564105987548828,
    3.924927234649658,
    2.6804094314575195,
    0.41596317291259766,
    0.29605498909950256,
    0.23562808334827423,
    0.3639518618583679,
    1.7092688083648682,
    3.0114994049072266,
    0.6878478527069092,
    0.3834274411201477,
    0.21067681908607483,
    0.1473575085401535,
    0.27188557386398315
  ],
  "reg_term": [
    0.0,
    0.0,
    0.0,
    0.0,
    0.0,
    0.0,
    0.0,
    0.0,
    0.0,
    0.0,
    0.0,
    0.0,
    0.0,
    0.0,
    0.0,
    0.0
  ],
  "log_Z": [
    -0.0009999999310821295,
    -0.01980796828866005,
    -0.020705321803689003,
    -0.021780937910079956,
    -0.02403716742992401,
    -0.025152921676635742,
    -0.026759207248687744,
    -0.030956344678997993,
    -0.03294827416539192,
    -0.03714437037706375,
    -0.04249085485935211,
    -0.04616040736436844,
    -0.049054425209760666,
    -0.055177975445985794,
    -0.057709950953722,
    -0.062354329973459244
  ],
  "iteration": [
    1,
    501,
    1001,
    1501,
    2001,
    2501,
    3001,
    3501,
    4001,
    4501,
    5001,
    5501,
    6001,
    6501,
    7001,
    7501
  ]
}