{
  "hypervolume": 1.1692031143482569,
  "r2_indicator": -0.2688443101773961,
  "avg_pairwise_distance": 0.07271067129981172,
  "spacing": 0.07622875273227692,
  "spread": 1.6531493342331909,
  "tds": 0.3687138047138047,
  "mpd": 2.623512036080243,
  "mce": 0.0993406598552545,
  "num_modes": 4,
  "pmd": 0.0,
  "pfs": 5.702810127724489e-12,
  "pas": 0.07042118126770183,
  "rbd": 0.36871380471380855,
  "fci": 0.4690420086129845,
  "qds": 0.5065118776706826,
  "der": 12.25168150103535,
  "num_parameters": 9863,
  "training_time": 2166.186893,
  "final_loss": 0.00909548718482256,
  "seed": 42,
  "exp_name": "medium_film_seed42",
  "capacity": "medium",
  "hidden_dim": 64,
  "num_layers": 3,
  "conditioning": "film",
  "alpha": 1.5,
  "preference_sampling": "dirichlet",
  "loss": "trajectory_balance"
}