{
  "loss": [
    14.427350044250488,
    0.04029066115617752,
    0.010261377319693565,
    0.011383112519979477,
    0.012946059927344322,
    0.01253039576113224,
    0.00949852168560028,
    0.00909548718482256
  ],
  "log_Z": [
    -0.0009999999310821295,
    -0.03915857523679733,
    -0.04283295199275017,
    -0.046169716864824295,
    -0.04893031716346741,
    -0.05120087414979935,
    -0.05395743250846863,
    -0.05668461322784424
  ],
  "iteration": [
    1,
    501,
    1001,
    1501,
    2001,
    2501,
    3001,
    3501
  ]
}