{
  "hypervolume": 1.1909610166891182,
  "r2_indicator": -0.2700896814515758,
  "avg_pairwise_distance": 0.23291899028848284,
  "spacing": 0.09665829688310623,
  "spread": 1.3332194122273646,
  "tds": 0.42001994447888313,
  "mpd": 1.4522450183943842,
  "mce": 0.581257021605013,
  "num_modes": 48,
  "pmd": 0.0,
  "pfs": 0.0949407576075851,
  "pas": 0.23291899028848284,
  "rbd": 0.42016931216931813,
  "fci": 0.4020032051282052,
  "qds": 0.5580047816522221,
  "der": 12.280271142928278,
  "num_parameters": 68103,
  "training_time": 1002.612697,
  "final_loss": 0.0007868689717724919,
  "seed": 789,
  "exp_name": "off_policy_50_seed789",
  "hidden_dim": 128,
  "num_layers": 4,
  "conditioning": "concat",
  "pfs_metadata": {
    "recalculated": true,
    "recalculation_date": "2025-12-01T16:18:32.055705",
    "old_value": 0.001297092987214061,
    "method": "extended_pfs_with_manifold_projection"
  }
}