{
  "loss": [
    13.307467460632324,
    0.006120838690549135,
    0.0011349072447046638,
    0.0037501028273254633,
    0.0028018434531986713,
    0.00030356485513038933,
    0.004490887280553579,
    0.0007868689717724919
  ],
  "log_Z": [
    -0.0009999999310821295,
    -0.02476109005510807,
    -0.027924800291657448,
    -0.03114934079349041,
    -0.03387610986828804,
    -0.03738664463162422,
    -0.03936649486422539,
    -0.04138627275824547
  ],
  "iteration": [
    1,
    501,
    1001,
    1501,
    2001,
    2501,
    3001,
    3501
  ]
}