{
  "hypervolume": 1.185897469746522,
  "r2_indicator": -0.2695021060775928,
  "avg_pairwise_distance": 0.10852619874227525,
  "spacing": 0.08938471227884293,
  "spread": 1.7670493455261405,
  "tds": 0.41252545412862596,
  "mpd": 1.3275909288549987,
  "mce": 0.15583161275137658,
  "num_modes": 3,
  "pmd": 0.0,
  "pfs": 3.8468137014858675e-14,
  "pas": 0.10852619874227525,
  "rbd": 0.4127239057239137,
  "fci": 0.43709316413068033,
  "qds": 0.5180234241826548,
  "der": 1.2113723165331942,
  "num_parameters": 68103,
  "training_time": 4735.798378,
  "final_loss": 0.0032632309012115,
  "seed": 789,
  "exp_name": "batch_256_seed789",
  "hidden_dim": 128,
  "num_layers": 4,
  "conditioning": "concat"
}