{
  "hypervolume": 0.030542279612296698,
  "r2_indicator": -0.10785716689679964,
  "avg_pairwise_distance": 0.590557782907942,
  "spacing": 0.09803079813718796,
  "spread": 1.1036768058916835,
  "tds": 0.8979032767885365,
  "mpd": 0.6931471805599453,
  "mce": 0.17995138032708585,
  "num_modes": 37,
  "pmd": 0.0,
  "pfs": 0.07595318367767818,
  "pas": 0.590557782907942,
  "rbd": 0.8887604617604622,
  "fci": 0.3003155296319151,
  "qds": 0.6549812249699677,
  "der": 6.538991890540295,
  "num_parameters": 73505,
  "training_time": 4423.206524,
  "final_loss": 0.050485994666814804,
  "seed": 486,
  "exp_name": "low_tb_seed486",
  "condition_name": "low_tb"
}