{
  "loss": [
    1.9964380264282227,
    0.1076689064502716,
    0.02930799312889576,
    0.0819968432188034,
    0.0652061402797699,
    0.06602653861045837,
    0.044827286154031754,
    0.050133686512708664,
    0.10789639502763748,
    0.03028608113527298,
    0.055096425116062164,
    0.05078859254717827,
    0.0429515466094017,
    0.03874814510345459,
    0.04978831857442856,
    0.050485994666814804
  ],
  "base_loss": [
    1.9964380264282227,
    0.1076689064502716,
    0.02930799312889576,
    0.0819968432188034,
    0.0652061402797699,
    0.06602653861045837,
    0.044827286154031754,
    0.050133686512708664,
    0.10789639502763748,
    0.03028608113527298,
    0.055096425116062164,
    0.05078859254717827,
    0.0429515466094017,
    0.03874814510345459,
    0.04978831857442856,
    0.050485994666814804
  ],
  "reg_term": [
    0.0,
    0.0,
    0.0,
    0.0,
    0.0,
    0.0,
    0.0,
    0.0,
    0.0,
    0.0,
    0.0,
    0.0,
    0.0,
    0.0,
    0.0,
    0.0
  ],
  "log_Z": [
    -0.0009999999310821295,
    -0.05857941135764122,
    -0.08358511328697205,
    -0.10909566283226013,
    -0.1344016194343567,
    -0.15973572432994843,
    -0.18982286751270294,
    -0.21642933785915375,
    -0.24253790080547333,
    -0.2672969400882721,
    -0.29199597239494324,
    -0.3108386993408203,
    -0.3288106322288513,
    -0.34114179015159607,
    -0.35014110803604126,
    -0.3545756936073303
  ],
  "iteration": [
    1,
    501,
    1001,
    1501,
    2001,
    2501,
    3001,
    3501,
    4001,
    4501,
    5001,
    5501,
    6001,
    6501,
    7001,
    7501
  ]
}