{
  "hypervolume": 1.1692031143482569,
  "r2_indicator": -0.26773308338883395,
  "avg_pairwise_distance": 0.11105770589640752,
  "spacing": 0.1380590796470642,
  "spread": 1.8161880403651414,
  "tds": 0.40823677004222253,
  "mpd": 1.2900366157317742,
  "mce": 0.21674743812858044,
  "num_modes": 2,
  "pmd": 0.0,
  "pfs": 1.4042973941736477e-11,
  "pas": 0.11105770589640752,
  "rbd": 0.4083985088985127,
  "fci": 0.4189078049181676,
  "qds": 0.5188370813987044,
  "der": 0.6106230904231849,
  "num_parameters": 68103,
  "training_time": 9614.168569,
  "final_loss": 0.004641197621822357,
  "seed": 456,
  "exp_name": "batch_512_seed456",
  "hidden_dim": 128,
  "num_layers": 4,
  "conditioning": "concat"
}