{
  "hypervolume": 1.4641000000000006,
  "r2_indicator": -0.07759036533851421,
  "avg_pairwise_distance": 0.3615553194005413,
  "spacing": 8.790421723858799e-09,
  "spread": 0.39799690699156887,
  "tds": 0.5812878787878788,
  "mpd": 0.6931471805599453,
  "mce": 0.6287862071109384,
  "num_modes": 166,
  "pmd": 0.0,
  "pfs": 0.0,
  "pas": 0.3615553194005413,
  "rbd": 0.5812878787878788,
  "fci": 0.38216450216450215,
  "qds": 0.5821716635001231,
  "der": 254.0494842569576,
  "num_parameters": 2443,
  "training_time": 2097.178862,
  "final_loss": 0.1667715162038803,
  "seed": 264,
  "exp_name": "small_subtb_seed264",
  "condition_name": "small_subtb"
}