{
  "hypervolume": 1.4641000000000006,
  "r2_indicator": -0.07759036533851421,
  "avg_pairwise_distance": 0.3042325087936187,
  "spacing": 1.0828746788149601e-08,
  "spread": 0.3996627961053831,
  "tds": 0.6203282828282828,
  "mpd": 0.6931471805599453,
  "mce": 0.5847405808535002,
  "num_modes": 103,
  "pmd": 0.0,
  "pfs": 0.0,
  "pas": 0.3042325087936187,
  "rbd": 0.6203282828282828,
  "fci": 0.3841589075108629,
  "qds": 0.5691437519985497,
  "der": 148.60504205222085,
  "num_parameters": 2443,
  "training_time": 3016.831872,
  "final_loss": 2.9473254680633545,
  "seed": 264,
  "exp_name": "small_subtb_seed264",
  "condition_name": "small_subtb"
}