{
  "loss": [
    56.88658905029297,
    3.6073379516601562,
    1.8923900127410889,
    2.148390293121338,
    2.5866384506225586,
    1.3095585107803345,
    1.3896385431289673,
    0.8819413781166077,
    0.5581325888633728,
    0.9378840923309326,
    0.23496440052986145,
    0.4751555323600769,
    0.20714709162712097,
    1.9884604215621948,
    0.8614776134490967,
    0.1667715162038803
  ],
  "base_loss": [
    68.871337890625,
    4.40399694442749,
    0.6326372623443604,
    3.7006452083587646,
    3.8880538940429688,
    3.0011367797851562,
    1.8384077548980713,
    2.7288296222686768,
    1.3373602628707886,
    0.8946781158447266,
    0.24645444750785828,
    1.732147455215454,
    0.2629770040512085,
    1.9436140060424805,
    1.0917257070541382,
    2.291149139404297
  ],
  "reg_term": [
    -11.984748840332031,
    -0.796658992767334,
    1.2597527503967285,
    -1.5522549152374268,
    -1.3014154434204102,
    -1.6915782690048218,
    -0.448769211769104,
    -1.846888244152069,
    -0.7792276740074158,
    0.043205976486206055,
    -0.011490046977996826,
    -1.2569919228553772,
    -0.055829912424087524,
    0.044846415519714355,
    -0.2302480936050415,
    -2.1243776232004166
  ],
  "log_Z": [
    -0.0009999998146668077,
    -0.02430962398648262,
    0.012279816903173923,
    0.020184768363833427,
    0.01882823556661606,
    0.01904485374689102,
    0.010386389680206776,
    0.01287363562732935,
    0.004803626798093319,
    0.001086025731638074,
    0.0019665290601551533,
    -0.004980737809091806,
    -0.00739883491769433,
    -0.007118770387023687,
    -0.011760867200791836,
    -0.01734774187207222
  ],
  "iteration": [
    1,
    501,
    1001,
    1501,
    2001,
    2501,
    3001,
    3501,
    4001,
    4501,
    5001,
    5501,
    6001,
    6501,
    7001,
    7501
  ]
}