{
  "loss": [
    52.15803909301758,
    7.56380033493042,
    3.897636890411377,
    3.3192200660705566,
    4.844910621643066,
    1.5664212703704834,
    4.5582170486450195,
    3.398037910461426,
    2.9379348754882812,
    1.3448407649993896,
    0.9685748219490051,
    2.4279074668884277,
    4.331484794616699,
    3.635444164276123,
    1.167916178703308,
    2.9473254680633545
  ],
  "base_loss": [
    50.35542678833008,
    9.1897554397583,
    5.384636878967285,
    1.793352484703064,
    5.561202049255371,
    2.810323715209961,
    2.7203972339630127,
    3.576211929321289,
    3.265713930130005,
    1.1532220840454102,
    1.0700212717056274,
    2.503775119781494,
    2.532778263092041,
    3.816012382507324,
    2.494251251220703,
    4.4688401222229
  ],
  "reg_term": [
    1.8026123046875,
    -1.6259551048278809,
    -1.4869999885559082,
    1.5258675813674927,
    -0.7162914276123047,
    -1.2439024448394775,
    1.8378198146820068,
    -0.17817401885986328,
    -0.32777905464172363,
    0.1916186809539795,
    -0.10144644975662231,
    -0.0758676528930664,
    1.7987065315246582,
    -0.18056821823120117,
    -1.326335072517395,
    -1.521514654159546
  ],
  "log_Z": [
    -0.0009999999310821295,
    -0.033955805003643036,
    0.007083436939865351,
    0.032960884273052216,
    0.03872296214103699,
    0.044852156192064285,
    0.03465599939227104,
    0.026574499905109406,
    0.02598872408270836,
    0.022422881796956062,
    0.016092753037810326,
    0.0013641836121678352,
    0.007580101024359465,
    -0.006874090991914272,
    -0.016411909833550453,
    -0.016319233924150467
  ],
  "iteration": [
    1,
    501,
    1001,
    1501,
    2001,
    2501,
    3001,
    3501,
    4001,
    4501,
    5001,
    5501,
    6001,
    6501,
    7001,
    7501
  ]
}