{
  "hypervolume": 0.09724592696875334,
  "r2_indicator": -0.2700896814515758,
  "avg_pairwise_distance": 0.49506062958784625,
  "spacing": 0.17892643809318542,
  "spread": 1.4809010951835884,
  "tds": 0.5593529747920503,
  "mpd": 0.9695311903572156,
  "mce": 0.5225312115329074,
  "num_modes": 47,
  "pmd": 0.0,
  "pfs": 0.0006568414076865999,
  "pas": 0.49506062958784625,
  "rbd": 0.5566134886437929,
  "fci": 0.4444650182315406,
  "qds": 0.6422602956431029,
  "der": 26.000484225230355,
  "num_parameters": 68103,
  "training_time": 1006.498683,
  "final_loss": 0.00029791879933327436,
  "seed": 486,
  "exp_name": "subtrajectory_balance_05_seed486",
  "capacity": "medium",
  "hidden_dim": 128,
  "num_layers": 4,
  "num_unique_solutions": 60
}