{
  "loss": [
    11.15921688079834,
    0.021232061088085175,
    0.00326676107943058,
    0.0006118739838711917,
    0.0002832873724400997,
    0.0012285301927477121,
    0.0017264068592339754,
    0.00029791879933327436
  ],
  "base_loss": [
    11.031925201416016,
    0.00656769098713994,
    0.002914409153163433,
    0.0006043087341822684,
    0.0004769840161316097,
    0.0010245365556329489,
    0.0020484058186411858,
    0.0012386199086904526
  ],
  "reg_term": [
    0.12729167938232422,
    0.014664370100945234,
    0.00035235192626714706,
    7.565249688923359e-06,
    -0.00019369664369150996,
    0.00020399363711476326,
    -0.00032199895940721035,
    -0.0009407011093571782
  ],
  "log_Z": [
    -0.0009999998146668077,
    -0.025203462690114975,
    -0.02217559702694416,
    -0.01987525448203087,
    -0.018803291022777557,
    -0.01799876056611538,
    -0.01743827387690544,
    -0.01676778867840767
  ],
  "iteration": [
    1,
    501,
    1001,
    1501,
    2001,
    2501,
    3001,
    3501
  ]
}