{
  "hypervolume": 1.1941006575887376,
  "r2_indicator": -0.2704561490660364,
  "avg_pairwise_distance": 0.2963950539265727,
  "spacing": 0.1048801988363266,
  "spread": 1.3657685674020488,
  "tds": 0.6318074014409093,
  "mpd": 0.8519201992418389,
  "mce": 0.6047362818450895,
  "num_modes": 53,
  "pmd": 0.0,
  "pfs": 0.0028510606407111897,
  "pas": 0.2963950539265727,
  "rbd": 0.6038961033355,
  "fci": 0.535324384787472,
  "qds": 0.5784067612165503,
  "der": 8.017871804147243,
  "num_parameters": 68103,
  "training_time": 1954.105924,
  "final_loss": -2.7164320945739746,
  "seed": 264,
  "exp_name": "entropy_05_seed264",
  "capacity": "medium",
  "hidden_dim": 128,
  "num_layers": 4
}