{
  "loss": [
    10.031729698181152,
    -2.8206048011779785,
    -2.6575775146484375,
    -2.7024104595184326,
    -2.5890393257141113,
    -2.813526153564453,
    -2.492887258529663,
    -2.7164320945739746
  ],
  "base_loss": [
    11.737150192260742,
    0.059901051223278046,
    0.08301657438278198,
    0.10785846412181854,
    0.11020305752754211,
    0.1354762315750122,
    0.15493735671043396,
    0.18054357171058655
  ],
  "reg_term": [
    -1.7054204940795898,
    -2.8805058524012566,
    -2.7405940890312195,
    -2.810268923640251,
    -2.6992423832416534,
    -2.9490023851394653,
    -2.647824615240097,
    -2.896975666284561
  ],
  "log_Z": [
    -0.0009999999310821295,
    -0.06350794434547424,
    -0.14014483988285065,
    -0.24915429949760437,
    -0.3891395628452301,
    -0.5597201585769653,
    -0.7616896033287048,
    -0.9991244077682495
  ],
  "iteration": [
    1,
    501,
    1001,
    1501,
    2001,
    2501,
    3001,
    3501
  ]
}