{
  "loss": [
    13.215715408325195,
    0.031562238931655884,
    0.03934518247842789,
    0.026443762704730034,
    0.015387230552732944,
    0.003944040276110172,
    0.005128869786858559,
    0.0032632309012115
  ],
  "log_Z": [
    -0.0009999999310821295,
    -0.022102834656834602,
    -0.026465455070137978,
    -0.029965298250317574,
    -0.03530646488070488,
    -0.039760153740644455,
    -0.044284574687480927,
    -0.04833166301250458
  ],
  "iteration": [
    1,
    501,
    1001,
    1501,
    2001,
    2501,
    3001,
    3501
  ]
}