{
  "hypervolume": 1.1692031143482569,
  "r2_indicator": -0.26795762746513946,
  "avg_pairwise_distance": 0.09499969528945215,
  "spacing": 0.08069811761379242,
  "spread": 1.7612281319984429,
  "tds": 0.39804909595537713,
  "mpd": 1.4610376430786076,
  "mce": 0.2033424197080161,
  "num_modes": 2,
  "pmd": 0.0,
  "pfs": 4.169518187210687e-12,
  "pas": 0.09499969528945215,
  "rbd": 0.3981262626262688,
  "fci": 0.44185623293903564,
  "qds": 0.5136758413111846,
  "der": 4.315195856574347,
  "num_parameters": 68103,
  "training_time": 1163.745347,
  "final_loss": 0.004675050266087055,
  "seed": 456,
  "exp_name": "batch_64_seed456",
  "hidden_dim": 128,
  "num_layers": 4,
  "conditioning": "concat"
}