{
  "loss": [
    13.876153945922852,
    0.014165706932544708,
    0.009917211718857288,
    0.0070477877743542194,
    0.010460847988724709,
    0.011325246654450893,
    0.009176477789878845,
    0.004675050266087055
  ],
  "log_Z": [
    -0.0009999999310821295,
    -0.025675039738416672,
    -0.028808243572711945,
    -0.03419267013669014,
    -0.040579263120889664,
    -0.04662396013736725,
    -0.052548374980688095,
    -0.059155240654945374
  ],
  "iteration": [
    1,
    501,
    1001,
    1501,
    2001,
    2501,
    3001,
    3501
  ]
}