{
  "hypervolume": 1.1692031143482569,
  "r2_indicator": -0.26773308338883395,
  "avg_pairwise_distance": 0.10206700444050872,
  "spacing": 0.16808642446994781,
  "spread": 1.7859192418776169,
  "tds": 0.4246564268391269,
  "mpd": 1.690393192201014,
  "mce": 0.14421995542994523,
  "num_modes": 3,
  "pmd": 0.0,
  "pfs": 0.0,
  "pas": 0.10206700444050872,
  "rbd": 0.42470196918682696,
  "fci": 0.44765475811584987,
  "qds": 0.5159473605045727,
  "der": 497.3037300709246,
  "num_parameters": 9863,
  "training_time": 74.912988,
  "final_loss": 12.544815063476562,
  "seed": 456,
  "exp_name": "temp_medium_seed456",
  "hidden_dim": 64,
  "num_layers": 3,
  "conditioning": "film"
}