{
  "loss": [
    13.88742446899414,
    0.039262864738702774,
    0.02635824680328369,
    0.008947601541876793,
    0.005093839019536972,
    0.018074380233883858,
    0.0029293319676071405,
    0.0012686788104474545
  ],
  "log_Z": [
    -0.0009999999310821295,
    -0.024796921759843826,
    -0.029852500185370445,
    -0.03556613624095917,
    -0.04002504050731659,
    -0.045183856040239334,
    -0.05246150493621826,
    -0.05677199363708496
  ],
  "iteration": [
    1,
    501,
    1001,
    1501,
    2001,
    2501,
    3001,
    3501
  ]
}