{
  "loss": [
    13.232688903808594,
    0.010400258004665375,
    0.001870392938144505,
    0.005423284135758877,
    0.013807209208607674,
    0.002512491773813963,
    0.02069220133125782,
    0.0003414995444472879
  ],
  "log_Z": [
    -0.009999998845160007,
    -0.29340630769729614,
    -0.37107497453689575,
    -0.4098273813724518,
    -0.4474222660064697,
    -0.49404633045196533,
    -0.5437033176422119,
    -0.5871564149856567
  ],
  "iteration": [
    1,
    501,
    1001,
    1501,
    2001,
    2501,
    3001,
    3501
  ]
}