{
  "hypervolume": 1.4641000000000006,
  "r2_indicator": -0.06914373351163743,
  "avg_pairwise_distance": 0.3046365637573376,
  "spacing": 8.505417703474905e-09,
  "spread": 0.4364942035747296,
  "tds": 0.5775,
  "mpd": 0.6931471805599453,
  "mce": 0.5380647407551641,
  "num_modes": 119,
  "pmd": 0.0,
  "pfs": 0.792761967160948,
  "pas": 0.3046365637573376,
  "rbd": 0.5775,
  "fci": 0.3812980078044772,
  "qds": 0.5692355826721222,
  "der": 155.17199853092265,
  "num_parameters": 2443,
  "training_time": 2892.995167,
  "final_loss": 1.2090346813201904,
  "seed": 153,
  "exp_name": "small_low_seed153",
  "condition_name": "small_low",
  "pfs_metadata": {
    "recalculated": true,
    "recalculation_date": "2025-12-02T00:01:01.075417",
    "old_value": 0.0,
    "method": "extended_pfs_with_manifold_projection"
  }
}