{
  "loss": [
    105.81315612792969,
    4.456164836883545,
    1.0891696214675903,
    4.911768436431885,
    2.025845766067505,
    0.9984201192855835,
    1.0990201234817505,
    1.6037867069244385,
    2.726989507675171,
    2.490647792816162,
    0.4893924295902252,
    2.1963510513305664,
    0.5883711576461792,
    2.516402244567871,
    1.5533591508865356,
    1.2090346813201904
  ],
  "base_loss": [
    83.8013916015625,
    1.2436461448669434,
    3.0667266845703125,
    3.2608346939086914,
    3.4142353534698486,
    0.6720985174179077,
    2.3835577964782715,
    3.4511799812316895,
    1.9910825490951538,
    2.2792813777923584,
    0.38310903310775757,
    0.29492807388305664,
    0.5734856128692627,
    0.7096837759017944,
    3.282832622528076,
    2.6023623943328857
  ],
  "reg_term": [
    22.011764526367188,
    3.2125186920166016,
    -1.9775570631027222,
    1.6509337425231934,
    -1.3883895874023438,
    0.3263216018676758,
    -1.284537672996521,
    -1.847393274307251,
    0.7359069585800171,
    0.2113664150238037,
    0.10628339648246765,
    1.9014229774475098,
    0.014885544776916504,
    1.8067184686660767,
    -1.7294734716415405,
    -1.3933277130126953
  ],
  "log_Z": [
    -0.0009999999310821295,
    -0.0535217747092247,
    -0.050583671778440475,
    -0.01627313159406185,
    0.0037179982755333185,
    0.019950605928897858,
    0.03151971101760864,
    0.03287547454237938,
    0.0368068665266037,
    0.03678182512521744,
    0.03226017206907272,
    0.030165834352374077,
    0.02069523185491562,
    0.018282009288668633,
    0.01616319827735424,
    0.014945712871849537
  ],
  "iteration": [
    1,
    501,
    1001,
    1501,
    2001,
    2501,
    3001,
    3501,
    4001,
    4501,
    5001,
    5501,
    6001,
    6501,
    7001,
    7501
  ]
}