{
  "hypervolume": 1.2099997955746564,
  "r2_indicator": -0.2722221992267175,
  "avg_pairwise_distance": 0.001998199815566932,
  "spacing": 0.03160695731639862,
  "spread": 1.4998980618915958,
  "tds": 0.34507615840949174,
  "mpd": 4.61512051684126,
  "mce": 0.007907254912232084,
  "num_modes": 2,
  "pmd": 0.0,
  "pfs": 0.0,
  "pas": 0.001998199815566932,
  "rbd": 0.34507615840947026,
  "fci": 0.4448643956456457,
  "qds": 0.5006421612720597,
  "der": 0.21119999255253205,
  "num_parameters": 9351,
  "training_time": 3642.415285,
  "final_loss": 0.06596989929676056,
  "seed": 42,
  "exp_name": "medium_subtb_seed42",
  "condition_name": "medium_subtb"
}