{
  "hypervolume": 0.1099999814460865,
  "r2_indicator": -0.04536363568894863,
  "avg_pairwise_distance": 0.0,
  "spacing": 0.0,
  "spread": 1.0,
  "tds": 0.13722943722943723,
  "mpd": 2.833213344056216,
  "mce": 0.0,
  "num_modes": 1,
  "pmd": 0.0,
  "pfs": 0.0,
  "pas": 0.0,
  "rbd": 0.13722943722943293,
  "fci": 0.5581159420289854,
  "qds": 0.04545453778763904,
  "der": 0.0,
  "num_parameters": 9351,
  "training_time": 3701.267158,
  "final_loss": 0.13212859630584717,
  "seed": 42,
  "exp_name": "medium_subtb_seed42",
  "condition_name": "medium_subtb"
}