{
  "loss": [
    230.3343963623047,
    0.09425711631774902,
    2.957185745239258,
    0.34674525260925293,
    0.7348448038101196,
    0.9428580403327942,
    0.04263904318213463,
    0.06596989929676056
  ],
  "base_loss": [
    228.38412475585938,
    0.11936140805482864,
    1.4447979927062988,
    0.2712629735469818,
    1.7481979131698608,
    0.5374656915664673,
    0.06131977587938309,
    0.028000621125102043
  ],
  "reg_term": [
    1.9502716064453125,
    -0.02510429173707962,
    1.512387752532959,
    0.07548227906227112,
    -1.0133531093597412,
    0.4053923487663269,
    -0.01868073269724846,
    0.037969278171658516
  ],
  "log_Z": [
    -0.0009999999310821295,
    -0.05092821642756462,
    -0.05198610574007034,
    -0.05338945612311363,
    -0.05485948175191879,
    -0.056934647262096405,
    -0.06131008267402649,
    -0.059421926736831665
  ],
  "iteration": [
    1,
    501,
    1001,
    1501,
    2001,
    2501,
    3001,
    3501
  ]
}