{
  "loss": [
    231.62765502929688,
    0.42168158292770386,
    0.1287088692188263,
    1.1795446872711182,
    2.815600633621216,
    0.35412847995758057,
    0.38291990756988525,
    0.13212859630584717
  ],
  "base_loss": [
    232.86868286132812,
    1.281303882598877,
    0.12436214089393616,
    2.4356045722961426,
    0.8635516166687012,
    0.2980293929576874,
    0.3205317258834839,
    0.20618322491645813
  ],
  "reg_term": [
    -1.24102783203125,
    -0.8596222996711731,
    0.004346728324890137,
    -1.2560598850250244,
    1.9520490169525146,
    0.05609908699989319,
    0.06238818168640137,
    -0.07405462861061096
  ],
  "log_Z": [
    -0.0009999999310821295,
    -0.046590425074100494,
    -0.046981945633888245,
    -0.04843469709157944,
    -0.05090140551328659,
    -0.05303896963596344,
    -0.05431145802140236,
    -0.056283194571733475
  ],
  "iteration": [
    1,
    501,
    1001,
    1501,
    2001,
    2501,
    3001,
    3501
  ]
}