{
  "hypervolume": 1.1941006575887376,
  "r2_indicator": -0.2704561490660364,
  "avg_pairwise_distance": 0.45635859989294186,
  "spacing": 0.1595829874277115,
  "spread": 1.4167987640668267,
  "tds": 0.596702265957972,
  "mpd": 0.9787974595029927,
  "mce": 0.562207085130918,
  "num_modes": 48,
  "pmd": 0.0,
  "pfs": 0.1453846851820097,
  "pas": 0.45635859989294186,
  "rbd": 0.5918710167498153,
  "fci": 0.4483523832684826,
  "qds": 0.6298209921690348,
  "der": 9.289817545459705,
  "num_parameters": 68103,
  "training_time": 2596.780923,
  "final_loss": -0.28124019503593445,
  "seed": 264,
  "exp_name": "entropy_005_seed264",
  "capacity": "medium",
  "hidden_dim": 128,
  "num_layers": 4,
  "pfs_metadata": {
    "recalculated": true,
    "recalculation_date": "2025-12-01T16:14:19.906052",
    "old_value": 0.0025097867447579163,
    "method": "extended_pfs_with_manifold_projection"
  }
}