{
  "loss": [
    11.580699920654297,
    -0.3057170808315277,
    -0.27639785408973694,
    -0.30287930369377136,
    -0.2932579815387726,
    -0.30754539370536804,
    -0.309519499540329,
    -0.28124019503593445
  ],
  "base_loss": [
    11.72417163848877,
    0.015568629838526249,
    0.002480149269104004,
    0.0023975339718163013,
    0.00230209669098258,
    0.004009275697171688,
    0.0027325430419296026,
    0.0022580325603485107
  ],
  "reg_term": [
    -0.14347171783447266,
    -0.32128571067005396,
    -0.27887800335884094,
    -0.30527683766558766,
    -0.29556007822975516,
    -0.31155466940253973,
    -0.3122520425822586,
    -0.28349822759628296
  ],
  "log_Z": [
    -0.0009999999310821295,
    -0.027302902191877365,
    -0.027947405353188515,
    -0.03228295221924782,
    -0.04335691034793854,
    -0.05767003819346428,
    -0.07490593194961548,
    -0.09651898592710495
  ],
  "iteration": [
    1,
    501,
    1001,
    1501,
    2001,
    2501,
    3001,
    3501
  ]
}