{
  "hypervolume": 1.4641000000000006,
  "r2_indicator": -0.07759036533851421,
  "avg_pairwise_distance": 0.30645657272275456,
  "spacing": 9.255528787832645e-09,
  "spread": 0.4160868082548432,
  "tds": 0.5941919191919192,
  "mpd": 0.6931471805599453,
  "mce": 0.5548469105079664,
  "num_modes": 111,
  "pmd": 0.0,
  "pfs": 0.8333148558622768,
  "pas": 0.30645657272275456,
  "rbd": 0.5941919191919192,
  "fci": 0.38446932006633494,
  "qds": 0.5696492210733533,
  "der": 155.9871925915581,
  "num_parameters": 2443,
  "training_time": 2895.069755,
  "final_loss": 1.7514541149139404,
  "seed": 264,
  "exp_name": "small_low_seed264",
  "condition_name": "small_low",
  "pfs_metadata": {
    "recalculated": true,
    "recalculation_date": "2025-12-02T00:01:05.226454",
    "old_value": 0.0,
    "method": "extended_pfs_with_manifold_projection"
  }
}