{
  "loss": [
    67.37542724609375,
    2.916019916534424,
    0.5486592650413513,
    2.056823492050171,
    3.279348134994507,
    3.021543502807617,
    2.960937738418579,
    1.541616439819336,
    2.259917736053467,
    0.19156402349472046,
    0.1711438000202179,
    2.0198845863342285,
    1.2161873579025269,
    1.995573878288269,
    0.777411937713623,
    1.7514541149139404
  ],
  "base_loss": [
    57.286109924316406,
    0.6380015015602112,
    0.7394784688949585,
    2.093113660812378,
    2.28898024559021,
    3.0978505611419678,
    1.9179356098175049,
    1.4503228664398193,
    1.8666926622390747,
    0.7932451963424683,
    0.3801717460155487,
    3.383535146713257,
    1.5825037956237793,
    1.7053992748260498,
    0.45737284421920776,
    3.5489296913146973
  ],
  "reg_term": [
    10.089317321777344,
    2.2780184149742126,
    -0.19081920385360718,
    -0.03629016876220703,
    0.9903678894042969,
    -0.07630705833435059,
    1.0430021286010742,
    0.0912935733795166,
    0.3932250738143921,
    -0.6016811728477478,
    -0.2090279459953308,
    -1.3636505603790283,
    -0.36631643772125244,
    0.29017460346221924,
    0.3200390934944153,
    -1.7974755764007568
  ],
  "log_Z": [
    -0.0009999999310821295,
    -0.036608170717954636,
    0.005460972432047129,
    0.019164612516760826,
    0.023361122235655785,
    0.03100946918129921,
    0.0390775166451931,
    0.04164233058691025,
    0.04412892460823059,
    0.03772011771798134,
    0.03529142588376999,
    0.03577569127082825,
    0.03913038223981857,
    0.03527249023318291,
    0.0395977646112442,
    0.03821725770831108
  ],
  "iteration": [
    1,
    501,
    1001,
    1501,
    2001,
    2501,
    3001,
    3501,
    4001,
    4501,
    5001,
    5501,
    6001,
    6501,
    7001,
    7501
  ]
}