{
  "hypervolume": 1.209999999335403,
  "r2_indicator": -0.2722222221474636,
  "avg_pairwise_distance": 0.36158299752790984,
  "spacing": 0.16500429809093475,
  "spread": 1.4979905916510736,
  "tds": 0.3198830774693966,
  "mpd": 0.7871520178584623,
  "mce": 0.22877688452066358,
  "num_modes": 27,
  "pmd": 0.0,
  "pfs": 2.6214177444416525e-07,
  "pas": 0.36158299752790984,
  "rbd": 0.3255751428227133,
  "fci": 0.5550630040679791,
  "qds": 0.6162170925784192,
  "der": 632.306599488653,
  "num_parameters": 519,
  "training_time": 3966.572796,
  "final_loss": 0.043898094445466995,
  "seed": 375,
  "exp_name": "small_veryhigh_seed375",
  "condition_name": "small_veryhigh"
}