{
  "loss": [
    233.75071716308594,
    14.330872535705566,
    0.43623581528663635,
    0.186815083026886,
    1.2253248691558838,
    0.1575523167848587,
    0.08132114261388779,
    0.043898094445466995
  ],
  "base_loss": [
    232.47950744628906,
    12.45011043548584,
    0.39740777015686035,
    0.1814635992050171,
    0.7739902138710022,
    0.19255048036575317,
    0.08086541295051575,
    0.09455465525388718
  ],
  "reg_term": [
    1.271209716796875,
    1.8807621002197266,
    0.038828045129776,
    0.0053514838218688965,
    0.4513346552848816,
    -0.03499816358089447,
    0.0004557296633720398,
    -0.05065656080842018
  ],
  "log_Z": [
    -0.0009999999310821295,
    -0.147622749209404,
    -0.1657438725233078,
    -0.16864855587482452,
    -0.17061635851860046,
    -0.17255061864852905,
    -0.17632845044136047,
    -0.17992869019508362
  ],
  "iteration": [
    1,
    501,
    1001,
    1501,
    2001,
    2501,
    3001,
    3501
  ]
}