{
  "hypervolume": 1.2099999990016486,
  "r2_indicator": -0.27222222210992136,
  "avg_pairwise_distance": 0.28832199879992637,
  "spacing": 0.14827920496463776,
  "spread": 1.4976391900486872,
  "tds": 0.3388168528429295,
  "mpd": 0.897295314881467,
  "mce": 0.14568466024668103,
  "num_modes": 22,
  "pmd": 0.0,
  "pfs": 1.4853074552641742e-06,
  "pas": 0.28832199879992637,
  "rbd": 0.34319833855168247,
  "fci": 0.5847531051384085,
  "qds": 0.5926701157615755,
  "der": 20.55430185899815,
  "num_parameters": 9351,
  "training_time": 5400.319982,
  "final_loss": 0.6818162798881531,
  "seed": 264,
  "exp_name": "medium_veryhigh_seed264",
  "condition_name": "medium_veryhigh"
}