{
  "loss": [
    238.4100799560547,
    0.40176236629486084,
    1.0469361543655396,
    0.5045385956764221,
    0.47093474864959717,
    0.0882260650396347,
    0.46869874000549316,
    0.6818162798881531
  ],
  "base_loss": [
    236.62274169921875,
    1.3865418434143066,
    0.9914243817329407,
    1.2531384229660034,
    1.192779541015625,
    0.14712552726268768,
    0.507615864276886,
    0.26809704303741455
  ],
  "reg_term": [
    1.7873382568359375,
    -0.9847794771194458,
    0.05551177263259888,
    -0.7485998272895813,
    -0.7218447923660278,
    -0.05889946222305298,
    -0.03891712427139282,
    0.4137192368507385
  ],
  "log_Z": [
    -0.0009999999310821295,
    -0.05049995705485344,
    -0.052135128527879715,
    -0.0533512607216835,
    -0.0557715967297554,
    -0.058688919991254807,
    -0.06099073961377144,
    -0.06349241733551025
  ],
  "iteration": [
    1,
    501,
    1001,
    1501,
    2001,
    2501,
    3001,
    3501
  ]
}