{
  "hypervolume": 1.1941044513107946,
  "r2_indicator": -0.2704561490660364,
  "avg_pairwise_distance": 0.2535893139529822,
  "spacing": 0.10907814651727676,
  "spread": 1.353982200066947,
  "tds": 0.6531144284783216,
  "mpd": 0.8073242107728381,
  "mce": 0.5739510275368365,
  "num_modes": 44,
  "pmd": 0.0,
  "pfs": 0.08792670910710391,
  "pas": 0.2535893139529822,
  "rbd": 0.5775273480728027,
  "fci": 0.6380046583850931,
  "qds": 0.5646484753033532,
  "der": 12.53911051531518,
  "num_parameters": 68103,
  "training_time": 1069.056051,
  "final_loss": 0.0014024005504325032,
  "seed": 123,
  "exp_name": "temp_very_high_seed123",
  "hidden_dim": 128,
  "num_layers": 4,
  "conditioning": "concat",
  "pfs_metadata": {
    "recalculated": true,
    "recalculation_date": "2025-12-01T16:22:18.318228",
    "old_value": 0.0025080197742006908,
    "method": "extended_pfs_with_manifold_projection"
  }
}