{
  "hypervolume": 1.1692031143482569,
  "r2_indicator": -0.2704561490660364,
  "avg_pairwise_distance": 0.2535893139529822,
  "spacing": 0.10907814651727676,
  "spread": 1.353982200066947,
  "tds": 0.6531144284783216,
  "mpd": 0.8073242107728381,
  "mce": 0.22285313321778977,
  "num_modes": 4,
  "pmd": 0.0,
  "pfs": 0.0025080197742006908,
  "pas": 0.2535893139529822,
  "rbd": 0.5775273480728027,
  "fci": 0.6380046583850931,
  "qds": 0.5646484753033532,
  "der": 12.52168638367857,
  "num_parameters": 68103,
  "training_time": 1070.54366,
  "final_loss": 0.0014024005504325032,
  "seed": 123,
  "exp_name": "temp_very_high_seed123",
  "hidden_dim": 128,
  "num_layers": 4,
  "conditioning": "concat"
}