{
  "loss": [
    12.529247283935547,
    0.009947712533175945,
    0.008451576344668865,
    0.004296265542507172,
    0.01035704929381609,
    0.00023084069835022092,
    0.0029383653309196234,
    0.0014024005504325032
  ],
  "log_Z": [
    -0.0009999999310821295,
    -0.02384427934885025,
    -0.02816491760313511,
    -0.03259161114692688,
    -0.03748726844787598,
    -0.040160249918699265,
    -0.043261341750621796,
    -0.04774175584316254
  ],
  "iteration": [
    1,
    501,
    1001,
    1501,
    2001,
    2501,
    3001,
    3501
  ]
}