{
  "hypervolume": 1.2099998020466234,
  "r2_indicator": -0.2722221999547395,
  "avg_pairwise_distance": 0.0017985598552269048,
  "spacing": 0.02998649887740612,
  "spread": 1.499899371343366,
  "tds": 0.029328202661535994,
  "mpd": 1.0986122886681098,
  "mce": 0.0072113988936212715,
  "num_modes": 2,
  "pmd": 0.0,
  "pfs": 0.0,
  "pas": 0.0017985598552269048,
  "rbd": 0.029328202661537583,
  "fci": 0.5861469414893619,
  "qds": 0.500577994558536,
  "der": 4.554504052138868,
  "num_parameters": 519,
  "training_time": 2739.169742,
  "final_loss": 0.155689537525177,
  "seed": 153,
  "exp_name": "small_high_seed153",
  "condition_name": "small_high"
}