{
  "loss": [
    228.59280395507812,
    8.858269691467285,
    0.8875666856765747,
    0.10552960634231567,
    0.2598297595977783,
    0.15997718274593353,
    0.08690690994262695,
    0.155689537525177
  ],
  "base_loss": [
    226.9599609375,
    7.864114284515381,
    0.7773363590240479,
    0.11723557859659195,
    0.24171680212020874,
    0.07859727740287781,
    0.2773760259151459,
    0.09963349252939224
  ],
  "reg_term": [
    1.632843017578125,
    0.9941554069519043,
    0.11023032665252686,
    -0.011705972254276276,
    0.01811295747756958,
    0.08137990534305573,
    -0.19046911597251892,
    0.05605604499578476
  ],
  "log_Z": [
    -0.0009999999310821295,
    -0.14416943490505219,
    -0.17228658497333527,
    -0.17671199142932892,
    -0.17813923954963684,
    -0.1790839433670044,
    -0.1805754154920578,
    -0.18153515458106995
  ],
  "iteration": [
    1,
    501,
    1001,
    1501,
    2001,
    2501,
    3001,
    3501
  ]
}