{
  "hypervolume": 1.209999846593526,
  "r2_indicator": -0.2722222049657547,
  "avg_pairwise_distance": 0.21981801344866242,
  "spacing": 0.3286215364933014,
  "spread": 1.4978242122208505,
  "tds": 0.43523471721518003,
  "mpd": 1.1154649239664522,
  "mce": 0.36214551139174617,
  "num_modes": 2,
  "pmd": 0.0,
  "pfs": 9.558560345711212e-10,
  "pas": 0.21981801344866242,
  "rbd": 0.4367636176459457,
  "fci": 0.44179030424548604,
  "qds": 0.5706521009524015,
  "der": 14.77487477249196,
  "num_parameters": 9351,
  "training_time": 5727.748152,
  "final_loss": -0.15886475145816803,
  "seed": 42,
  "exp_name": "medium_veryhigh_seed42",
  "condition_name": "medium_veryhigh"
}