{
  "loss": [
    229.0935516357422,
    -0.03445275127887726,
    0.00970122218132019,
    -0.1387876272201538,
    -0.11768035590648651,
    -0.1415225714445114,
    -0.09770981222391129,
    -0.15886475145816803
  ],
  "base_loss": [
    217.3253936767578,
    0.05903336778283119,
    0.10156062245368958,
    0.09008952230215073,
    0.03828229755163193,
    0.017490152269601822,
    0.02237759716808796,
    0.013577720150351524
  ],
  "reg_term": [
    11.768157958984375,
    -0.09348611906170845,
    -0.09185940027236938,
    -0.22887714952230453,
    -0.15596265345811844,
    -0.15901272371411324,
    -0.12008740939199924,
    -0.17244247160851955
  ],
  "log_Z": [
    -0.0009999999310821295,
    -0.05564647540450096,
    -0.05778402462601662,
    -0.059295058250427246,
    -0.06057294085621834,
    -0.061511535197496414,
    -0.0626293197274208,
    -0.06430542469024658
  ],
  "iteration": [
    1,
    501,
    1001,
    1501,
    2001,
    2501,
    3001,
    3501
  ]
}