{
  "hypervolume": 1.4641000000000006,
  "r2_indicator": -0.06914373351163743,
  "avg_pairwise_distance": 0.3073564808161968,
  "spacing": 1.0888049573054559e-08,
  "spread": 0.39199313555638554,
  "tds": 0.6178787878787879,
  "mpd": 0.6931471805599453,
  "mce": 0.5841895794688816,
  "num_modes": 108,
  "pmd": 0.0,
  "pfs": 0.0,
  "pas": 0.3073564808161968,
  "rbd": 0.6178787878787879,
  "fci": 0.3766768603465851,
  "qds": 0.5698537456400448,
  "der": 109.97993222470446,
  "num_parameters": 2443,
  "training_time": 4118.204995,
  "final_loss": 2.5735888481140137,
  "seed": 153,
  "exp_name": "small_subtb_entropy_seed153",
  "condition_name": "small_subtb_entropy"
}