{
  "hypervolume": 1.4641000000000006,
  "r2_indicator": -0.06914373351163743,
  "avg_pairwise_distance": 0.2919772675874691,
  "spacing": 0.0005917040980421007,
  "spread": 0.44242225373254473,
  "tds": 0.5591919191919192,
  "mpd": 0.6931471805599453,
  "mce": 0.5135476765698419,
  "num_modes": 144,
  "pmd": 0.0,
  "pfs": 0.0,
  "pas": 0.2919772675874691,
  "rbd": 0.5591919191919192,
  "fci": 0.3855077881619937,
  "qds": 0.566358469906243,
  "der": 149.1940285602802,
  "num_parameters": 2443,
  "training_time": 2883.876332,
  "final_loss": 2.4136412143707275,
  "seed": 153,
  "exp_name": "small_subtb_entropy_seed153",
  "condition_name": "small_subtb_entropy"
}