{
  "loss": [
    88.49798583984375,
    5.607824802398682,
    1.3112444877624512,
    4.915442943572998,
    3.076481819152832,
    0.31260713934898376,
    0.9925821423530579,
    3.7830188274383545,
    1.6367981433868408,
    2.170738935470581,
    0.45296114683151245,
    2.5419368743896484,
    0.5104208588600159,
    1.3209712505340576,
    3.6595242023468018,
    2.4136412143707275
  ],
  "base_loss": [
    69.12211608886719,
    7.007006645202637,
    2.108062267303467,
    5.513380527496338,
    3.161618232727051,
    0.860640287399292,
    2.798475503921509,
    2.451287031173706,
    2.2187578678131104,
    1.6668694019317627,
    0.8921029567718506,
    1.9342222213745117,
    0.5087215304374695,
    2.248964309692383,
    3.9348063468933105,
    1.6526107788085938
  ],
  "reg_term": [
    19.375869750976562,
    -1.399181842803955,
    -0.7968177795410156,
    -0.5979375839233398,
    -0.08513641357421875,
    -0.5480331480503082,
    -1.805893361568451,
    1.3317317962646484,
    -0.5819597244262695,
    0.5038695335388184,
    -0.43914180994033813,
    0.6077146530151367,
    0.0016993284225463867,
    -0.9279930591583252,
    -0.2752821445465088,
    0.7610304355621338
  ],
  "log_Z": [
    -0.0009999999310821295,
    -0.05306576192378998,
    -0.03290017694234848,
    -0.021743780001997948,
    0.00428446289151907,
    0.024882499128580093,
    0.03868618980050087,
    0.03977581113576889,
    0.043049655854701996,
    0.04307805374264717,
    0.04317991062998772,
    0.03362143784761429,
    0.03776093199849129,
    0.033545367419719696,
    0.03603534400463104,
    0.03419424220919609
  ],
  "iteration": [
    1,
    501,
    1001,
    1501,
    2001,
    2501,
    3001,
    3501,
    4001,
    4501,
    5001,
    5501,
    6001,
    6501,
    7001,
    7501
  ]
}