{
  "loss": [
    82.81429290771484,
    6.997664928436279,
    6.727595329284668,
    7.513829708099365,
    4.121065616607666,
    3.276338577270508,
    3.388723134994507,
    2.061643600463867,
    3.026315689086914,
    2.2644481658935547,
    1.3653249740600586,
    2.3784751892089844,
    1.2125475406646729,
    2.1708996295928955,
    5.679157733917236,
    2.5735888481140137
  ],
  "base_loss": [
    76.72264099121094,
    8.627449035644531,
    5.235017776489258,
    7.845437049865723,
    5.968545913696289,
    1.958438754081726,
    4.65524959564209,
    2.711118221282959,
    4.205276012420654,
    2.4990696907043457,
    1.736955165863037,
    4.6448469161987305,
    1.1397799253463745,
    5.22844123840332,
    3.817568063735962,
    2.1195287704467773
  ],
  "reg_term": [
    6.091651916503906,
    -1.629784107208252,
    1.4925775527954102,
    -0.3316073417663574,
    -1.847480297088623,
    1.3178998231887817,
    -1.266526460647583,
    -0.6494746208190918,
    -1.1789603233337402,
    -0.23462152481079102,
    -0.3716301918029785,
    -2.266371726989746,
    0.07276761531829834,
    -3.057541608810425,
    1.8615896701812744,
    0.45406007766723633
  ],
  "log_Z": [
    -0.0009999999310821295,
    -0.056580837815999985,
    -0.029514383524656296,
    0.009585613384842873,
    0.05072759464383125,
    0.06001204624772072,
    0.06243809312582016,
    0.06844334304332733,
    0.06103242188692093,
    0.04482598602771759,
    0.0490143783390522,
    0.031969256699085236,
    0.029172593727707863,
    0.022642510011792183,
    0.023309428244829178,
    0.02767335996031761
  ],
  "iteration": [
    1,
    501,
    1001,
    1501,
    2001,
    2501,
    3001,
    3501,
    4001,
    4501,
    5001,
    5501,
    6001,
    6501,
    7001,
    7501
  ]
}