{
  "hypervolume": 1.1871291350313915,
  "r2_indicator": -0.26966219859417867,
  "avg_pairwise_distance": 0.10574215812646294,
  "spacing": 0.17198243737220764,
  "spread": 1.8046824045034364,
  "tds": 0.38467236850966396,
  "mpd": 1.660947433286918,
  "mce": 0.11085835929755256,
  "num_modes": 2,
  "pmd": 0.0,
  "pfs": 0.009830883295944788,
  "pas": 0.10574215812646294,
  "rbd": 0.38470081770082193,
  "fci": 0.4564040771175726,
  "qds": 0.5171285996378641,
  "der": 2.397807580059882,
  "num_parameters": 68103,
  "training_time": 2331.14935,
  "final_loss": 0.00038792076520621777,
  "seed": 1011,
  "exp_name": "pref_dirichlet_high_seed1011",
  "hidden_dim": 128,
  "num_layers": 4,
  "conditioning": "concat",
  "pfs_metadata": {
    "recalculated": true,
    "recalculation_date": "2025-12-01T16:19:08.358120",
    "old_value": 2.416249809441602e-13,
    "method": "extended_pfs_with_manifold_projection"
  }
}