{
  "loss": [
    13.158151626586914,
    0.009775802493095398,
    0.03664281591773033,
    0.006584573537111282,
    0.0070848786272108555,
    0.0016476300079375505,
    0.007511135656386614,
    0.013654571026563644
  ],
  "log_Z": [
    -0.0009999999310821295,
    -0.023047277703881264,
    -0.026815060526132584,
    -0.032659657299518585,
    -0.03888102248311043,
    -0.04386637359857559,
    -0.04852200672030449,
    -0.05189601331949234
  ],
  "iteration": [
    1,
    501,
    1001,
    1501,
    2001,
    2501,
    3001,
    3501
  ]
}