{
  "loss": [
    12.883387565612793,
    0.014829447492957115,
    0.005818498786538839,
    0.005061560310423374,
    0.018256910145282745,
    0.00429992051795125,
    0.013581857085227966,
    0.00038792076520621777
  ],
  "log_Z": [
    -0.0009999999310821295,
    -0.02194095030426979,
    -0.024455541744828224,
    -0.028854966163635254,
    -0.032992493361234665,
    -0.03674296662211418,
    -0.041852958500385284,
    -0.0464249923825264
  ],
  "iteration": [
    1,
    501,
    1001,
    1501,
    2001,
    2501,
    3001,
    3501
  ]
}