{
  "hypervolume": 0.0830859150737524,
  "r2_indicator": -0.2700896814515758,
  "avg_pairwise_distance": 0.05214743441909143,
  "spacing": 0.017243802547454834,
  "spread": 1.3484953365434933,
  "tds": 0.5964635163002939,
  "mpd": 0.8566657441193913,
  "mce": 0.45061951439303605,
  "num_modes": 54,
  "pmd": 0.0,
  "pfs": 0.0344567418381647,
  "pas": 0.05214743441909143,
  "rbd": 0.5223831970498622,
  "fci": 0.6958715596330276,
  "qds": 0.49990260301545414,
  "der": 4.951411148738269,
  "num_parameters": 68103,
  "training_time": 556.724346,
  "final_loss": 4.559525379477236e-08,
  "seed": 153,
  "exp_name": "flow_matching_seed153",
  "capacity": "medium",
  "hidden_dim": 128,
  "num_layers": 4,
  "pfs_metadata": {
    "recalculated": true,
    "recalculation_date": "2025-12-01T16:13:30.885001",
    "old_value": 0.0021241819689749417,
    "method": "extended_pfs_with_manifold_projection"
  }
}