{
  "loss": [
    1.2065294981002808,
    0.4272068440914154,
    0.10957416146993637,
    0.01757662370800972,
    0.0014781602658331394,
    5.353336746338755e-05,
    7.125563570298254e-07,
    4.559525379477236e-08
  ],
  "base_loss": [
    1.2065294981002808,
    0.4272068440914154,
    0.10957416146993637,
    0.01757662370800972,
    0.0014781602658331394,
    5.353336746338755e-05,
    7.125563570298254e-07,
    4.559525379477236e-08
  ],
  "reg_term": [
    0.0,
    0.0,
    0.0,
    0.0,
    0.0,
    0.0,
    0.0,
    0.0
  ],
  "log_Z": [
    -0.0009999999310821295,
    -0.446156769990921,
    -0.7683994174003601,
    -0.9663739800453186,
    -1.0602558851242065,
    -1.091321587562561,
    -1.09780752658844,
    -1.0985695123672485
  ],
  "iteration": [
    1,
    501,
    1001,
    1501,
    2001,
    2501,
    3001,
    3501
  ]
}