{
  "hypervolume": 1.1909430055728751,
  "r2_indicator": -0.2700896814515758,
  "avg_pairwise_distance": 0.49752048481492184,
  "spacing": 0.18148817121982574,
  "spread": 1.4964738383264946,
  "tds": 0.5530221812855783,
  "mpd": 0.9019179195689693,
  "mce": 0.45422932696201757,
  "num_modes": 4,
  "pmd": 0.0,
  "pfs": 0.0008197822811353609,
  "pas": 0.49752048481492184,
  "rbd": 0.5549625385837604,
  "fci": 0.407184829059829,
  "qds": 0.6430509230575585,
  "der": 9.439360832462707,
  "num_parameters": 68103,
  "training_time": 2786.150913,
  "final_loss": -0.05886078625917435,
  "seed": 375,
  "exp_name": "entropy_001_seed375",
  "capacity": "medium",
  "hidden_dim": 128,
  "num_layers": 4
}