{
  "loss": [
    11.407537460327148,
    -0.07197079062461853,
    -0.054649218916893005,
    -0.06748296320438385,
    -0.06255828589200974,
    -0.06687099486589432,
    -0.05796843022108078,
    -0.05886078625917435
  ],
  "base_loss": [
    11.2765531539917,
    0.006678085308521986,
    0.00868216808885336,
    0.0018491405062377453,
    0.0013408082304522395,
    0.0012852491345256567,
    0.007120590656995773,
    0.0027948676142841578
  ],
  "reg_term": [
    0.13098430633544922,
    -0.07864887593314052,
    -0.06333138700574636,
    -0.0693321037106216,
    -0.06389909412246197,
    -0.06815624400041997,
    -0.06508902087807655,
    -0.061655653873458505
  ],
  "log_Z": [
    -0.0009999998146668077,
    -0.02688041515648365,
    -0.02731151320040226,
    -0.02835075743496418,
    -0.03005129098892212,
    -0.03261370584368706,
    -0.03572754189372063,
    -0.0396290197968483
  ],
  "iteration": [
    1,
    501,
    1001,
    1501,
    2001,
    2501,
    3001,
    3501
  ]
}