{
  "loss": [
    12.770463943481445,
    0.007072289939969778,
    0.004186500329524279,
    0.003776848316192627,
    0.0010254684602841735,
    0.0019953784067183733,
    0.002602611668407917,
    0.0029576728120446205
  ],
  "base_loss": [
    12.770463943481445,
    0.007072289939969778,
    0.004186500329524279,
    0.003776848316192627,
    0.0010254684602841735,
    0.0019953784067183733,
    0.002602611668407917,
    0.0029576728120446205
  ],
  "reg_term": [
    0.0,
    0.0,
    0.0,
    0.0,
    0.0,
    0.0,
    0.0,
    0.0
  ],
  "log_Z": [
    -0.0010000000474974513,
    -0.021833540871739388,
    -0.026512503623962402,
    -0.03309258818626404,
    -0.04020411893725395,
    -0.04490881413221359,
    -0.05105713754892349,
    -0.05564370006322861
  ],
  "iteration": [
    1,
    501,
    1001,
    1501,
    2001,
    2501,
    3001,
    3501
  ]
}