{
  "hypervolume": 1.1871816072905503,
  "r2_indicator": -0.26966219859417867,
  "avg_pairwise_distance": 0.3397465423816071,
  "spacing": 0.15681064128875732,
  "spread": 1.715172102080265,
  "tds": 0.3930774410774411,
  "mpd": 2.6182209814149746,
  "mce": 0.3173059296774029,
  "num_modes": 4,
  "pmd": 0.0,
  "pfs": 0.00037033030065553306,
  "pas": 0.3397465423816071,
  "rbd": 0.39307744107744697,
  "fci": 0.417796343001261,
  "qds": 0.5923404573352254,
  "der": 8.07122217747238,
  "num_parameters": 68103,
  "training_time": 2225.112639,
  "final_loss": 0.010606909170746803,
  "seed": 456,
  "exp_name": "quality_sampling_seed456",
  "hidden_dim": 128,
  "num_layers": 4,
  "conditioning": "concat"
}