{
  "loss": [
    13.737024307250977,
    0.01582382619380951,
    0.013778405264019966,
    0.011979972012341022,
    0.041410740464925766,
    0.010953787714242935,
    0.007738805375993252,
    0.010606909170746803
  ],
  "log_Z": [
    -0.0009999999310821295,
    -0.026152608916163445,
    -0.03040415048599243,
    -0.03562566265463829,
    -0.04081223905086517,
    -0.04744388908147812,
    -0.05413687229156494,
    -0.060562070459127426
  ],
  "iteration": [
    1,
    501,
    1001,
    1501,
    2001,
    2501,
    3001,
    3501
  ]
}