{
  "hypervolume": 1.1910353079549256,
  "r2_indicator": -0.27010749323730066,
  "avg_pairwise_distance": 0.23092653561225843,
  "spacing": 0.09471946209669113,
  "spread": 1.3539305152740237,
  "tds": 0.4087025657611039,
  "mpd": 1.4566896457513263,
  "mce": 0.5811096888523172,
  "num_modes": 45,
  "pmd": 0.0,
  "pfs": 0.0012289132589077293,
  "pas": 0.23092653561225843,
  "rbd": 0.4087623128835314,
  "fci": 0.4360831559587526,
  "qds": 0.5573643824646016,
  "der": 12.150267731929645,
  "num_parameters": 68103,
  "training_time": 1004.671887,
  "final_loss": 0.0009168361430056393,
  "seed": 456,
  "exp_name": "off_policy_50_seed456",
  "hidden_dim": 128,
  "num_layers": 4,
  "conditioning": "concat"
}