{
  "loss": [
    12.877317428588867,
    0.0046579260379076,
    0.0011580062564462423,
    0.002002009190618992,
    0.003050771076232195,
    0.00046166026731953025,
    0.0002835672057699412,
    0.0009168361430056393
  ],
  "log_Z": [
    -0.0009999999310821295,
    -0.02631528303027153,
    -0.028770364820957184,
    -0.031362250447273254,
    -0.03512996435165405,
    -0.03700559586286545,
    -0.040666136890649796,
    -0.043506793677806854
  ],
  "iteration": [
    1,
    501,
    1001,
    1501,
    2001,
    2501,
    3001,
    3501
  ]
}