{
  "hypervolume": 1.1941006575887376,
  "r2_indicator": -0.2704561490660364,
  "avg_pairwise_distance": 0.45812288940693546,
  "spacing": 0.16686128079891205,
  "spread": 1.422756396948575,
  "tds": 0.41101871942426654,
  "mpd": 1.4522450183943842,
  "mce": 0.557219322117692,
  "num_modes": 50,
  "pmd": 0.0,
  "pfs": 0.0881087614685898,
  "pas": 0.45812288940693546,
  "rbd": 0.41105892255892656,
  "fci": 0.4213148207426376,
  "qds": 0.6303880562959989,
  "der": 16.496689990846637,
  "num_parameters": 68103,
  "training_time": 1467.984383,
  "final_loss": 0.002533666091039777,
  "seed": 789,
  "exp_name": "off_policy_25_seed789",
  "hidden_dim": 128,
  "num_layers": 4,
  "conditioning": "concat",
  "pfs_metadata": {
    "recalculated": true,
    "recalculation_date": "2025-12-01T16:18:30.297830",
    "old_value": 0.0024032492814125193,
    "method": "extended_pfs_with_manifold_projection"
  }
}