{
  "loss": [
    13.854774475097656,
    0.010161172598600388,
    0.01832142472267151,
    0.0018398524262011051,
    0.005816183984279633,
    0.004120294936001301,
    0.0019074010197073221,
    0.002533666091039777
  ],
  "log_Z": [
    -0.0009999999310821295,
    -0.023791057989001274,
    -0.02717551775276661,
    -0.031796447932720184,
    -0.03620170056819916,
    -0.03936861455440521,
    -0.04484013095498085,
    -0.04766157642006874
  ],
  "iteration": [
    1,
    501,
    1001,
    1501,
    2001,
    2501,
    3001,
    3501
  ]
}