{
  "hypervolume": 1.1910353079549256,
  "r2_indicator": -0.27010749323730066,
  "avg_pairwise_distance": 0.4721149179603462,
  "spacing": 0.17050208151340485,
  "spread": 1.4475106854997397,
  "tds": 0.5503669525903446,
  "mpd": 0.9597003646221697,
  "mce": 0.4426151179625042,
  "num_modes": 11,
  "pmd": 0.0,
  "pfs": 0.0011386864292181472,
  "pas": 0.4721149179603462,
  "rbd": 0.5531754054026816,
  "fci": 0.418016975308642,
  "qds": 0.6348852646017591,
  "der": 10.201080953315449,
  "num_parameters": 68103,
  "training_time": 2446.458127,
  "final_loss": -0.04988741874694824,
  "seed": 264,
  "exp_name": "temperature_scaled_logits_seed264",
  "capacity": "medium",
  "hidden_dim": 128,
  "num_layers": 4
}