{
  "loss": [
    11.611455917358398,
    -0.05724833533167839,
    -0.05572065711021423,
    -0.07023902237415314,
    -0.06630438566207886,
    -0.06393423676490784,
    -0.059171367436647415,
    -0.04988741874694824
  ],
  "base_loss": [
    12.121187210083008,
    0.011541574262082577,
    0.011234687641263008,
    0.001080591231584549,
    0.001350096077658236,
    0.0009119606111198664,
    0.0006282067624852061,
    0.007740310858935118
  ],
  "reg_term": [
    -0.5097312927246094,
    -0.06878990959376097,
    -0.06695534475147724,
    -0.07131961360573769,
    -0.0676544817397371,
    -0.0648461973760277,
    -0.05979957419913262,
    -0.05762772960588336
  ],
  "log_Z": [
    -0.0009999999310821295,
    -0.024941056966781616,
    -0.02296445704996586,
    -0.020620660856366158,
    -0.019507339224219322,
    -0.020531853660941124,
    -0.023551950231194496,
    -0.028373869135975838
  ],
  "iteration": [
    1,
    501,
    1001,
    1501,
    2001,
    2501,
    3001,
    3501
  ]
}