{
  "hypervolume": 0.901038333590271,
  "r2_indicator": -0.2332889394408676,
  "avg_pairwise_distance": 0.3736361411149206,
  "spacing": 0.09543208032846451,
  "spread": 1.082621312401489,
  "tds": 0.893708082152457,
  "mpd": 0.6931471805599453,
  "mce": 0.6543883384012803,
  "num_modes": 2,
  "pmd": 0.0,
  "pfs": 1.8509518343702814e-15,
  "pas": 0.3736361411149206,
  "rbd": 0.8863472823472853,
  "fci": 0.28056824890640897,
  "qds": 0.16554574958124282,
  "der": 142.69683721473314,
  "num_parameters": 3617,
  "training_time": 2606.084677,
  "final_loss": 0.07541552931070328,
  "seed": 264,
  "exp_name": "small_subtb_seed264",
  "condition_name": "small_subtb"
}