{
  "loss": [
    31.355236053466797,
    0.3349319100379944,
    0.1861012578010559,
    0.09812745451927185,
    0.12800106406211853,
    0.07910482585430145,
    0.10117098689079285,
    0.08854391425848007,
    0.07944755256175995,
    0.094532310962677,
    0.04119732975959778,
    0.07778507471084595,
    0.12174272537231445,
    0.0876949280500412,
    0.0855243057012558,
    0.07541552931070328
  ],
  "base_loss": [
    22.66290855407715,
    0.38459619879722595,
    0.21554364264011383,
    0.09299401938915253,
    0.1499267816543579,
    0.09830659627914429,
    0.06918120384216309,
    0.09674200415611267,
    0.07649793475866318,
    0.11747656762599945,
    0.06816330552101135,
    0.08519114553928375,
    0.17878198623657227,
    0.10625473409891129,
    0.06436257809400558,
    0.0561085008084774
  ],
  "reg_term": [
    8.692327499389648,
    -0.04966428875923157,
    -0.029442384839057922,
    0.005133435130119324,
    -0.02192571759223938,
    -0.019201770424842834,
    0.03198978304862976,
    -0.008198089897632599,
    0.0029496178030967712,
    -0.02294425666332245,
    -0.026965975761413574,
    -0.007406070828437805,
    -0.05703926086425781,
    -0.018559806048870087,
    0.021161727607250214,
    0.019307028502225876
  ],
  "log_Z": [
    -0.0009999998146668077,
    -0.15036199986934662,
    -0.14190691709518433,
    -0.13534829020500183,
    -0.12684081494808197,
    -0.1295410841703415,
    -0.13038083910942078,
    -0.12749749422073364,
    -0.12738312780857086,
    -0.1264081448316574,
    -0.11730056256055832,
    -0.11658370494842529,
    -0.11314099282026291,
    -0.11280708760023117,
    -0.10949823260307312,
    -0.10992710292339325
  ],
  "iteration": [
    1,
    501,
    1001,
    1501,
    2001,
    2501,
    3001,
    3501,
    4001,
    4501,
    5001,
    5501,
    6001,
    6501,
    7001,
    7501
  ]
}