{
  "hypervolume": 0.04790672582528533,
  "r2_indicator": -0.09565034831344503,
  "avg_pairwise_distance": 0.5642468145004121,
  "spacing": 0.10188121348619461,
  "spread": 1.2005208596079229,
  "tds": 0.9106397066313537,
  "mpd": 0.6931471805599453,
  "mce": 0.6925825579736531,
  "num_modes": 2,
  "pmd": 0.0,
  "pfs": 0.023584540365199982,
  "pas": 0.5642468145004121,
  "rbd": 0.9088400673400678,
  "fci": 0.2619357181343267,
  "qds": 0.6480763864732735,
  "der": 7.145662054235551,
  "num_parameters": 73505,
  "training_time": 3867.33917,
  "final_loss": 0.09720444679260254,
  "seed": 153,
  "exp_name": "low_subtb_seed153",
  "condition_name": "low_subtb"
}