{
  "loss": [
    1.6408181190490723,
    0.2617932856082916,
    0.084487184882164,
    0.1141151487827301,
    0.09817847609519958,
    0.14325770735740662,
    0.1176086962223053,
    0.08719847351312637,
    0.1216486394405365,
    0.08825045824050903,
    0.08404719829559326,
    0.08104413747787476,
    0.09543434530496597,
    0.053183663636446,
    0.10056240111589432,
    0.09720444679260254
  ],
  "base_loss": [
    1.5133004188537598,
    0.21063444018363953,
    0.10839621722698212,
    0.12907502055168152,
    0.09593498706817627,
    0.1246931180357933,
    0.09750565886497498,
    0.08814506977796555,
    0.09360232204198837,
    0.09956014156341553,
    0.08104970306158066,
    0.05873214080929756,
    0.06876059621572495,
    0.06549592316150665,
    0.09263439476490021,
    0.12151418626308441
  ],
  "reg_term": [
    0.1275177001953125,
    0.0511588454246521,
    -0.023909032344818115,
    -0.014959871768951416,
    0.0022434890270233154,
    0.018564589321613312,
    0.020103037357330322,
    -0.0009465962648391724,
    0.028046317398548126,
    -0.011309683322906494,
    0.0029974952340126038,
    0.022311996668577194,
    0.026673749089241028,
    -0.012312259525060654,
    0.00792800635099411,
    -0.024309739470481873
  ],
  "log_Z": [
    -0.0009999999310821295,
    -0.05117286741733551,
    -0.04640701040625572,
    -0.044289104640483856,
    -0.04834456369280815,
    -0.05309904366731644,
    -0.049621302634477615,
    -0.05566951632499695,
    -0.06032990664243698,
    -0.05298610404133797,
    -0.056272242218256,
    -0.06011193245649338,
    -0.05902718007564545,
    -0.060748521238565445,
    -0.057628288865089417,
    -0.06242670863866806
  ],
  "iteration": [
    1,
    501,
    1001,
    1501,
    2001,
    2501,
    3001,
    3501,
    4001,
    4501,
    5001,
    5501,
    6001,
    6501,
    7001,
    7501
  ]
}