{
  "hypervolume": 1.1908621298655608,
  "r2_indicator": -0.27006888622816916,
  "avg_pairwise_distance": 0.4867241348122742,
  "spacing": 0.17403653264045715,
  "spread": 1.4267248481165955,
  "tds": 0.5780975953579097,
  "mpd": 0.9774626702218385,
  "mce": 0.5343242961828395,
  "num_modes": 49,
  "pmd": 0.0,
  "pfs": 0.09421549828774303,
  "pas": 0.4867241348122742,
  "rbd": 0.57585552326462,
  "fci": 0.4270794710171797,
  "qds": 0.6395808447398605,
  "der": 10.68523284780028,
  "num_parameters": 68103,
  "training_time": 2407.881714,
  "final_loss": -0.06206453964114189,
  "seed": 486,
  "exp_name": "standard_seed486",
  "capacity": "medium",
  "hidden_dim": 128,
  "num_layers": 4,
  "pfs_metadata": {
    "recalculated": true,
    "recalculation_date": "2025-12-01T16:15:26.125209",
    "old_value": 0.0012746160226094789,
    "method": "extended_pfs_with_manifold_projection"
  }
}