{
  "loss": [
    13.215051651000977,
    -0.06277703493833542,
    -0.06414588540792465,
    -0.06842109560966492,
    -0.0674067884683609,
    -0.061409901827573776,
    -0.06601332873106003,
    -0.06206453964114189
  ],
  "base_loss": [
    13.94006633758545,
    0.006854556035250425,
    0.002684574108570814,
    0.001490438124164939,
    0.0009824689477682114,
    0.001067880541086197,
    0.003126257797703147,
    0.0005806253757327795
  ],
  "reg_term": [
    -0.7250146865844727,
    -0.06963159097358584,
    -0.06683045951649547,
    -0.06991153373382986,
    -0.06838925741612911,
    -0.06247778236865997,
    -0.06913958652876318,
    -0.06264516501687467
  ],
  "log_Z": [
    -0.0009999999310821295,
    -0.02637324295938015,
    -0.024197977036237717,
    -0.022045157849788666,
    -0.020924784243106842,
    -0.021821364760398865,
    -0.024590883404016495,
    -0.029245650395751
  ],
  "iteration": [
    1,
    501,
    1001,
    1501,
    2001,
    2501,
    3001,
    3501
  ]
}