{
  "hypervolume": 1.2099998098309546,
  "r2_indicator": -0.2722222008303874,
  "avg_pairwise_distance": 0.0007997599755669887,
  "spacing": 0.019996000453829765,
  "spread": 1.4998999916857532,
  "tds": 0.3501651434984768,
  "mpd": 4.61512051684126,
  "mce": 0.0,
  "num_modes": 1,
  "pmd": 0.0,
  "pfs": 0.0,
  "pas": 0.0007997599755669887,
  "rbd": 0.3501651434984542,
  "fci": 0.4724712694483735,
  "qds": 0.5002569681185561,
  "der": 0.07884634110376573,
  "num_parameters": 9351,
  "training_time": 3905.013729,
  "final_loss": -0.1932957023382187,
  "seed": 42,
  "exp_name": "medium_high_seed42",
  "condition_name": "medium_high"
}