{
  "loss": [
    226.6016387939453,
    -0.08039209991693497,
    -0.095339834690094,
    -0.0040187835693359375,
    -0.14074862003326416,
    -0.13603860139846802,
    -0.1435420960187912,
    -0.1932957023382187
  ],
  "base_loss": [
    229.4860076904297,
    0.07213100045919418,
    0.13733410835266113,
    0.4011582136154175,
    0.04359227418899536,
    0.02293645776808262,
    0.011202197521924973,
    0.034238558262586594
  ],
  "reg_term": [
    -2.884368896484375,
    -0.15252310037612915,
    -0.23267394304275513,
    -0.4051769971847534,
    -0.18434089422225952,
    -0.15897505916655064,
    -0.15474429354071617,
    -0.22753426060080528
  ],
  "log_Z": [
    -0.0009999998146668077,
    -0.05362216383218765,
    -0.056860074400901794,
    -0.05968230217695236,
    -0.061459481716156006,
    -0.06313647329807281,
    -0.06584985554218292,
    -0.06516561657190323
  ],
  "iteration": [
    1,
    501,
    1001,
    1501,
    2001,
    2501,
    3001,
    3501
  ]
}