{
  "hypervolume": 1.1764448586011462,
  "r2_indicator": -0.26842789901706454,
  "avg_pairwise_distance": 0.14054573280614863,
  "spacing": 0.09867475926876068,
  "spread": 1.7782961470061236,
  "tds": 0.392664654521936,
  "mpd": 1.4588754598577645,
  "mce": 0.09502949415037566,
  "num_modes": 6,
  "pmd": 0.0,
  "pfs": 1.802544733986373e-13,
  "pas": 0.14054573280614863,
  "rbd": 0.3926702960339377,
  "fci": 0.43444171642771257,
  "qds": 0.5283148922131087,
  "der": 3.201813715281536,
  "num_parameters": 68103,
  "training_time": 2320.373308,
  "final_loss": 0.0016002422198653221,
  "seed": 123,
  "exp_name": "pref_uniform_seed123",
  "hidden_dim": 128,
  "num_layers": 4,
  "conditioning": "concat"
}