{
  "loss": [
    13.038187026977539,
    0.07041365653276443,
    0.017372233793139458,
    0.020774390548467636,
    0.005304184276610613,
    0.004971570800989866,
    0.007759738713502884,
    0.0016002422198653221
  ],
  "log_Z": [
    -0.0009999999310821295,
    -0.021593786776065826,
    -0.026588737964630127,
    -0.03206101432442665,
    -0.038987819105386734,
    -0.044627994298934937,
    -0.04989781603217125,
    -0.0576363168656826
  ],
  "iteration": [
    1,
    501,
    1001,
    1501,
    2001,
    2501,
    3001,
    3501
  ]
}