{
  "hypervolume": 1.2099998243304686,
  "r2_indicator": -0.272222202406747,
  "avg_pairwise_distance": 0.10195102675249401,
  "spacing": 0.09088139235973358,
  "spread": 1.5662249244573987,
  "tds": 0.3606267082419063,
  "mpd": 1.2446799964228874,
  "mce": 0.06339931426164698,
  "num_modes": 17,
  "pmd": 0.0,
  "pfs": 3.731280159770214e-06,
  "pas": 0.10195102675249401,
  "rbd": 0.36063200191622613,
  "fci": 0.4656544479198419,
  "qds": 0.532768162903875,
  "der": 0.5163219838535685,
  "num_parameters": 68103,
  "training_time": 10437.758506,
  "final_loss": 0.17296822369098663,
  "seed": 264,
  "exp_name": "high_tb_seed264",
  "condition_name": "high_tb"
}