{
  "loss": [
    251.75350952148438,
    11.557171821594238,
    2.834611654281616,
    5.050075531005859,
    0.5582770109176636,
    0.20418106019496918,
    0.15058892965316772,
    0.17296822369098663
  ],
  "base_loss": [
    251.75350952148438,
    11.557171821594238,
    2.834611654281616,
    5.050075531005859,
    0.5582770109176636,
    0.20418106019496918,
    0.15058892965316772,
    0.17296822369098663
  ],
  "reg_term": [
    0.0,
    0.0,
    0.0,
    0.0,
    0.0,
    0.0,
    0.0,
    0.0
  ],
  "log_Z": [
    -0.0009999999310821295,
    -0.02252727374434471,
    -0.02324657328426838,
    -0.025236759334802628,
    -0.02810891531407833,
    -0.0314134806394577,
    -0.0346345379948616,
    -0.03882646933197975
  ],
  "iteration": [
    1,
    501,
    1001,
    1501,
    2001,
    2501,
    3001,
    3501
  ]
}