{
  "hypervolume": 1.1778636194919327,
  "r2_indicator": -0.26859282999952333,
  "avg_pairwise_distance": 0.09963361844190811,
  "spacing": 0.09151123464107513,
  "spread": 1.7745327649933038,
  "tds": 0.3708189080328156,
  "mpd": 1.3257287120886445,
  "mce": 0.10356179450842405,
  "num_modes": 4,
  "pmd": 0.0,
  "pfs": 0.0,
  "pas": 0.09949648122769382,
  "rbd": 0.37083386983387384,
  "fci": 0.45638928972262316,
  "qds": 0.5151652406223659,
  "der": 1.294566889736014,
  "num_parameters": 69127,
  "training_time": 4008.078318,
  "final_loss": 0.005897147580981255,
  "seed": 789,
  "exp_name": "large_film_seed789",
  "capacity": "large",
  "hidden_dim": 128,
  "num_layers": 4,
  "conditioning": "film",
  "alpha": 1.5,
  "preference_sampling": "dirichlet",
  "loss": "trajectory_balance"
}