{
  "loss": [
    15.648183822631836,
    0.00803443044424057,
    0.011270476505160332,
    0.00642461609095335,
    0.003802650608122349,
    0.0063520935364067554,
    0.003032560460269451,
    0.005897147580981255
  ],
  "log_Z": [
    -0.0009999999310821295,
    -0.023718200623989105,
    -0.027913646772503853,
    -0.0313967689871788,
    -0.033938001841306686,
    -0.035975806415081024,
    -0.0376598946750164,
    -0.03945184126496315
  ],
  "iteration": [
    1,
    501,
    1001,
    1501,
    2001,
    2501,
    3001,
    3501
  ]
}