{
  "hypervolume": 1.1909610166891182,
  "r2_indicator": -0.2700896814515758,
  "avg_pairwise_distance": 0.48882261320422743,
  "spacing": 0.17570631206035614,
  "spread": 1.468944811148192,
  "tds": 0.5606703135591884,
  "mpd": 0.9611576783261683,
  "mce": 0.5278130889990383,
  "num_modes": 48,
  "pmd": 0.0,
  "pfs": 0.05342678139123397,
  "pas": 0.48882261320422743,
  "rbd": 0.5589339325096906,
  "fci": 0.4515100861287398,
  "qds": 0.6402553212403712,
  "der": 10.67214235264053,
  "num_parameters": 68103,
  "training_time": 2421.229386,
  "final_loss": -0.05651884526014328,
  "seed": 375,
  "exp_name": "temperature_scaled_logits_seed375",
  "capacity": "medium",
  "hidden_dim": 128,
  "num_layers": 4,
  "pfs_metadata": {
    "recalculated": true,
    "recalculation_date": "2025-12-01T16:15:29.773974",
    "old_value": 0.000929313336067374,
    "method": "extended_pfs_with_manifold_projection"
  }
}