{
  "loss": [
    11.554773330688477,
    -0.07022548466920853,
    -0.06279239058494568,
    -0.0684083104133606,
    -0.06576578319072723,
    -0.0638301745057106,
    -0.05792541429400444,
    -0.05651884526014328
  ],
  "base_loss": [
    11.678449630737305,
    0.007554825861006975,
    0.002609775634482503,
    0.003713465528562665,
    0.0012096524005755782,
    0.0013268452603369951,
    0.001040894421748817,
    0.007185640744864941
  ],
  "reg_term": [
    -0.12367630004882812,
    -0.0777803105302155,
    -0.06540216621942818,
    -0.07212177594192326,
    -0.06697543559130281,
    -0.0651570197660476,
    -0.05896630871575326,
    -0.06370448600500822
  ],
  "log_Z": [
    -0.0010000000474974513,
    -0.026002705097198486,
    -0.025943860411643982,
    -0.026099028065800667,
    -0.027036335319280624,
    -0.027879413217306137,
    -0.030488964170217514,
    -0.03549392148852348
  ],
  "iteration": [
    1,
    501,
    1001,
    1501,
    2001,
    2501,
    3001,
    3501
  ]
}