{
  "hypervolume": 1.1908689608493035,
  "r2_indicator": -0.27006888622816916,
  "avg_pairwise_distance": 0.4955249803139686,
  "spacing": 0.18284659087657928,
  "spread": 1.4784318071303002,
  "tds": 0.5351320715319104,
  "mpd": 0.9421057457633764,
  "mce": 0.4402187563376941,
  "num_modes": 13,
  "pmd": 0.0,
  "pfs": 0.024904373934818185,
  "pas": 0.4955249803139686,
  "rbd": 0.5366707349889213,
  "fci": 0.4279334368515795,
  "qds": 0.6424095436191438,
  "der": 14.318114767914468,
  "num_parameters": 68103,
  "training_time": 1829.430735,
  "final_loss": 0.0003569279215298593,
  "seed": 375,
  "exp_name": "base_loss_comparison_flow_matching_seed375",
  "capacity": "medium",
  "hidden_dim": 128,
  "num_layers": 4
}