{
  "hypervolume": 1.1821556871035772,
  "r2_indicator": -0.2690777251327956,
  "avg_pairwise_distance": 0.09807469747783235,
  "spacing": 0.09058097749948502,
  "spread": 1.7817283793541232,
  "tds": 0.3879055848374965,
  "mpd": 1.1730787196341093,
  "mce": 0.09495650189328124,
  "num_modes": 4,
  "pmd": 0.0,
  "pfs": 0.09153814700931674,
  "pas": 0.09457482273260183,
  "rbd": 0.38793726980091103,
  "fci": 0.44489128558226443,
  "qds": 0.5146641844473515,
  "der": 0.18170596761554625,
  "num_parameters": 269319,
  "training_time": 7214.783344,
  "final_loss": 0.004851285833865404,
  "seed": 123,
  "exp_name": "xlarge_film_seed123",
  "capacity": "xlarge",
  "hidden_dim": 256,
  "num_layers": 4,
  "conditioning": "film",
  "alpha": 1.5,
  "preference_sampling": "dirichlet",
  "loss": "trajectory_balance",
  "pfs_metadata": {
    "recalculated": true,
    "recalculation_date": "2025-12-01T16:13:08.436164",
    "old_value": 1.4243286916969398e-12,
    "method": "extended_pfs_with_manifold_projection"
  }
}