{
  "loss": [
    14.837244987487793,
    0.010226563550531864,
    0.010017154738307,
    0.017484264448285103,
    0.01135279145091772,
    0.004678531549870968,
    0.005284343380481005,
    0.004851285833865404
  ],
  "log_Z": [
    -0.0009999998146668077,
    -0.02164621278643608,
    -0.025049762800335884,
    -0.028198452666401863,
    -0.030302438884973526,
    -0.03146888688206673,
    -0.03295905888080597,
    -0.03399267420172691
  ],
  "iteration": [
    1,
    501,
    1001,
    1501,
    2001,
    2501,
    3001,
    3501
  ]
}