{
  "hypervolume": 1.1910353079549256,
  "r2_indicator": -0.27010749323730066,
  "avg_pairwise_distance": 0.4824872545810313,
  "spacing": 0.1759975403547287,
  "spread": 1.4619734841610441,
  "tds": 0.5830500130763195,
  "mpd": 0.9838582083231414,
  "mce": 0.5259270897640635,
  "num_modes": 46,
  "pmd": 0.0,
  "pfs": 0.0010159747204314916,
  "pas": 0.4824872545810313,
  "rbd": 0.5820571779511261,
  "fci": 0.41602429015084286,
  "qds": 0.6382190598568664,
  "der": 9.233147326625062,
  "num_parameters": 68103,
  "training_time": 2762.309503,
  "final_loss": -0.05933752655982971,
  "seed": 264,
  "exp_name": "entropy_001_seed264",
  "capacity": "medium",
  "hidden_dim": 128,
  "num_layers": 4
}