{
  "loss": [
    11.910852432250977,
    -0.061424620449543,
    -0.06980123370885849,
    -0.06403598934412003,
    -0.06628318876028061,
    -0.060885556042194366,
    -0.054337285459041595,
    -0.05933752655982971
  ],
  "base_loss": [
    11.091880798339844,
    0.009203517809510231,
    0.0020918776281177998,
    0.0025881703477352858,
    0.0024917013943195343,
    0.001434509176760912,
    0.0014727925881743431,
    0.0008189077489078045
  ],
  "reg_term": [
    0.8189716339111328,
    -0.07062813825905323,
    -0.07189311133697629,
    -0.06662415969185531,
    -0.06877489015460014,
    -0.06232006521895528,
    -0.05581007804721594,
    -0.060156434308737516
  ],
  "log_Z": [
    -0.0009999999310821295,
    -0.02468232437968254,
    -0.0232954490929842,
    -0.021481133997440338,
    -0.019768821075558662,
    -0.01999570243060589,
    -0.023137018084526062,
    -0.028548451140522957
  ],
  "iteration": [
    1,
    501,
    1001,
    1501,
    2001,
    2501,
    3001,
    3501
  ]
}