{
  "hypervolume": 0.10698026161640893,
  "r2_indicator": -0.04525382769514218,
  "avg_pairwise_distance": 0.0,
  "spacing": 0.0,
  "spread": 1.0,
  "tds": 0.38012121212121214,
  "mpd": 1.0986122886681098,
  "mce": 0.0,
  "num_modes": 1,
  "pmd": 0.0,
  "pfs": 0.0,
  "pas": 0.0,
  "rbd": 0.38012121212121786,
  "fci": 0.28428571428571425,
  "qds": 0.04420671967620203,
  "der": 0.0,
  "num_parameters": 68103,
  "training_time": 2257.192273,
  "final_loss": 0.002184962620958686,
  "seed": 1011,
  "exp_name": "greedy_seed1011",
  "hidden_dim": 128,
  "num_layers": 4,
  "conditioning": "concat"
}