{
  "loss": [
    3.7434093952178955,
    0.027041610330343246,
    0.020962312817573547,
    0.00503847561776638,
    0.03492444381117821,
    0.002308130729943514,
    0.0017728350358083844,
    0.002184962620958686
  ],
  "log_Z": [
    -0.0009999999310821295,
    -0.06428936868906021,
    -0.0672861784696579,
    -0.07067601382732391,
    -0.0748346745967865,
    -0.07833122462034225,
    -0.08237878978252411,
    -0.08551803231239319
  ],
  "iteration": [
    1,
    501,
    1001,
    1501,
    2001,
    2501,
    3001,
    3501
  ]
}