{
  "hypervolume": 1.209999844218976,
  "r2_indicator": -0.2722222047278682,
  "avg_pairwise_distance": 0.0876813529270076,
  "spacing": 0.08339620381593704,
  "spread": 1.6160638158342833,
  "tds": 0.3637639096682227,
  "mpd": 1.1197529930703132,
  "mce": 0.06153618730818328,
  "num_modes": 9,
  "pmd": 0.0,
  "pfs": 0.9320640838489528,
  "pas": 0.0876813529270076,
  "rbd": 0.363802676659393,
  "fci": 0.473035552536232,
  "qds": 0.5281817703454913,
  "der": 0.4449230291753778,
  "num_parameters": 68103,
  "training_time": 10417.382589,
  "final_loss": 0.07984988391399384,
  "seed": 375,
  "exp_name": "high_tb_seed375",
  "condition_name": "high_tb",
  "pfs_metadata": {
    "recalculated": true,
    "recalculation_date": "2025-12-02T00:57:50.825035",
    "old_value": 0.0,
    "method": "extended_pfs_with_manifold_projection"
  }
}