{
  "loss": [
    251.4796142578125,
    22.129425048828125,
    0.7488048076629639,
    1.866225242614746,
    0.19427864253520966,
    0.16283643245697021,
    0.29245156049728394,
    0.07984988391399384
  ],
  "base_loss": [
    251.4796142578125,
    22.129425048828125,
    0.7488048076629639,
    1.866225242614746,
    0.19427864253520966,
    0.16283643245697021,
    0.29245156049728394,
    0.07984988391399384
  ],
  "reg_term": [
    0.0,
    0.0,
    0.0,
    0.0,
    0.0,
    0.0,
    0.0,
    0.0
  ],
  "log_Z": [
    -0.0009999998146668077,
    -0.023187411949038506,
    -0.024045713245868683,
    -0.02575124241411686,
    -0.02990037389099598,
    -0.03421161323785782,
    -0.039310306310653687,
    -0.04424649849534035
  ],
  "iteration": [
    1,
    501,
    1001,
    1501,
    2001,
    2501,
    3001,
    3501
  ]
}