{
  "hypervolume": 1.1861143739664024,
  "r2_indicator": -0.26952239761471447,
  "avg_pairwise_distance": 0.13371790898401303,
  "spacing": 0.09228166192770004,
  "spread": 1.7990998628839066,
  "tds": 0.39996226771059334,
  "mpd": 1.4566896457513263,
  "mce": 0.08071354443652536,
  "num_modes": 5,
  "pmd": 0.0,
  "pfs": 5.537462454691593e-14,
  "pas": 0.13371790898401303,
  "rbd": 0.40007239057239546,
  "fci": 0.43412324168797944,
  "qds": 0.5261203465197545,
  "der": 1.50303641699804,
  "num_parameters": 68103,
  "training_time": 4702.798065,
  "final_loss": 0.0009578794706612825,
  "seed": 123,
  "exp_name": "batch_256_seed123",
  "hidden_dim": 128,
  "num_layers": 4,
  "conditioning": "concat"
}