{
  "loss": [
    13.005722045898438,
    0.020349064841866493,
    0.015851393342018127,
    0.04327153041958809,
    0.016689032316207886,
    0.001565625425428152,
    0.0006573295686393976,
    0.0009578794706612825
  ],
  "log_Z": [
    -0.0009999999310821295,
    -0.02207520790398121,
    -0.027600860223174095,
    -0.03352096676826477,
    -0.041369907557964325,
    -0.0469961054623127,
    -0.05131753161549568,
    -0.05674619972705841
  ],
  "iteration": [
    1,
    501,
    1001,
    1501,
    2001,
    2501,
    3001,
    3501
  ]
}