{
  "hypervolume": 1.1692031143482569,
  "r2_indicator": -0.2680909681331855,
  "avg_pairwise_distance": 0.07535396086524601,
  "spacing": 0.11226518452167511,
  "spread": 1.756931416779215,
  "tds": 0.3888190700125674,
  "mpd": 1.4042167928578282,
  "mce": 0.1647529675626298,
  "num_modes": 2,
  "pmd": 0.0,
  "pfs": 0.0,
  "pas": 0.07535396086524601,
  "rbd": 0.38870707070707544,
  "fci": 0.48483382116891716,
  "qds": 0.5073614631144818,
  "der": 372.0991881063326,
  "num_parameters": 9863,
  "training_time": 73.916404,
  "final_loss": 16.987804412841797,
  "seed": 789,
  "exp_name": "temp_medium_seed789",
  "hidden_dim": 64,
  "num_layers": 3,
  "conditioning": "film"
}