{
  "hypervolume": 1.2099997955746564,
  "r2_indicator": -0.2722221992267175,
  "avg_pairwise_distance": 0.000799759975278237,
  "spacing": 0.019995983690023422,
  "spread": 1.499897352606175,
  "tds": 0.05682219015552349,
  "mpd": 1.0986122886681098,
  "mce": 0.0,
  "num_modes": 1,
  "pmd": 0.0,
  "pfs": 0.0,
  "pas": 0.000799759975278237,
  "rbd": 0.05682219015552413,
  "fci": 0.527128537735849,
  "qds": 0.5002569681184633,
  "der": 1.9748885982372664,
  "num_parameters": 519,
  "training_time": 2809.00302,
  "final_loss": 0.06313525140285492,
  "seed": 264,
  "exp_name": "small_subtb_seed264",
  "condition_name": "small_subtb"
}