{
  "loss": [
    226.08319091796875,
    11.615936279296875,
    0.4096294939517975,
    0.2568129301071167,
    0.36068883538246155,
    0.7450485229492188,
    0.5468115210533142,
    0.2851394712924957
  ],
  "base_loss": [
    231.83143615722656,
    10.100626945495605,
    0.5137399435043335,
    0.16010910272598267,
    0.6794753074645996,
    0.5602394938468933,
    0.1018001139163971,
    0.1935672163963318
  ],
  "reg_term": [
    -5.7482452392578125,
    1.5153093338012695,
    -0.10411044955253601,
    0.09670382738113403,
    -0.31878647208213806,
    0.18480902910232544,
    0.4450114071369171,
    0.09157225489616394
  ],
  "log_Z": [
    -0.0009999998146668077,
    -0.12173302471637726,
    -0.14575982093811035,
    -0.1507384181022644,
    -0.15663106739521027,
    -0.15958860516548157,
    -0.16748464107513428,
    -0.17412257194519043
  ],
  "iteration": [
    1,
    501,
    1001,
    1501,
    2001,
    2501,
    3001,
    3501
  ]
}