{
  "loss": [
    225.3529510498047,
    8.751750946044922,
    1.1938517093658447,
    0.27870655059814453,
    2.4002137184143066,
    0.29578885436058044,
    0.031918417662382126,
    0.06313525140285492
  ],
  "base_loss": [
    228.4412841796875,
    9.726358413696289,
    1.3338656425476074,
    0.26272645592689514,
    1.8141494989395142,
    0.28519731760025024,
    0.05834716558456421,
    0.09029670059680939
  ],
  "reg_term": [
    -3.0883331298828125,
    -0.9746074676513672,
    -0.1400139331817627,
    0.01598009467124939,
    0.5860642194747925,
    0.0105915367603302,
    -0.026428747922182083,
    -0.027161449193954468
  ],
  "log_Z": [
    -0.0009999998146668077,
    -0.12719030678272247,
    -0.15470321476459503,
    -0.1608554571866989,
    -0.16376574337482452,
    -0.1662154644727707,
    -0.16730353236198425,
    -0.16915391385555267
  ],
  "iteration": [
    1,
    501,
    1001,
    1501,
    2001,
    2501,
    3001,
    3501
  ]
}