{
  "loss": [
    12.760066986083984,
    0.007386976387351751,
    0.0015228751581162214,
    0.033447265625,
    0.00038827909156680107,
    0.0015987847000360489,
    0.002021599793806672,
    0.0014068962773308158
  ],
  "log_Z": [
    -0.009999999776482582,
    -0.2965121567249298,
    -0.39623764157295227,
    -0.4428926110267639,
    -0.4859972298145294,
    -0.5185670256614685,
    -0.5489099621772766,
    -0.585432767868042
  ],
  "iteration": [
    1,
    501,
    1001,
    1501,
    2001,
    2501,
    3001,
    3501
  ]
}