{
  "hypervolume": 1.1910353079549256,
  "r2_indicator": -0.27010749323730066,
  "avg_pairwise_distance": 0.47372280978613535,
  "spacing": 0.1839122176170349,
  "spread": 1.60698954566,
  "tds": 0.5661985732872717,
  "mpd": 0.8940598155429054,
  "mce": 0.36869578568415723,
  "num_modes": 38,
  "pmd": 0.0,
  "pfs": 0.04106733383568157,
  "pas": 0.47372280978613535,
  "rbd": 0.5632826903736112,
  "fci": 0.43251319574384905,
  "qds": 0.6354020606078636,
  "der": 13.313553217118393,
  "num_parameters": 68103,
  "training_time": 1880.903763,
  "final_loss": 0.001344606513157487,
  "seed": 1011,
  "exp_name": "temp_high_seed1011",
  "hidden_dim": 128,
  "num_layers": 4,
  "conditioning": "concat",
  "pfs_metadata": {
    "recalculated": true,
    "recalculation_date": "2025-12-01T16:21:27.691315",
    "old_value": 0.0009381319744894117,
    "method": "extended_pfs_with_manifold_projection"
  }
}