{
  "loss": [
    13.385318756103516,
    0.024098597466945648,
    0.008083256892859936,
    0.023666303604841232,
    0.008637142367661,
    0.029535610228776932,
    0.006092288997024298,
    0.001344606513157487
  ],
  "log_Z": [
    -0.0009999999310821295,
    -0.021953163668513298,
    -0.027036728337407112,
    -0.03294270485639572,
    -0.038182247430086136,
    -0.04321307688951492,
    -0.04614083841443062,
    -0.04972756654024124
  ],
  "iteration": [
    1,
    501,
    1001,
    1501,
    2001,
    2501,
    3001,
    3501
  ]
}