{
  "hypervolume": 1.1908509497330606,
  "r2_indicator": -0.27006888622816916,
  "avg_pairwise_distance": 0.4876205528550124,
  "spacing": 0.1800599843263626,
  "spread": 1.4299757656244427,
  "tds": 0.5812130294187239,
  "mpd": 0.9022334011016976,
  "mce": 0.660028431595984,
  "num_modes": 2,
  "pmd": 0.0,
  "pfs": 0.025068142014877132,
  "pas": 0.4876205528550124,
  "rbd": 0.5769106645318828,
  "fci": 0.4813587030561737,
  "qds": 0.6398689644111324,
  "der": 76.26148969401652,
  "num_parameters": 68103,
  "training_time": 337.997101,
  "final_loss": 0.009021533653140068,
  "seed": 153,
  "exp_name": "subtrajectory_balance_09_t2.0_seed153",
  "capacity": "medium",
  "hidden_dim": 128,
  "num_layers": 4
}