{
  "hypervolume": 1.1940864401945515,
  "r2_indicator": -0.2704561490660364,
  "avg_pairwise_distance": 0.4493508136822836,
  "spacing": 0.15724964439868927,
  "spread": 1.391945550516674,
  "tds": 0.5917854958637783,
  "mpd": 0.9086995265043362,
  "mce": 0.561699522355202,
  "num_modes": 47,
  "pmd": 0.0,
  "pfs": 0.09893182002653916,
  "pas": 0.4493508136822836,
  "rbd": 0.5883666922303392,
  "fci": 0.40721255452133653,
  "qds": 0.6275686043732792,
  "der": 10.681631526122626,
  "num_parameters": 68103,
  "training_time": 2223.740969,
  "final_loss": -0.677505373954773,
  "seed": 375,
  "exp_name": "entropy_01_seed375",
  "capacity": "medium",
  "hidden_dim": 128,
  "num_layers": 4,
  "pfs_metadata": {
    "recalculated": true,
    "recalculation_date": "2025-12-01T16:14:26.084919",
    "old_value": 0.002666599364490212,
    "method": "extended_pfs_with_manifold_projection"
  }
}