{
  "loss": [
    11.310096740722656,
    -0.6325429081916809,
    -0.5575218200683594,
    -0.6256501078605652,
    -0.5622875690460205,
    -0.6282459497451782,
    -0.5747716426849365,
    -0.677505373954773
  ],
  "base_loss": [
    11.79055404663086,
    0.010956606827676296,
    0.0045919897966086864,
    0.005564606748521328,
    0.01851562410593033,
    0.006595450919121504,
    0.00558666605502367,
    0.006002058275043964
  ],
  "reg_term": [
    -0.4804573059082031,
    -0.6434995150193572,
    -0.5621138098649681,
    -0.6312147146090865,
    -0.5808031931519508,
    -0.6348414006642997,
    -0.5803583087399602,
    -0.6835074322298169
  ],
  "log_Z": [
    -0.0009999999310821295,
    -0.032692667096853256,
    -0.04273402690887451,
    -0.05719214677810669,
    -0.0783795416355133,
    -0.10456448048353195,
    -0.13943450152873993,
    -0.18276020884513855
  ],
  "iteration": [
    1,
    501,
    1001,
    1501,
    2001,
    2501,
    3001,
    3501
  ]
}