{
  "hypervolume": 1.1861458917991003,
  "r2_indicator": -0.26955599801027863,
  "avg_pairwise_distance": 0.0995953347464667,
  "spacing": 0.0829739198088646,
  "spread": 1.7787868277856704,
  "tds": 0.39679374915802235,
  "mpd": 1.6475752620491715,
  "mce": 0.09951068381641356,
  "num_modes": 2,
  "pmd": 0.0,
  "pfs": 3.4438547304040266e-15,
  "pas": 0.09853973635753174,
  "rbd": 0.39687786960514687,
  "fci": 0.43832550922978997,
  "qds": 0.5151529357766135,
  "der": 0.6234235143680048,
  "num_parameters": 68103,
  "training_time": 8444.852607,
  "final_loss": 0.007193718105554581,
  "seed": 42,
  "exp_name": "large_concat_seed42",
  "capacity": "large",
  "hidden_dim": 128,
  "num_layers": 4,
  "conditioning": "concat",
  "alpha": 1.5,
  "preference_sampling": "dirichlet",
  "loss": "trajectory_balance"
}