{
  "loss": [
    13.207618713378906,
    0.21167942881584167,
    0.009226160123944283,
    0.008554186671972275,
    0.01555626466870308,
    0.007325439248234034,
    0.0010649788891896605,
    0.005966854747384787,
    0.000515257241204381,
    0.003298681229352951,
    0.00017293740529567003,
    0.00218986626714468,
    0.003581870347261429,
    0.00023149422486312687,
    0.0020306920632719994,
    0.0002836144994944334,
    0.00022709766926709563,
    0.0005044922581873834,
    0.001366456039249897,
    0.007193718105554581
  ],
  "log_Z": [
    -0.0010000000474974513,
    -0.022988367825746536,
    -0.02617494761943817,
    -0.031693603843450546,
    -0.03660459443926811,
    -0.04194512963294983,
    -0.04740423336625099,
    -0.05228974670171738,
    -0.0572633370757103,
    -0.06173697113990784,
    -0.0651651993393898,
    -0.06959350407123566,
    -0.07280691713094711,
    -0.0779896229505539,
    -0.08211614191532135,
    -0.08308947086334229,
    -0.08517024666070938,
    -0.08711124956607819,
    -0.09149829298257828,
    -0.09397370368242264
  ],
  "iteration": [
    1,
    501,
    1001,
    1501,
    2001,
    2501,
    3001,
    3501,
    4001,
    4501,
    5001,
    5501,
    6001,
    6501,
    7001,
    7501,
    8001,
    8501,
    9001,
    9501
  ]
}