{
  "hypervolume": 1.1861181676884593,
  "r2_indicator": -0.26952239761471447,
  "avg_pairwise_distance": 0.08259785952001152,
  "spacing": 0.07757055759429932,
  "spread": 1.7532425823117244,
  "tds": 0.4147949416237496,
  "mpd": 1.5886145434555867,
  "mce": 0.08450428738594043,
  "num_modes": 2,
  "pmd": 0.0,
  "pfs": 0.06760417825378459,
  "pas": 0.08128758441718514,
  "rbd": 0.4149336219336287,
  "fci": 0.4236010757867694,
  "qds": 0.509689740324033,
  "der": 34.03649236017018,
  "num_parameters": 2887,
  "training_time": 3026.075173,
  "final_loss": 0.0065909624099731445,
  "seed": 456,
  "exp_name": "small_film_seed456",
  "capacity": "small",
  "hidden_dim": 32,
  "num_layers": 2,
  "conditioning": "film",
  "alpha": 1.5,
  "preference_sampling": "dirichlet",
  "loss": "trajectory_balance",
  "pfs_metadata": {
    "recalculated": true,
    "recalculation_date": "2025-12-01T16:12:33.189832",
    "old_value": 0.0001511554460545713,
    "method": "extended_pfs_with_manifold_projection"
  }
}