{
  "hypervolume": 1.1692031143482569,
  "r2_indicator": -0.27001642221197336,
  "avg_pairwise_distance": 0.1174999075741974,
  "spacing": 0.09486722946166992,
  "spread": 1.7873273949604123,
  "tds": 0.38499259059679375,
  "mpd": 1.447699368178873,
  "mce": 0.264787499407053,
  "num_modes": 2,
  "pmd": 0.0,
  "pfs": 1.0347110780529573e-14,
  "pas": 0.11894414472842238,
  "rbd": 0.3850877825877894,
  "fci": 0.46438410074773717,
  "qds": 0.5209076834405847,
  "der": 27.802806060311735,
  "num_parameters": 2887,
  "training_time": 5269.927149,
  "final_loss": 0.01714926026761532,
  "seed": 456,
  "exp_name": "small_film_seed456",
  "capacity": "small",
  "hidden_dim": 32,
  "num_layers": 2,
  "conditioning": "film",
  "alpha": 1.5,
  "preference_sampling": "dirichlet",
  "loss": "trajectory_balance"
}