{
  "loss": [
    14.602043151855469,
    0.04224609583616257,
    0.015921900048851967,
    0.02333824150264263,
    0.008724468760192394,
    0.011579206213355064,
    0.010996625758707523,
    0.0065909624099731445,
    0.02382590062916279,
    0.009827448055148125,
    0.008488357067108154,
    0.005815788172185421,
    0.009304807521402836,
    0.011473331600427628,
    0.004800114780664444,
    0.01208552997559309,
    0.013692090287804604,
    0.007827307097613811,
    0.00783244427293539,
    0.01714926026761532
  ],
  "log_Z": [
    -0.0009999999310821295,
    -0.057547248899936676,
    -0.057608671486377716,
    -0.05782216042280197,
    -0.057571858167648315,
    -0.05780863016843796,
    -0.05766436457633972,
    -0.057909782975912094,
    -0.05801043659448624,
    -0.05922607332468033,
    -0.06048542261123657,
    -0.062172915786504745,
    -0.0631927102804184,
    -0.0647927075624466,
    -0.06621409207582474,
    -0.06782809644937515,
    -0.06982885301113129,
    -0.07163385301828384,
    -0.07273020595312119,
    -0.0742880180478096
  ],
  "iteration": [
    1,
    501,
    1001,
    1501,
    2001,
    2501,
    3001,
    3501,
    4001,
    4501,
    5001,
    5501,
    6001,
    6501,
    7001,
    7501,
    8001,
    8501,
    9001,
    9501
  ]
}