{
  "loss": [
    14.602043151855469,
    0.04224609583616257,
    0.015921900048851967,
    0.02333824150264263,
    0.008724468760192394,
    0.011579206213355064,
    0.010996625758707523,
    0.0065909624099731445
  ],
  "log_Z": [
    -0.0009999999310821295,
    -0.057547248899936676,
    -0.057608671486377716,
    -0.05782216042280197,
    -0.057571858167648315,
    -0.05780863016843796,
    -0.05766436457633972,
    -0.057909782975912094
  ],
  "iteration": [
    1,
    501,
    1001,
    1501,
    2001,
    2501,
    3001,
    3501
  ]
}