{
  "hypervolume": 0.030311991933537827,
  "r2_indicator": -0.10109643254990369,
  "avg_pairwise_distance": 0.5813930235358739,
  "spacing": 0.10190171748399734,
  "spread": 1.1466926925399599,
  "tds": 0.9184810255366772,
  "mpd": 0.6931471805599453,
  "mce": 0.13866764397929077,
  "num_modes": 16,
  "pmd": 0.0,
  "pfs": 0.05108213958494136,
  "pas": 0.5813930235358739,
  "rbd": 0.9163727753727756,
  "fci": 0.2598486390108239,
  "qds": 0.6525760993833669,
  "der": 7.334362334801381,
  "num_parameters": 73505,
  "training_time": 3882.335594,
  "final_loss": 0.14020957052707672,
  "seed": 42,
  "exp_name": "low_subtb_seed42",
  "condition_name": "low_subtb"
}