{
  "loss": [
    1.3653559684753418,
    0.1428188979625702,
    0.1149129569530487,
    0.23447798192501068,
    0.12135428190231323,
    0.09108707308769226,
    0.13462722301483154,
    0.07673940807580948,
    0.1323670744895935,
    0.07676798105239868,
    0.08774074912071228,
    0.09264874458312988,
    0.10398301482200623,
    0.07937846332788467,
    0.05709165334701538,
    0.14020957052707672
  ],
  "base_loss": [
    1.4707337617874146,
    0.1439790427684784,
    0.12157586961984634,
    0.23098783195018768,
    0.09625028073787689,
    0.09880640357732773,
    0.08931483328342438,
    0.1304243505001068,
    0.11999087780714035,
    0.08056244254112244,
    0.09574583172798157,
    0.08553330600261688,
    0.0784071534872055,
    0.0647037923336029,
    0.0668533518910408,
    0.12653657793998718
  ],
  "reg_term": [
    -0.10537779331207275,
    -0.0011601448059082031,
    -0.006662912666797638,
    0.003490149974822998,
    0.02510400116443634,
    -0.0077193304896354675,
    0.045312389731407166,
    -0.05368494242429733,
    0.012376196682453156,
    -0.003794461488723755,
    -0.008005082607269287,
    0.0071154385805130005,
    0.02557586133480072,
    0.014674670994281769,
    -0.009761698544025421,
    0.013672992587089539
  ],
  "log_Z": [
    -0.0009999999310821295,
    -0.04514450579881668,
    -0.049613792449235916,
    -0.04803359881043434,
    -0.049132172018289566,
    -0.05973179265856743,
    -0.056274376809597015,
    -0.05630689859390259,
    -0.051604289561510086,
    -0.04664307087659836,
    -0.049268778413534164,
    -0.0454251766204834,
    -0.04478084295988083,
    -0.03951078653335571,
    -0.04434666037559509,
    -0.04443594813346863
  ],
  "iteration": [
    1,
    501,
    1001,
    1501,
    2001,
    2501,
    3001,
    3501,
    4001,
    4501,
    5001,
    5501,
    6001,
    6501,
    7001,
    7501
  ]
}