{
  "hypervolume": 0.1099999814460865,
  "r2_indicator": -0.04536363568894863,
  "avg_pairwise_distance": 0.0,
  "spacing": 0.0,
  "spread": 1.0,
  "tds": 0.005467372134038801,
  "mpd": 0.6931471805599453,
  "mce": 0.0,
  "num_modes": 1,
  "pmd": 0.0,
  "pfs": 0.0,
  "pas": 0.0,
  "rbd": 0.0054673721340387825,
  "fci": 0.47039446721311484,
  "qds": 0.04545453778763904,
  "der": 0.0,
  "num_parameters": 519,
  "training_time": 3694.792541,
  "final_loss": 0.025755565613508224,
  "seed": 153,
  "exp_name": "small_low_seed153",
  "condition_name": "small_low"
}