{
  "hypervolume": 1.2099886536425863,
  "r2_indicator": -0.27222111647737735,
  "avg_pairwise_distance": 0.002159204364298848,
  "spacing": 0.0010377216385677457,
  "spread": 1.49645864716859,
  "tds": 0.0574110615768147,
  "mpd": 0.6931471805599453,
  "mce": 0.546940691512431,
  "num_modes": 19,
  "pmd": 0.0,
  "pfs": 0.913175153139583,
  "pas": 0.002159204364298848,
  "rbd": 0.0565578636965465,
  "fci": 0.42052299657808656,
  "qds": 0.46338168086456494,
  "der": 3.8291934659368354,
  "num_parameters": 519,
  "training_time": 3911.304099,
  "final_loss": 0.3851429522037506,
  "seed": 153,
  "exp_name": "small_low_seed153",
  "condition_name": "small_low"
}