{
  "loss": [
    252.43014526367188,
    57.24245071411133,
    21.77276611328125,
    11.901090621948242,
    2.3833565711975098,
    0.477487713098526,
    0.2997600734233856,
    0.3851429522037506
  ],
  "log_Z": [
    -0.0009999999310821295,
    -0.11013102531433105,
    -0.12416748702526093,
    -0.13149264454841614,
    -0.13723808526992798,
    -0.14148087799549103,
    -0.14262475073337555,
    -0.1434638351202011
  ],
  "iteration": [
    1,
    501,
    1001,
    1501,
    2001,
    2501,
    3001,
    3501
  ]
}