{
  "loss": [
    221.97409057617188,
    5.679534912109375,
    0.23930922150611877,
    0.21576222777366638,
    0.18399591743946075,
    0.0386962816119194,
    0.10950671881437302,
    0.025755565613508224
  ],
  "base_loss": [
    230.85557556152344,
    6.86452579498291,
    0.2303209900856018,
    0.15400102734565735,
    0.3386158347129822,
    0.06271932274103165,
    0.06740227341651917,
    0.03615174815058708
  ],
  "reg_term": [
    -8.881484985351562,
    -1.1849908828735352,
    0.008988231420516968,
    0.06176120042800903,
    -0.15461991727352142,
    -0.024023041129112244,
    0.04210444539785385,
    -0.010396182537078857
  ],
  "log_Z": [
    -0.0009999998146668077,
    -0.14408373832702637,
    -0.16940908133983612,
    -0.17363260686397552,
    -0.17607484757900238,
    -0.1772334724664688,
    -0.17732125520706177,
    -0.17708750069141388
  ],
  "iteration": [
    1,
    501,
    1001,
    1501,
    2001,
    2501,
    3001,
    3501
  ]
}