{
  "hypervolume": 0.9161691090730462,
  "r2_indicator": -0.2354823011822171,
  "avg_pairwise_distance": 0.37886806790312383,
  "spacing": 0.09882549196481705,
  "spread": 1.1134124534205239,
  "tds": 0.8925171138563223,
  "mpd": 0.6931471805599453,
  "mce": 0.31987117532593085,
  "num_modes": 183,
  "pmd": 0.0,
  "pfs": 0.01607894150041182,
  "pas": 0.37886806790312383,
  "rbd": 0.8857864357864358,
  "fci": 0.29454240214431193,
  "qds": 0.16722735454061105,
  "der": 127.22735961423989,
  "num_parameters": 3617,
  "training_time": 2963.885902,
  "final_loss": 0.05453592911362648,
  "seed": 264,
  "exp_name": "small_tb_seed264",
  "condition_name": "small_tb",
  "capacity_level": "small",
  "loss_level": "tb",
  "pfs_metadata": {
    "recalculated": true,
    "recalculation_date": "2025-12-01T23:53:18.950606",
    "old_value": 1.577321549183627e-15,
    "method": "extended_pfs_with_manifold_projection"
  }
}