{
  "loss": [
    42.872314453125,
    0.38631558418273926,
    0.1458275020122528,
    0.1921241730451584,
    0.10697600990533829,
    0.07299824059009552,
    0.07061708718538284,
    0.13699859380722046,
    0.056587688624858856,
    0.07000014185905457,
    0.06263504922389984,
    0.05751272663474083,
    0.058892130851745605,
    0.05217258632183075,
    0.0719216838479042,
    0.05453592911362648
  ],
  "base_loss": [
    42.872314453125,
    0.38631558418273926,
    0.1458275020122528,
    0.1921241730451584,
    0.10697600990533829,
    0.07299824059009552,
    0.07061708718538284,
    0.13699859380722046,
    0.056587688624858856,
    0.07000014185905457,
    0.06263504922389984,
    0.05751272663474083,
    0.058892130851745605,
    0.05217258632183075,
    0.0719216838479042,
    0.05453592911362648
  ],
  "reg_term": [
    0.0,
    0.0,
    0.0,
    0.0,
    0.0,
    0.0,
    0.0,
    0.0,
    0.0,
    0.0,
    0.0,
    0.0,
    0.0,
    0.0,
    0.0,
    0.0
  ],
  "log_Z": [
    -0.0010000000474974513,
    -0.18007567524909973,
    -0.1895950436592102,
    -0.18763992190361023,
    -0.18714888393878937,
    -0.1825941652059555,
    -0.19021880626678467,
    -0.19802658259868622,
    -0.20764683187007904,
    -0.21031178534030914,
    -0.21087965369224548,
    -0.21907591819763184,
    -0.22476419806480408,
    -0.23257726430892944,
    -0.23609484732151031,
    -0.24384133517742157
  ],
  "iteration": [
    1,
    501,
    1001,
    1501,
    2001,
    2501,
    3001,
    3501,
    4001,
    4501,
    5001,
    5501,
    6001,
    6501,
    7001,
    7501
  ]
}