{
  "hypervolume": 1.1909610166891182,
  "r2_indicator": -0.2700896814515758,
  "avg_pairwise_distance": 0.3143647142254799,
  "spacing": 0.11340413987636566,
  "spread": 1.389099061683277,
  "tds": 0.6757968612925236,
  "mpd": 0.8592701367231321,
  "mce": 0.5936618321961828,
  "num_modes": 51,
  "pmd": 0.0,
  "pfs": 0.0009373653475516293,
  "pas": 0.3143647142254799,
  "rbd": 0.6151016060258483,
  "fci": 0.5381144393241168,
  "qds": 0.5841824287860848,
  "der": 8.566002614278629,
  "num_parameters": 68103,
  "training_time": 1939.955856,
  "final_loss": -2.5886282920837402,
  "seed": 375,
  "exp_name": "entropy_05_seed375",
  "capacity": "medium",
  "hidden_dim": 128,
  "num_layers": 4
}