{
  "hypervolume": 1.1869470212269113,
  "r2_indicator": -0.2696210325396799,
  "avg_pairwise_distance": 0.48432411351903126,
  "spacing": 0.1861897110939026,
  "spread": 1.610639572818513,
  "tds": 0.5498244666486632,
  "mpd": 0.8889834438852035,
  "mce": 0.6857837104837394,
  "num_modes": 2,
  "pmd": 0.0,
  "pfs": 0.00090270962239284,
  "pas": 0.48432411351903126,
  "rbd": 0.5503045770167098,
  "fci": 0.4358766703303061,
  "qds": 0.6388094486801132,
  "der": 9.225575497309611,
  "num_parameters": 68103,
  "training_time": 2775.101565,
  "final_loss": 0.0029576728120446205,
  "seed": 375,
  "exp_name": "entropy_05_seed375",
  "capacity": "medium",
  "hidden_dim": 128,
  "num_layers": 4
}