{
  "loss": [
    9.865099906921387,
    -2.8496453762054443,
    -2.5777759552001953,
    -2.478290319442749,
    -2.627946376800537,
    -2.6228222846984863,
    -2.3754611015319824,
    -2.5886282920837402
  ],
  "base_loss": [
    11.848825454711914,
    0.05453304946422577,
    0.07644528895616531,
    0.09971095621585846,
    0.09206295758485794,
    0.11710962653160095,
    0.15761245787143707,
    0.10778719186782837
  ],
  "reg_term": [
    -1.9837255477905273,
    -2.90417842566967,
    -2.6542212441563606,
    -2.5780012756586075,
    -2.720009334385395,
    -2.7399319112300873,
    -2.5330735594034195,
    -2.6964154839515686
  ],
  "log_Z": [
    -0.0009999999310821295,
    -0.06636600196361542,
    -0.14772231876850128,
    -0.25978779792785645,
    -0.4036172032356262,
    -0.5809102654457092,
    -0.7948290705680847,
    -1.0389759540557861
  ],
  "iteration": [
    1,
    501,
    1001,
    1501,
    2001,
    2501,
    3001,
    3501
  ]
}