{
  "hypervolume": 1.1941044513107946,
  "r2_indicator": -0.2704561490660364,
  "avg_pairwise_distance": 0.4431722096142972,
  "spacing": 0.15481194853782654,
  "spread": 1.3962235954430688,
  "tds": 0.5941959631522278,
  "mpd": 0.9444910706440229,
  "mce": 0.5727108663867915,
  "num_modes": 49,
  "pmd": 0.0,
  "pfs": 0.001568982931062322,
  "pas": 0.4431722096142972,
  "rbd": 0.5894143460355643,
  "fci": 0.43763658305880826,
  "qds": 0.6255827258120338,
  "der": 9.504914286066514,
  "num_parameters": 68103,
  "training_time": 2464.680173,
  "final_loss": -0.6194710731506348,
  "seed": 42,
  "exp_name": "entropy_01_seed42",
  "capacity": "medium",
  "hidden_dim": 128,
  "num_layers": 4
}