{
  "loss": [
    11.930706977844238,
    -0.5588682293891907,
    -0.6192923188209534,
    -0.6008550524711609,
    -0.5789915919303894,
    -0.6052237153053284,
    -0.6178956031799316,
    -0.6194710731506348
  ],
  "base_loss": [
    12.061474800109863,
    0.005715510807931423,
    0.007319726049900055,
    0.007149848155677319,
    0.013535743579268456,
    0.00890476442873478,
    0.009491467848420143,
    0.005599095486104488
  ],
  "reg_term": [
    -0.130767822265625,
    -0.5645837401971221,
    -0.6266120448708534,
    -0.6080049006268382,
    -0.5925273355096579,
    -0.6141284797340631,
    -0.6273870710283518,
    -0.6250701686367393
  ],
  "log_Z": [
    -0.0009999999310821295,
    -0.03127611055970192,
    -0.04020062834024429,
    -0.055394113063812256,
    -0.07640208303928375,
    -0.10270148515701294,
    -0.13475655019283295,
    -0.17407317459583282
  ],
  "iteration": [
    1,
    501,
    1001,
    1501,
    2001,
    2501,
    3001,
    3501
  ]
}