{
  "hypervolume": 1.1910353079549256,
  "r2_indicator": -0.27010749323730066,
  "avg_pairwise_distance": 0.4930767523304477,
  "spacing": 0.18610113859176636,
  "spread": 1.6418278703148168,
  "tds": 0.5162485625452532,
  "mpd": 0.8406184260432572,
  "mce": 0.36368582332476496,
  "num_modes": 9,
  "pmd": 0.0,
  "pfs": 0.0007379644178632519,
  "pas": 0.4930767523304477,
  "rbd": 0.5191372987282186,
  "fci": 0.4310149407521897,
  "qds": 0.6416226533423083,
  "der": 13.921413492255642,
  "num_parameters": 68103,
  "training_time": 1872.265571,
  "final_loss": 0.0011065062135457993,
  "seed": 456,
  "exp_name": "temp_high_seed456",
  "hidden_dim": 128,
  "num_layers": 4,
  "conditioning": "concat"
}