{
  "loss": [
    13.852662086486816,
    0.03451049327850342,
    0.004747789353132248,
    0.005205558612942696,
    0.0027628124225884676,
    0.020901750773191452,
    0.0013052894501015544,
    0.0011065062135457993
  ],
  "log_Z": [
    -0.0009999999310821295,
    -0.02448211796581745,
    -0.03002742864191532,
    -0.03518649563193321,
    -0.04153221845626831,
    -0.048453088849782944,
    -0.053858254104852676,
    -0.05720445513725281
  ],
  "iteration": [
    1,
    501,
    1001,
    1501,
    2001,
    2501,
    3001,
    3501
  ]
}