{
  "hypervolume": 1.1941044513107946,
  "r2_indicator": -0.2704561490660364,
  "avg_pairwise_distance": 0.4658950747814958,
  "spacing": 0.16581179201602936,
  "spread": 1.4209675410951574,
  "tds": 0.586240478592049,
  "mpd": 0.874235972633362,
  "mce": 0.5504913911689356,
  "num_modes": 47,
  "pmd": 0.0,
  "pfs": 0.11529356373680984,
  "pas": 0.4658950747814958,
  "rbd": 0.5831078551078605,
  "fci": 0.4661739995758496,
  "qds": 0.6328861312882673,
  "der": 9.639302315578004,
  "num_parameters": 68103,
  "training_time": 2554.928645,
  "final_loss": -0.3101172149181366,
  "seed": 375,
  "exp_name": "entropy_005_seed375",
  "capacity": "medium",
  "hidden_dim": 128,
  "num_layers": 4,
  "pfs_metadata": {
    "recalculated": true,
    "recalculation_date": "2025-12-01T16:14:20.992754",
    "old_value": 0.002521345146535573,
    "method": "extended_pfs_with_manifold_projection"
  }
}