{
  "loss": [
    11.7120943069458,
    -0.36211374402046204,
    -0.29391875863075256,
    -0.27479466795921326,
    -0.2749413847923279,
    -0.2749099135398865,
    -0.29705810546875,
    -0.3101172149181366
  ],
  "base_loss": [
    12.21480941772461,
    0.006431215442717075,
    0.00867521297186613,
    0.004041934385895729,
    0.00527682201936841,
    0.001709216390736401,
    0.0031574652530252934,
    0.002248575212433934
  ],
  "reg_term": [
    -0.5027151107788086,
    -0.3685449594631791,
    -0.3025939716026187,
    -0.278836602345109,
    -0.2802182068116963,
    -0.2766191299306229,
    -0.3002155707217753,
    -0.31236579013057053
  ],
  "log_Z": [
    -0.0009999999310821295,
    -0.02891651540994644,
    -0.033671509474515915,
    -0.040303297340869904,
    -0.05031876638531685,
    -0.06446345895528793,
    -0.0825100988149643,
    -0.1045369803905487
  ],
  "iteration": [
    1,
    501,
    1001,
    1501,
    2001,
    2501,
    3001,
    3501
  ]
}