{
  "hypervolume": 0.8762696487738242,
  "r2_indicator": -0.22977525603274507,
  "avg_pairwise_distance": 0.3763666993175965,
  "spacing": 0.10074222087860107,
  "spread": 1.1946093138445448,
  "tds": 0.9034159089090957,
  "mpd": 0.6931471805599454,
  "mce": 0.2945286041012945,
  "num_modes": 163,
  "pmd": 0.0,
  "pfs": 0.00015764535573554642,
  "pas": 0.3763666993175965,
  "rbd": 0.8889172679172697,
  "fci": 0.3105636451560905,
  "qds": 0.16642338422739586,
  "der": 129.01562634371913,
  "num_parameters": 3617,
  "training_time": 2903.506932,
  "final_loss": 0.0550675131380558,
  "seed": 486,
  "exp_name": "small_tb_seed486",
  "condition_name": "small_tb",
  "capacity_level": "small",
  "loss_level": "tb"
}