{
  "loss": [
    16.514554977416992,
    0.18068520724773407,
    0.2129690945148468,
    0.06970145553350449,
    0.15488757193088531,
    0.053220245987176895,
    0.07361528277397156,
    0.07871042937040329,
    0.05377066507935524,
    0.054088346660137177,
    0.07083670794963837,
    0.060864001512527466,
    0.11271597445011139,
    0.05113974213600159,
    0.03504369780421257,
    0.0550675131380558
  ],
  "base_loss": [
    16.514554977416992,
    0.18068520724773407,
    0.2129690945148468,
    0.06970145553350449,
    0.15488757193088531,
    0.053220245987176895,
    0.07361528277397156,
    0.07871042937040329,
    0.05377066507935524,
    0.054088346660137177,
    0.07083670794963837,
    0.060864001512527466,
    0.11271597445011139,
    0.05113974213600159,
    0.03504369780421257,
    0.0550675131380558
  ],
  "reg_term": [
    0.0,
    0.0,
    0.0,
    0.0,
    0.0,
    0.0,
    0.0,
    0.0,
    0.0,
    0.0,
    0.0,
    0.0,
    0.0,
    0.0,
    0.0,
    0.0
  ],
  "log_Z": [
    -0.0010000000474974513,
    -0.12706239521503448,
    -0.12768326699733734,
    -0.11961261928081512,
    -0.11077947169542313,
    -0.11161192506551743,
    -0.11434493213891983,
    -0.11811497807502747,
    -0.11866771429777145,
    -0.12402167916297913,
    -0.1270354837179184,
    -0.13076534867286682,
    -0.13381147384643555,
    -0.13937044143676758,
    -0.1390962451696396,
    -0.1439274251461029
  ],
  "iteration": [
    1,
    501,
    1001,
    1501,
    2001,
    2501,
    3001,
    3501,
    4001,
    4501,
    5001,
    5501,
    6001,
    6501,
    7001,
    7501
  ]
}