{
  "hypervolume": 1.4636607700000006,
  "r2_indicator": -0.0646003730159356,
  "avg_pairwise_distance": 0.31826789419946916,
  "spacing": 0.0005917040398344398,
  "spread": 0.4016320773215928,
  "tds": 0.6396464646464647,
  "mpd": 0.6931471805599453,
  "mce": 0.5919174928968641,
  "num_modes": 142,
  "pmd": 0.0,
  "pfs": 0.0,
  "pas": 0.31826789419946916,
  "rbd": 0.6396464646464647,
  "fci": 0.39515767195767193,
  "qds": 0.5723336123180611,
  "der": 3.534065304591798,
  "num_parameters": 70923,
  "training_time": 4571.236211,
  "final_loss": 0.21492072939872742,
  "seed": 486,
  "exp_name": "low_tb_seed486",
  "condition_name": "low_tb"
}