{
  "loss": [
    100.34149932861328,
    4.443659782409668,
    5.575133323669434,
    0.7793324589729309,
    1.273118257522583,
    0.26097702980041504,
    0.3510981798171997,
    0.3819018006324768,
    0.1844133734703064,
    0.25709396600723267,
    0.16058066487312317,
    0.3933570981025696,
    0.761600136756897,
    0.11926881968975067,
    0.09916390478610992,
    0.21492072939872742
  ],
  "base_loss": [
    100.34149932861328,
    4.443659782409668,
    5.575133323669434,
    0.7793324589729309,
    1.273118257522583,
    0.26097702980041504,
    0.3510981798171997,
    0.3819018006324768,
    0.1844133734703064,
    0.25709396600723267,
    0.16058066487312317,
    0.3933570981025696,
    0.761600136756897,
    0.11926881968975067,
    0.09916390478610992,
    0.21492072939872742
  ],
  "reg_term": [
    0.0,
    0.0,
    0.0,
    0.0,
    0.0,
    0.0,
    0.0,
    0.0,
    0.0,
    0.0,
    0.0,
    0.0,
    0.0,
    0.0,
    0.0,
    0.0
  ],
  "log_Z": [
    -0.0010000000474974513,
    -0.027051644399762154,
    -0.043832261115312576,
    -0.06077123433351517,
    -0.07168547809123993,
    -0.079749196767807,
    -0.0873149186372757,
    -0.09558871388435364,
    -0.10430396348237991,
    -0.11057949811220169,
    -0.11730051040649414,
    -0.12264614552259445,
    -0.1319250762462616,
    -0.1390550285577774,
    -0.1463489532470703,
    -0.15237043797969818
  ],
  "iteration": [
    1,
    501,
    1001,
    1501,
    2001,
    2501,
    3001,
    3501,
    4001,
    4501,
    5001,
    5501,
    6001,
    6501,
    7001,
    7501
  ]
}