{
  "hypervolume": 1.1871291350313915,
  "r2_indicator": -0.26966219859417867,
  "avg_pairwise_distance": 0.08899324744884053,
  "spacing": 0.07781098037958145,
  "spread": 1.7710337815879962,
  "tds": 0.38380096714664796,
  "mpd": 1.65568408098746,
  "mce": 0.07123038760294742,
  "num_modes": 3,
  "pmd": 0.0,
  "pfs": 0.06156603349590366,
  "pas": 0.08899324744884053,
  "rbd": 0.3838148148148196,
  "fci": 0.4335881845363514,
  "qds": 0.511745295857121,
  "der": 2.01814359445371,
  "num_parameters": 68103,
  "training_time": 2330.994498,
  "final_loss": 0.005966854747384787,
  "seed": 42,
  "exp_name": "pref_dirichlet_medium_seed42",
  "hidden_dim": 128,
  "num_layers": 4,
  "conditioning": "concat",
  "pfs_metadata": {
    "recalculated": true,
    "recalculation_date": "2025-12-01T16:20:24.770783",
    "old_value": 1.629504503147378e-13,
    "method": "extended_pfs_with_manifold_projection"
  }
}