{
  "hypervolume": 1.180055402923286,
  "r2_indicator": -0.2688443101773961,
  "avg_pairwise_distance": 0.0814890407489071,
  "spacing": 0.0749855637550354,
  "spread": 1.7611406888130594,
  "tds": 0.39356455655267203,
  "mpd": 1.3294325682194295,
  "mce": 0.17177251462451146,
  "num_modes": 2,
  "pmd": 0.0,
  "pfs": 0.0,
  "pas": 0.0814890407489071,
  "rbd": 0.3936626874808756,
  "fci": 0.4451831210191082,
  "qds": 0.5093333524730536,
  "der": 1.8276171258031633,
  "num_parameters": 68103,
  "training_time": 2356.949318,
  "final_loss": 0.011252189055085182,
  "seed": 42,
  "exp_name": "top_k_seed42",
  "hidden_dim": 128,
  "num_layers": 4,
  "conditioning": "concat"
}