{
  "loss": [
    12.936532020568848,
    0.052044741809368134,
    0.01405915804207325,
    0.03565247729420662,
    0.006255261600017548,
    0.0047508059069514275,
    0.013578182086348534,
    0.011252189055085182
  ],
  "log_Z": [
    -0.0009999999310821295,
    -0.02446950413286686,
    -0.028567146509885788,
    -0.033864814788103104,
    -0.040295880287885666,
    -0.045665912330150604,
    -0.05118488520383835,
    -0.05618585646152496
  ],
  "iteration": [
    1,
    501,
    1001,
    1501,
    2001,
    2501,
    3001,
    3501
  ]
}