{
  "hypervolume": 1.4641000000000006,
  "r2_indicator": -0.07759036533851421,
  "avg_pairwise_distance": 0.2974307763468337,
  "spacing": 1.1145032452475334e-08,
  "spread": 0.3996090473854249,
  "tds": 0.623459595959596,
  "mpd": 0.6931471805599453,
  "mce": 0.5632347510097598,
  "num_modes": 131,
  "pmd": 0.0,
  "pfs": 0.0,
  "pas": 0.2974307763468337,
  "rbd": 0.623459595959596,
  "fci": 0.3785130718954248,
  "qds": 0.5675979037151895,
  "der": 151.6917715560558,
  "num_parameters": 2443,
  "training_time": 2889.368376,
  "final_loss": 2.395308256149292,
  "seed": 264,
  "exp_name": "small_high_seed264",
  "condition_name": "small_high"
}