{
  "loss": [
    76.36515045166016,
    10.18492317199707,
    10.04065990447998,
    4.024659633636475,
    3.043430805206299,
    2.8124125003814697,
    2.6383779048919678,
    2.2750983238220215,
    5.337282180786133,
    0.9759506583213806,
    0.9902383685112,
    4.222330093383789,
    3.811903476715088,
    3.2669198513031006,
    1.029676914215088,
    2.395308256149292
  ],
  "base_loss": [
    51.32818603515625,
    7.942849636077881,
    9.452545166015625,
    4.175597190856934,
    5.998729705810547,
    4.061348915100098,
    3.317950487136841,
    5.499622344970703,
    5.175161361694336,
    1.1998313665390015,
    1.1725785732269287,
    2.592575788497925,
    1.85593581199646,
    2.2865118980407715,
    3.787611961364746,
    3.799614906311035
  ],
  "reg_term": [
    25.036964416503906,
    2.2420735359191895,
    0.5881147384643555,
    -0.15093755722045898,
    -2.955298900604248,
    -1.248936414718628,
    -0.679572582244873,
    -3.2245240211486816,
    0.16212081909179688,
    -0.22388070821762085,
    -0.18234020471572876,
    1.6297543048858643,
    1.955967664718628,
    0.9804079532623291,
    -2.757935047149658,
    -1.4043066501617432
  ],
  "log_Z": [
    -0.0009999999310821295,
    -0.03480447456240654,
    0.006158056203275919,
    0.027052121236920357,
    0.033316049724817276,
    0.02528458647429943,
    0.02203434891998768,
    0.012212364003062248,
    -0.001019562128931284,
    -0.007478737272322178,
    -0.008427728898823261,
    -0.018689606338739395,
    -0.022550446912646294,
    -0.02918585203588009,
    -0.03433182090520859,
    -0.03953883424401283
  ],
  "iteration": [
    1,
    501,
    1001,
    1501,
    2001,
    2501,
    3001,
    3501,
    4001,
    4501,
    5001,
    5501,
    6001,
    6501,
    7001,
    7501
  ]
}