{
  "hypervolume": 1.191023156032264,
  "r2_indicator": -0.27010749323730066,
  "avg_pairwise_distance": 0.48448886383005973,
  "spacing": 0.185459703207016,
  "spread": 1.6075339306096728,
  "tds": 0.5933609958506224,
  "mpd": 0.9237817791277798,
  "mce": 0.4145563254611906,
  "num_modes": 4,
  "pmd": 0.0,
  "pfs": 0.0006240843273600591,
  "pas": 0.48448886383005973,
  "rbd": 0.5880531836289448,
  "fci": 0.45102844514959206,
  "qds": 0.6388624014356272,
  "der": -29.931542060948697,
  "num_parameters": 68103,
  "training_time": -855.639774,
  "final_loss": 0.0003333310305606574,
  "seed": 486,
  "exp_name": "entropy_005_seed486",
  "capacity": "medium",
  "hidden_dim": 128,
  "num_layers": 4
}