{
  "hypervolume": 1.1940840760051674,
  "r2_indicator": -0.2704561490660364,
  "avg_pairwise_distance": 0.455601276953748,
  "spacing": 0.15852028131484985,
  "spread": 1.388041291131599,
  "tds": 0.5719711293425185,
  "mpd": 0.9852616043775946,
  "mce": 0.4701633158162241,
  "num_modes": 18,
  "pmd": 0.0,
  "pfs": 0.0015073002834130194,
  "pas": 0.455601276953748,
  "rbd": 0.5693576457212813,
  "fci": 0.4631383531040558,
  "qds": 0.6295775793572838,
  "der": 9.411949681577944,
  "num_parameters": 68103,
  "training_time": 2558.83094,
  "final_loss": -0.3011861741542816,
  "seed": 486,
  "exp_name": "entropy_005_seed486",
  "capacity": "medium",
  "hidden_dim": 128,
  "num_layers": 4
}