{
  "loss": [
    13.634881973266602,
    -0.3068119287490845,
    -0.3191215395927429,
    -0.2884589433670044,
    -0.286758154630661,
    -0.3324034810066223,
    -0.2807391285896301,
    -0.3011861741542816
  ],
  "base_loss": [
    13.477396011352539,
    0.027430634945631027,
    0.0028168680146336555,
    0.004631826188415289,
    0.002427189378067851,
    0.003540964098647237,
    0.004200826399028301,
    0.005894689355045557
  ],
  "reg_term": [
    0.1574859619140625,
    -0.3342425636947155,
    -0.3219384076073766,
    -0.2930907695554197,
    -0.28918534400872886,
    -0.33594444510526955,
    -0.28493995498865843,
    -0.3070808635093272
  ],
  "log_Z": [
    -0.0009999998146668077,
    -0.02760092355310917,
    -0.0290360189974308,
    -0.03508598357439041,
    -0.04571651294827461,
    -0.059291139245033264,
    -0.07528056204319,
    -0.0952971875667572
  ],
  "iteration": [
    1,
    501,
    1001,
    1501,
    2001,
    2501,
    3001,
    3501
  ]
}