{
  "loss": [
    13.191827774047852,
    0.023672819137573242,
    0.007454031612724066,
    0.015275984071195126,
    0.010182902216911316,
    0.0175170935690403,
    0.0018877631518989801,
    0.0020967177115380764
  ],
  "log_Z": [
    -0.0009999999310821295,
    -0.024029435589909554,
    -0.028609709814190865,
    -0.03539099916815758,
    -0.04098585620522499,
    -0.046843938529491425,
    -0.05288568511605263,
    -0.0583694688975811
  ],
  "iteration": [
    1,
    501,
    1001,
    1501,
    2001,
    2501,
    3001,
    3501
  ]
}