{
  "hypervolume": 0.1099999814460865,
  "r2_indicator": -0.04536363568894863,
  "avg_pairwise_distance": 0.0,
  "spacing": 0.0,
  "spread": 1.0,
  "tds": 0.3467756934423601,
  "mpd": 4.61512051684126,
  "mce": 0.0,
  "num_modes": 1,
  "pmd": 0.0,
  "pfs": 0.0,
  "pas": 0.0,
  "rbd": 0.34677569344233755,
  "fci": 0.44229994158878516,
  "qds": 0.04545453778763904,
  "der": 0.0,
  "num_parameters": 9351,
  "training_time": 6314.796541,
  "final_loss": -0.16357403993606567,
  "seed": 42,
  "exp_name": "medium_low_seed42",
  "condition_name": "medium_low"
}