{
  "loss": [
    234.16444396972656,
    1.3185769319534302,
    0.4329725503921509,
    -0.08636485785245895,
    0.019323647022247314,
    -0.16648921370506287,
    -0.14599448442459106,
    -0.16357403993606567
  ],
  "base_loss": [
    218.31130981445312,
    1.4563814401626587,
    0.2754877805709839,
    0.07562179863452911,
    0.28012725710868835,
    0.009399935603141785,
    0.020900188013911247,
    0.011905963532626629
  ],
  "reg_term": [
    15.853134155273438,
    -0.13780450820922852,
    0.157484769821167,
    -0.16198665648698807,
    -0.26080361008644104,
    -0.17588914930820465,
    -0.1668946724385023,
    -0.1754800034686923
  ],
  "log_Z": [
    -0.0009999999310821295,
    -0.048069264739751816,
    -0.050781503319740295,
    -0.057012274861335754,
    -0.058843277394771576,
    -0.058034610003232956,
    -0.05499923229217529,
    -0.05164110288023949
  ],
  "iteration": [
    1,
    501,
    1001,
    1501,
    2001,
    2501,
    3001,
    3501
  ]
}