{
  "hypervolume": 1.1734945536488595,
  "r2_indicator": -0.2680909681331855,
  "avg_pairwise_distance": 0.11846856117020468,
  "spacing": 0.14487607777118683,
  "spread": 1.7929467693291439,
  "tds": 0.3855426554965924,
  "mpd": 1.972964618091049,
  "mce": 0.07434427506191445,
  "num_modes": 4,
  "pmd": 0.0,
  "pfs": 0.0,
  "pas": 0.1186297458391444,
  "rbd": 0.38557086011632014,
  "fci": 0.46007503772276825,
  "qds": 0.5212190204980199,
  "der": 49.06426749541837,
  "num_parameters": 2887,
  "training_time": 3010.880447,
  "final_loss": 0.00724080391228199,
  "seed": 789,
  "exp_name": "small_film_seed789",
  "capacity": "small",
  "hidden_dim": 32,
  "num_layers": 2,
  "conditioning": "film",
  "alpha": 1.5,
  "preference_sampling": "dirichlet",
  "loss": "trajectory_balance"
}