{
  "hypervolume": 1.1692031143482569,
  "r2_indicator": -0.2688027389065711,
  "avg_pairwise_distance": 0.1313204798640599,
  "spacing": 0.09385833144187927,
  "spread": 1.7833747356797125,
  "tds": 0.36388989935734206,
  "mpd": 1.4309230713827326,
  "mce": 0.18184257573445592,
  "num_modes": 3,
  "pmd": 0.0,
  "pfs": 3.4627835895660123e-13,
  "pas": 0.12600871373378866,
  "rbd": 0.3639704184704244,
  "fci": 0.5010615711252655,
  "qds": 0.5253497836160578,
  "der": 30.617309442899764,
  "num_parameters": 2887,
  "training_time": 5348.366432,
  "final_loss": 0.006269142962992191,
  "seed": 789,
  "exp_name": "small_film_seed789",
  "capacity": "small",
  "hidden_dim": 32,
  "num_layers": 2,
  "conditioning": "film",
  "alpha": 1.5,
  "preference_sampling": "dirichlet",
  "loss": "trajectory_balance"
}