{
  "loss": [
    15.024803161621094,
    0.01605154201388359,
    0.01108630932867527,
    0.027194000780582428,
    0.010915487073361874,
    0.00712731946259737,
    0.02535584568977356,
    0.00724080391228199
  ],
  "log_Z": [
    -0.0009999999310821295,
    -0.06013094633817673,
    -0.05974971130490303,
    -0.06008196249604225,
    -0.060223959386348724,
    -0.060931090265512466,
    -0.061915453523397446,
    -0.06413955986499786
  ],
  "iteration": [
    1,
    501,
    1001,
    1501,
    2001,
    2501,
    3001,
    3501
  ]
}