{
  "loss": [
    15.024803161621094,
    0.01605154201388359,
    0.01108630932867527,
    0.027194000780582428,
    0.010915487073361874,
    0.00712731946259737,
    0.02535584568977356,
    0.00724080391228199,
    0.006600426975637674,
    0.01186862401664257,
    0.005630784202367067,
    0.0047811465337872505,
    0.005809161812067032,
    0.008805055171251297,
    0.005673725623637438,
    0.005905867554247379,
    0.0033629131503403187,
    0.009273908101022243,
    0.019063156098127365,
    0.006269142962992191
  ],
  "log_Z": [
    -0.0009999999310821295,
    -0.06013094633817673,
    -0.05974971130490303,
    -0.06008196249604225,
    -0.060223959386348724,
    -0.060931090265512466,
    -0.061915453523397446,
    -0.06413955986499786,
    -0.06619936972856522,
    -0.06839565187692642,
    -0.07167220115661621,
    -0.07427594065666199,
    -0.07700399309396744,
    -0.07949871569871902,
    -0.0815332904458046,
    -0.08372917771339417,
    -0.08518487215042114,
    -0.08707668632268906,
    -0.08847508579492569,
    -0.09188711643218994
  ],
  "iteration": [
    1,
    501,
    1001,
    1501,
    2001,
    2501,
    3001,
    3501,
    4001,
    4501,
    5001,
    5501,
    6001,
    6501,
    7001,
    7501,
    8001,
    8501,
    9001,
    9501
  ]
}