{
  "hypervolume": 1.1940840760051674,
  "r2_indicator": -0.2704561490660364,
  "avg_pairwise_distance": 0.48215563044811677,
  "spacing": 0.17669884860515594,
  "spread": 1.481789381123761,
  "tds": 0.5003736646982108,
  "mpd": 1.0514933629953405,
  "mce": 0.45064102958033647,
  "num_modes": 4,
  "pmd": 0.0,
  "pfs": 0.0007234113655630355,
  "pas": 0.48215563044811677,
  "rbd": 0.5033270797664771,
  "fci": 0.4109517121894237,
  "qds": 0.6381124718235986,
  "der": 10.175539930790205,
  "num_parameters": 68103,
  "training_time": 2504.759527,
  "final_loss": -0.059082429856061935,
  "seed": 264,
  "exp_name": "standard_seed264",
  "capacity": "medium",
  "hidden_dim": 128,
  "num_layers": 4
}