{
  "loss": [
    11.794135093688965,
    -0.05412489175796509,
    -0.06936359405517578,
    -0.0701199546456337,
    -0.05858786031603813,
    -0.06362064927816391,
    -0.06580109149217606,
    -0.059082429856061935
  ],
  "base_loss": [
    11.438368797302246,
    0.016735568642616272,
    0.002027548383921385,
    0.0012086147908121347,
    0.0028885225765407085,
    0.0014013824984431267,
    0.001000981661491096,
    0.0009587477543391287
  ],
  "reg_term": [
    0.35576629638671875,
    -0.07086046040058136,
    -0.07139114243909717,
    -0.07132856943644583,
    -0.06147638289257884,
    -0.06502203177660704,
    -0.06680207315366715,
    -0.060041177610401064
  ],
  "log_Z": [
    -0.0009999999310821295,
    -0.02453008107841015,
    -0.023027688264846802,
    -0.0218899417668581,
    -0.02023644931614399,
    -0.01847267337143421,
    -0.019945301115512848,
    -0.023726047948002815
  ],
  "iteration": [
    1,
    501,
    1001,
    1501,
    2001,
    2501,
    3001,
    3501
  ]
}