{
  "hypervolume": 1.1909610166891182,
  "r2_indicator": -0.2700896814515758,
  "avg_pairwise_distance": 0.49225532214466994,
  "spacing": 0.18592365086078644,
  "spread": 1.592668437322067,
  "tds": 0.5490201980674875,
  "mpd": 0.9982073073277533,
  "mce": 0.44346662435322154,
  "num_modes": 40,
  "pmd": 0.0,
  "pfs": 0.0010544614604830471,
  "pas": 0.49225532214466994,
  "rbd": 0.5500101873435227,
  "fci": 0.42656698629394874,
  "qds": 0.6413586356811106,
  "der": 13.679169537308834,
  "num_parameters": 68103,
  "training_time": 1902.247165,
  "final_loss": 0.0006435206159949303,
  "seed": 42,
  "exp_name": "kl_uniform_01_seed42",
  "capacity": "medium",
  "hidden_dim": 128,
  "num_layers": 4
}