{
  "loss": [
    12.253049850463867,
    0.004320602398365736,
    0.0019702953286468983,
    0.0009831269271671772,
    0.003102715592831373,
    0.0011954950168728828,
    0.001035475404933095,
    0.0006435206159949303
  ],
  "base_loss": [
    12.128013610839844,
    0.0037744210567325354,
    0.0024458328261971474,
    0.0012798651587218046,
    0.003607184858992696,
    0.001111539313569665,
    0.0006775289075449109,
    0.0004139521042816341
  ],
  "reg_term": [
    0.12503623962402344,
    0.0005461813416332006,
    -0.0004755374975502491,
    -0.0002967382315546274,
    -0.0005044692661613226,
    8.395570330321789e-05,
    0.00035794649738818407,
    0.00022956851171329618
  ],
  "log_Z": [
    -0.0009999999310821295,
    -0.02578643709421158,
    -0.023179883137345314,
    -0.021083222702145576,
    -0.01995023712515831,
    -0.0182387363165617,
    -0.01669401116669178,
    -0.015052451752126217
  ],
  "iteration": [
    1,
    501,
    1001,
    1501,
    2001,
    2501,
    3001,
    3501
  ]
}