{
  "hypervolume": 1.1909610166891182,
  "r2_indicator": -0.2700896814515758,
  "avg_pairwise_distance": 0.23869536075497955,
  "spacing": 0.10196501016616821,
  "spread": 1.3720182552868698,
  "tds": 0.6476021487081014,
  "mpd": 0.8464994961289823,
  "mce": 0.5719628822452817,
  "num_modes": 48,
  "pmd": 0.0,
  "pfs": 0.0009513155274222659,
  "pas": 0.23869536075497955,
  "rbd": 0.6011231820928786,
  "fci": 0.5503786789377816,
  "qds": 0.5598613774374519,
  "der": 11.763553995467433,
  "num_parameters": 68103,
  "training_time": 1072.609614,
  "final_loss": 0.0009100186289288104,
  "seed": 456,
  "exp_name": "temp_very_high_seed456",
  "hidden_dim": 128,
  "num_layers": 4,
  "conditioning": "concat"
}