{
  "loss": [
    13.858643531799316,
    0.048680178821086884,
    0.008909080177545547,
    0.0037603764794766903,
    0.0015342418337240815,
    0.0012769968016073108,
    0.0015473960665985942,
    0.0009100186289288104
  ],
  "log_Z": [
    -0.0009999999310821295,
    -0.024706633761525154,
    -0.029446590691804886,
    -0.03245585784316063,
    -0.03540017083287239,
    -0.039469558745622635,
    -0.04097884148359299,
    -0.045062679797410965
  ],
  "iteration": [
    1,
    501,
    1001,
    1501,
    2001,
    2501,
    3001,
    3501
  ]
}