{
  "hypervolume": 1.4641000000000006,
  "r2_indicator": -0.06914373351163743,
  "avg_pairwise_distance": 0.2611576089469812,
  "spacing": 0.0005917042144574225,
  "spread": 0.4083655130909556,
  "tds": 0.6691919191919192,
  "mpd": 0.6931471805599453,
  "mce": 0.5546465795622889,
  "num_modes": 74,
  "pmd": 0.0,
  "pfs": 0.7918741555692632,
  "pas": 0.2611576089469812,
  "rbd": 0.6691919191919192,
  "fci": 0.3700703234880449,
  "qds": 0.5593540020334048,
  "der": 1.7693902980688172,
  "num_parameters": 70923,
  "training_time": 7491.942666,
  "final_loss": 0.42557841539382935,
  "seed": 153,
  "exp_name": "medium_low_seed153",
  "condition_name": "medium_low",
  "pfs_metadata": {
    "recalculated": true,
    "recalculation_date": "2025-12-02T00:00:28.083331",
    "old_value": 0.0,
    "method": "extended_pfs_with_manifold_projection"
  }
}