{
  "loss": [
    70.4744644165039,
    4.31319522857666,
    2.7579431533813477,
    1.805708408355713,
    3.7168731689453125,
    2.6166818141937256,
    0.5530291795730591,
    2.3261160850524902,
    2.813467025756836,
    1.2347429990768433,
    0.7232686281204224,
    0.3351396322250366,
    0.15275460481643677,
    1.0199682712554932,
    0.23153571784496307,
    0.42557841539382935
  ],
  "base_loss": [
    62.66018295288086,
    6.315634727478027,
    3.054672956466675,
    4.004703044891357,
    4.83012056350708,
    0.5550464987754822,
    0.8154152631759644,
    2.93617844581604,
    0.8414728045463562,
    0.8141613006591797,
    2.2300329208374023,
    1.0573475360870361,
    0.5805336236953735,
    1.2944656610488892,
    0.8157876133918762,
    0.2591150104999542
  ],
  "reg_term": [
    7.814281463623047,
    -2.002439498901367,
    -0.29672980308532715,
    -2.1989946365356445,
    -1.1132473945617676,
    2.0616353154182434,
    -0.2623860836029053,
    -0.6100623607635498,
    1.9719942212104797,
    0.4205816984176636,
    -1.50676429271698,
    -0.7222079038619995,
    -0.42777901887893677,
    -0.274497389793396,
    -0.5842518955469131,
    0.16646340489387512
  ],
  "log_Z": [
    -0.0009999999310821295,
    -0.022010821849107742,
    -0.03073236159980297,
    -0.0316082164645195,
    -0.034195397049188614,
    -0.03261546045541763,
    -0.02778964303433895,
    -0.03017485700547695,
    -0.031200598925352097,
    -0.024226881563663483,
    -0.024380426853895187,
    -0.022693131119012833,
    -0.018834827467799187,
    -0.01441154070198536,
    -0.011932304129004478,
    -0.006565332878381014
  ],
  "iteration": [
    1,
    501,
    1001,
    1501,
    2001,
    2501,
    3001,
    3501,
    4001,
    4501,
    5001,
    5501,
    6001,
    6501,
    7001,
    7501
  ]
}