{
  "hypervolume": 1.4641000000000006,
  "r2_indicator": -0.06914373351163743,
  "avg_pairwise_distance": 0.25557299020227786,
  "spacing": 1.2911664626358288e-08,
  "spread": 0.40338029013090065,
  "tds": 0.665959595959596,
  "mpd": 0.6931471805599453,
  "mce": 0.533670761747504,
  "num_modes": 88,
  "pmd": 0.0,
  "pfs": 0.0,
  "pas": 0.25557299020227786,
  "rbd": 0.665959595959596,
  "fci": 0.37533211456429005,
  "qds": 0.5580847705005176,
  "der": 1.7420735400349792,
  "num_parameters": 70923,
  "training_time": 7446.700254,
  "final_loss": 0.23493169248104095,
  "seed": 153,
  "exp_name": "low_subtb_entropy_seed153",
  "condition_name": "low_subtb_entropy"
}