{
  "loss": [
    67.4309310913086,
    1.8246973752975464,
    2.5805935859680176,
    2.215782403945923,
    1.0348073244094849,
    0.3741501569747925,
    1.4514124393463135,
    3.857121467590332,
    0.5990469455718994,
    0.8507996797561646,
    1.694936990737915,
    0.4078189730644226,
    0.5284477472305298,
    0.9209199547767639,
    0.2976851165294647,
    0.23493169248104095
  ],
  "base_loss": [
    37.86429977416992,
    3.1452879905700684,
    3.3415393829345703,
    3.82021164894104,
    3.219897985458374,
    1.2163313627243042,
    1.3254574537277222,
    5.471216201782227,
    0.907351016998291,
    0.8890025615692139,
    0.4696146249771118,
    0.3532620072364807,
    0.6311834454536438,
    1.2182972431182861,
    0.3406306207180023,
    0.3104730248451233
  ],
  "reg_term": [
    29.566631317138672,
    -1.320590615272522,
    -0.7609457969665527,
    -1.6044292449951172,
    -2.185090661048889,
    -0.8421812057495117,
    0.1259549856185913,
    -1.6140947341918945,
    -0.3083040714263916,
    -0.038202881813049316,
    1.2253223657608032,
    0.054556965827941895,
    -0.10273569822311401,
    -0.2973772883415222,
    -0.0429455041885376,
    -0.07554133236408234
  ],
  "log_Z": [
    -0.0009999999310821295,
    -0.025208313018083572,
    -0.032586719840765,
    -0.029951568692922592,
    -0.030545096844434738,
    -0.030001355335116386,
    -0.027998296543955803,
    -0.023612787947058678,
    -0.023967696353793144,
    -0.026638973504304886,
    -0.021965399384498596,
    -0.020923657342791557,
    -0.02305719070136547,
    -0.015793954953551292,
    -0.01622435264289379,
    -0.014884067699313164
  ],
  "iteration": [
    1,
    501,
    1001,
    1501,
    2001,
    2501,
    3001,
    3501,
    4001,
    4501,
    5001,
    5501,
    6001,
    6501,
    7001,
    7501
  ]
}