{
  "hypervolume": 1.1866810642691785,
  "r2_indicator": -0.2695956055832782,
  "avg_pairwise_distance": 0.44343250848138044,
  "spacing": 0.18189100921154022,
  "spread": 1.6121861721551949,
  "tds": 0.53010217973889,
  "mpd": 0.9676914784596373,
  "mce": 0.34767100576863086,
  "num_modes": 31,
  "pmd": 0.0,
  "pfs": 0.0005307834500299209,
  "pas": 0.44343250848138044,
  "rbd": 0.5325342110190694,
  "fci": 0.4353380503144655,
  "qds": 0.6256663890366019,
  "der": 11.554645270361595,
  "num_parameters": 68103,
  "training_time": 2028.650203,
  "final_loss": 0.0016286004101857543,
  "seed": 153,
  "exp_name": "none_seed153",
  "capacity": "medium",
  "hidden_dim": 128,
  "num_layers": 4
}