{
  "loss": [
    12.135671615600586,
    0.0017084134742617607,
    0.007422468159347773,
    0.005653250962495804,
    0.0012764210114255548,
    0.0006458059069700539,
    0.00044643456931225955,
    0.0016286004101857543
  ],
  "base_loss": [
    12.043863296508789,
    0.002167405793443322,
    0.008739013224840164,
    0.005797016900032759,
    0.001259600161574781,
    0.00047516205813735723,
    0.000544962240383029,
    0.0013717524707317352
  ],
  "reg_term": [
    0.09180831909179688,
    -0.00045899231918156147,
    -0.0013165450654923916,
    -0.00014376593753695488,
    1.682084985077381e-05,
    0.00017064384883269668,
    -9.852767107076943e-05,
    0.00025684793945401907
  ],
  "log_Z": [
    -0.0009999999310821295,
    -0.024474039673805237,
    -0.02305821143090725,
    -0.021323608234524727,
    -0.019618982449173927,
    -0.01805528625845909,
    -0.01659790612757206,
    -0.01500924676656723
  ],
  "iteration": [
    1,
    501,
    1001,
    1501,
    2001,
    2501,
    3001,
    3501
  ]
}