{
  "hypervolume": 1.1768157296469144,
  "r2_indicator": -0.26847467903296157,
  "avg_pairwise_distance": 0.1639400679561889,
  "spacing": 0.10491085797548294,
  "spread": 1.8000619632620387,
  "tds": 0.433808719161879,
  "mpd": 1.1074606531990985,
  "mce": 0.1059342523137556,
  "num_modes": 6,
  "pmd": 0.0,
  "pfs": 0.07231832321354024,
  "pas": 0.1639400679561889,
  "rbd": 0.43411804917866215,
  "fci": 0.4074028326745718,
  "qds": 0.5358341163158107,
  "der": 3.7315449897716984,
  "num_parameters": 68103,
  "training_time": 2322.376809,
  "final_loss": 0.003790784627199173,
  "seed": 123,
  "exp_name": "on_policy_pure_seed123",
  "hidden_dim": 128,
  "num_layers": 4,
  "conditioning": "concat",
  "pfs_metadata": {
    "recalculated": true,
    "recalculation_date": "2025-12-01T16:18:44.752903",
    "old_value": 2.99914706079448e-12,
    "method": "extended_pfs_with_manifold_projection"
  }
}