{
  "hypervolume": 0.9058386917119847,
  "r2_indicator": -0.23390484065118464,
  "avg_pairwise_distance": 0.37814249304833836,
  "spacing": 0.10061222314834595,
  "spread": 1.1793840406798959,
  "tds": 0.9035536953752568,
  "mpd": 0.6931471805599453,
  "mce": 0.6755314050138641,
  "num_modes": 2,
  "pmd": 0.0,
  "pfs": 0.0010357211518724195,
  "pas": 0.37814249304833836,
  "rbd": 0.8968614718614727,
  "fci": 0.29065463798288227,
  "qds": 0.16699414594966683,
  "der": 108.76896214187241,
  "num_parameters": 3617,
  "training_time": 3460.226203,
  "final_loss": 0.06733427196741104,
  "seed": 42,
  "exp_name": "small_tb_seed42",
  "condition_name": "small_tb"
}