{
  "loss": [
    24.53519058227539,
    0.15012602508068085,
    0.12561100721359253,
    0.15053881704807281,
    0.10597103089094162,
    0.08827473223209381,
    0.144076406955719,
    0.06876733899116516,
    0.05581993982195854,
    0.06282910704612732,
    0.06723421066999435,
    0.056036319583654404,
    0.04388415813446045,
    0.047423914074897766,
    0.08092862367630005,
    0.06733427196741104
  ],
  "base_loss": [
    24.53519058227539,
    0.15012602508068085,
    0.12561100721359253,
    0.15053881704807281,
    0.10597103089094162,
    0.08827473223209381,
    0.144076406955719,
    0.06876733899116516,
    0.05581993982195854,
    0.06282910704612732,
    0.06723421066999435,
    0.056036319583654404,
    0.04388415813446045,
    0.047423914074897766,
    0.08092862367630005,
    0.06733427196741104
  ],
  "reg_term": [
    0.0,
    0.0,
    0.0,
    0.0,
    0.0,
    0.0,
    0.0,
    0.0,
    0.0,
    0.0,
    0.0,
    0.0,
    0.0,
    0.0,
    0.0,
    0.0
  ],
  "log_Z": [
    -0.0009999999310821295,
    -0.19309711456298828,
    -0.2226540595293045,
    -0.22831887006759644,
    -0.22084708511829376,
    -0.205214262008667,
    -0.19055770337581635,
    -0.18766345083713531,
    -0.18828541040420532,
    -0.18717820942401886,
    -0.1898481845855713,
    -0.190338596701622,
    -0.19158902764320374,
    -0.18866422772407532,
    -0.18853141367435455,
    -0.1925128549337387
  ],
  "iteration": [
    1,
    501,
    1001,
    1501,
    2001,
    2501,
    3001,
    3501,
    4001,
    4501,
    5001,
    5501,
    6001,
    6501,
    7001,
    7501
  ]
}