{
  "hypervolume": 1.1692031143482569,
  "r2_indicator": -0.26966219859417867,
  "avg_pairwise_distance": 0.08899324744884053,
  "spacing": 0.07781098037958145,
  "spread": 1.7710337815879962,
  "tds": 0.38380096714664796,
  "mpd": 1.65568408098746,
  "mce": 0.0,
  "num_modes": 1,
  "pmd": 0.0,
  "pfs": 1.629504503147378e-13,
  "pas": 0.08899324744884053,
  "rbd": 0.3838148148148196,
  "fci": 0.4335881845363514,
  "qds": 0.511745295857121,
  "der": 1.9973954396852016,
  "num_parameters": 68103,
  "training_time": 2355.207948,
  "final_loss": 0.005966854747384787,
  "seed": 42,
  "exp_name": "pref_dirichlet_high_seed42",
  "hidden_dim": 128,
  "num_layers": 4,
  "conditioning": "concat"
}