{
  "hypervolume": 1.4641000000000006,
  "r2_indicator": -0.07590025447924478,
  "avg_pairwise_distance": 0.2511302349708214,
  "spacing": 0.0005917040398344398,
  "spread": 0.4209823439544718,
  "tds": 0.6761616161616162,
  "mpd": 0.6931471805599453,
  "mce": 0.5214986349490041,
  "num_modes": 87,
  "pmd": 0.0,
  "pfs": 0.0,
  "pas": 0.2511302349708214,
  "rbd": 0.6761616161616162,
  "fci": 0.38471858774662504,
  "qds": 0.5570750534024594,
  "der": 1.70198921953189,
  "num_parameters": 70923,
  "training_time": 7489.582364,
  "final_loss": 0.6257810592651367,
  "seed": 375,
  "exp_name": "medium_high_seed375",
  "condition_name": "medium_high"
}