{
  "loss": [
    63.235740661621094,
    4.875199317932129,
    4.234940052032471,
    3.22896146774292,
    3.1582236289978027,
    0.7873621582984924,
    1.7163127660751343,
    0.5403404235839844,
    1.712549090385437,
    0.6377421021461487,
    3.218947649002075,
    0.7806052565574646,
    0.43864119052886963,
    0.2931315004825592,
    0.28619182109832764,
    0.6257810592651367
  ],
  "base_loss": [
    59.30457305908203,
    4.382622718811035,
    4.902108192443848,
    3.0345075130462646,
    1.846081256866455,
    1.1852211952209473,
    1.4860557317733765,
    0.5916631817817688,
    1.8003284931182861,
    0.814936101436615,
    4.748715400695801,
    1.6068991422653198,
    0.6675137281417847,
    0.5357588529586792,
    0.5909517407417297,
    0.7295299768447876
  ],
  "reg_term": [
    3.9311676025390625,
    0.49257659912109375,
    -0.667168140411377,
    0.19445395469665527,
    1.3121423721313477,
    -0.39785903692245483,
    0.2302570343017578,
    -0.051322758197784424,
    -0.08777940273284912,
    -0.1771939992904663,
    -1.5297677516937256,
    -0.8262938857078552,
    -0.22887253761291504,
    -0.24262735247612,
    -0.3047599196434021,
    -0.10374891757965088
  ],
  "log_Z": [
    -0.0010000000474974513,
    -0.021841540932655334,
    -0.015739841386675835,
    -0.023074232041835785,
    -0.024781936779618263,
    -0.02845528908073902,
    -0.03983712196350098,
    -0.04310017451643944,
    -0.047653038054704666,
    -0.048263538628816605,
    -0.04699530825018883,
    -0.051579467952251434,
    -0.04554690048098564,
    -0.04677780345082283,
    -0.044234223663806915,
    -0.04631933942437172
  ],
  "iteration": [
    1,
    501,
    1001,
    1501,
    2001,
    2501,
    3001,
    3501,
    4001,
    4501,
    5001,
    5501,
    6001,
    6501,
    7001,
    7501
  ]
}