{
  "loss": [
    216.5261993408203,
    0.020932704210281372,
    -0.1462576985359192,
    -0.14339259266853333,
    -0.18951432406902313,
    -0.16487246751785278,
    -0.1795009970664978,
    -0.14857380092144012
  ],
  "base_loss": [
    223.93997192382812,
    0.2341691106557846,
    0.028623998165130615,
    0.022284969687461853,
    0.02123335935175419,
    0.009893596172332764,
    0.011883117258548737,
    0.004991990514099598
  ],
  "reg_term": [
    -7.4137725830078125,
    -0.21323640644550323,
    -0.1748816967010498,
    -0.16567756235599518,
    -0.21074768342077732,
    -0.17476606369018555,
    -0.19138411432504654,
    -0.15356579143553972
  ],
  "log_Z": [
    -0.0009999999310821295,
    -0.022992974147200584,
    -0.022045016288757324,
    -0.020795129239559174,
    -0.01978556253015995,
    -0.020507069304585457,
    -0.019020693376660347,
    -0.02141742967069149
  ],
  "iteration": [
    1,
    501,
    1001,
    1501,
    2001,
    2501,
    3001,
    3501
  ]
}