{
  "hypervolume": 0.032288903931206016,
  "r2_indicator": -0.10602988901705947,
  "avg_pairwise_distance": 0.5348684259651563,
  "spacing": 0.1004716008901596,
  "spread": 1.281850569946223,
  "tds": 0.9107222851722048,
  "mpd": 0.6931471805599454,
  "mce": 0.178532887316322,
  "num_modes": 53,
  "pmd": 0.0,
  "pfs": 0.021114933703009053,
  "pas": 0.5348684259651563,
  "rbd": 0.897646224146225,
  "fci": 0.2888714283932603,
  "qds": 0.6403665589600065,
  "der": 137.32201265117538,
  "num_parameters": 3745,
  "training_time": 3744.186563,
  "final_loss": -0.060201048851013184,
  "seed": 42,
  "exp_name": "small_veryhigh_seed42",
  "condition_name": "small_veryhigh"
}