{
  "loss": [
    19.184175491333008,
    0.20126336812973022,
    0.033654093742370605,
    0.4120769798755646,
    0.03719507157802582,
    0.13200780749320984,
    0.03938399255275726,
    -0.0385657399892807,
    0.04194474220275879,
    -0.04408276081085205,
    -0.04598834365606308,
    -0.011751234531402588,
    -0.025627002120018005,
    0.007753252983093262,
    -0.06415602564811707,
    -0.014418452978134155,
    -0.07174446433782578,
    -0.06173282861709595,
    -0.07350169122219086,
    -0.060201048851013184
  ],
  "base_loss": [
    17.0513858795166,
    0.2739757001399994,
    0.20395073294639587,
    0.4841352701187134,
    0.2676476836204529,
    0.16622748970985413,
    0.21499553322792053,
    0.12890173494815826,
    0.16567109525203705,
    0.15450575947761536,
    0.12002182751893997,
    0.21216413378715515,
    0.1459161937236786,
    0.14238561689853668,
    0.1310248225927353,
    0.09755727648735046,
    0.11877257376909256,
    0.11609306931495667,
    0.10688985139131546,
    0.1094655692577362
  ],
  "reg_term": [
    2.1327896118164062,
    -0.07271233201026917,
    -0.17029663920402527,
    -0.0720582902431488,
    -0.23045261204242706,
    -0.03421968221664429,
    -0.17561154067516327,
    -0.16746747493743896,
    -0.12372635304927826,
    -0.1985885202884674,
    -0.16601017117500305,
    -0.22391536831855774,
    -0.1715431958436966,
    -0.13463236391544342,
    -0.19518084824085236,
    -0.11197572946548462,
    -0.19051703810691833,
    -0.1778258979320526,
    -0.18039154261350632,
    -0.1696666181087494
  ],
  "log_Z": [
    -0.0009999998146668077,
    -0.14385630190372467,
    -0.1466652899980545,
    -0.1462414264678955,
    -0.1327710747718811,
    -0.12012511491775513,
    -0.10728230327367783,
    -0.09278332442045212,
    -0.08027871698141098,
    -0.07815326005220413,
    -0.0732492208480835,
    -0.07327459752559662,
    -0.07130611687898636,
    -0.07193873077630997,
    -0.06828785687685013,
    -0.05301458016037941,
    -0.05046176165342331,
    -0.04556392878293991,
    -0.03998345136642456,
    -0.039583999663591385
  ],
  "iteration": [
    1,
    501,
    1001,
    1501,
    2001,
    2501,
    3001,
    3501,
    4001,
    4501,
    5001,
    5501,
    6001,
    6501,
    7001,
    7501,
    8001,
    8501,
    9001,
    9501
  ]
}