{
  "hypervolume": 1.1867628258796492,
  "r2_indicator": -0.26960278698967566,
  "avg_pairwise_distance": 0.32121006542396474,
  "spacing": 0.15557879209518433,
  "spread": 1.7168918301133362,
  "tds": 0.39403367003367,
  "mpd": 2.596478425445105,
  "mce": 0.21214895638451534,
  "num_modes": 17,
  "pmd": 0.0,
  "pfs": 0.022546360732042026,
  "pas": 0.32121006542396474,
  "rbd": 0.3940336700336719,
  "fci": 0.4272704001260239,
  "qds": 0.586382607991563,
  "der": 7.782003367927308,
  "num_parameters": 68103,
  "training_time": 2181.895712,
  "final_loss": 0.0047760941088199615,
  "seed": 789,
  "exp_name": "quality_sampling_seed789",
  "hidden_dim": 128,
  "num_layers": 4,
  "conditioning": "concat"
}