{
  "loss": [
    13.711928367614746,
    0.0277666375041008,
    0.015162361785769463,
    0.006431153975427151,
    0.009201047010719776,
    0.007337427698075771,
    0.044625215232372284,
    0.0047760941088199615
  ],
  "log_Z": [
    -0.0009999999310821295,
    -0.023827562108635902,
    -0.02707626484334469,
    -0.03184594213962555,
    -0.03792096674442291,
    -0.04332897439599037,
    -0.04880402609705925,
    -0.053652308881282806
  ],
  "iteration": [
    1,
    501,
    1001,
    1501,
    2001,
    2501,
    3001,
    3501
  ]
}