{
  "hypervolume": 0.09724592696875334,
  "r2_indicator": -0.27010749323730066,
  "avg_pairwise_distance": 0.4860021784582936,
  "spacing": 0.18507909774780273,
  "spread": 1.531507956923454,
  "tds": 0.5008439975185031,
  "mpd": 0.9813938054623177,
  "mce": 0.4639137774525749,
  "num_modes": 4,
  "pmd": 0.0,
  "pfs": 0.0008161180928309457,
  "pas": 0.4860021784582936,
  "rbd": 0.5028797734252373,
  "fci": 0.4334391534391535,
  "qds": 0.639348799179124,
  "der": 14.664165558008225,
  "num_parameters": 68103,
  "training_time": 1751.931487,
  "final_loss": 0.0005663583287969232,
  "seed": 486,
  "exp_name": "subtrajectory_balance_09_seed486",
  "capacity": "medium",
  "hidden_dim": 128,
  "num_layers": 4,
  "num_unique_solutions": 61
}