{
  "loss": [
    13.773969650268555,
    0.025975901633501053,
    0.004046531394124031,
    0.0022553440649062395,
    0.0008419749792665243,
    0.0010980177903547883,
    0.001173657481558621,
    0.0005663583287969232
  ],
  "base_loss": [
    14.186084747314453,
    0.02749505639076233,
    0.003365454962477088,
    0.0012266247067600489,
    0.0007486050017178059,
    0.0008547811303287745,
    0.001213001785799861,
    0.0007970503647811711
  ],
  "reg_term": [
    -0.41211509704589844,
    -0.0015191547572612762,
    0.0006810764316469431,
    0.0010287193581461906,
    9.336997754871845e-05,
    0.00024323666002601385,
    -3.9344304241240025e-05,
    -0.00023069203598424792
  ],
  "log_Z": [
    -0.0009999998146668077,
    -0.02614009752869606,
    -0.02376297302544117,
    -0.021730247884988785,
    -0.019830647855997086,
    -0.01787951961159706,
    -0.01602540723979473,
    -0.014704596251249313
  ],
  "iteration": [
    1,
    501,
    1001,
    1501,
    2001,
    2501,
    3001,
    3501
  ]
}