{
  "hypervolume": 0.03182987264786305,
  "r2_indicator": -0.10708688339650059,
  "avg_pairwise_distance": 0.59624185538809,
  "spacing": 0.09904798120260239,
  "spread": 1.0578999654437082,
  "tds": 0.9012759376208275,
  "mpd": 0.6931471805599453,
  "mce": 0.20472177288617496,
  "num_modes": 58,
  "pmd": 0.0,
  "pfs": 0.9741651016525525,
  "pas": 0.59624185538809,
  "rbd": 0.8969446849446847,
  "fci": 0.2803582786592431,
  "qds": 0.6564729071411071,
  "der": 58.46713618999969,
  "num_parameters": 3745,
  "training_time": 9803.052228,
  "final_loss": -0.08020548522472382,
  "seed": 264,
  "exp_name": "small_low_seed264",
  "condition_name": "small_low",
  "pfs_metadata": {
    "recalculated": true,
    "recalculation_date": "2025-12-01T23:55:16.148266",
    "old_value": 0.03847147834796936,
    "method": "extended_pfs_with_manifold_projection"
  }
}