{
  "loss": [
    50.43464660644531,
    0.13046981394290924,
    -0.04770742356777191,
    -0.06374184787273407,
    -0.0881841778755188,
    -0.07861651480197906,
    -0.07362193614244461,
    -0.023280709981918335,
    -0.10074703395366669,
    -0.08877259492874146,
    -0.10125744342803955,
    -0.03299605846405029,
    -0.09520313143730164,
    -0.1061888337135315,
    -0.0788986086845398,
    -0.11212235689163208,
    -0.11175750195980072,
    -0.0931413471698761,
    -0.11848629266023636,
    -0.08020548522472382
  ],
  "base_loss": [
    47.14680480957031,
    0.27584266662597656,
    0.1681745946407318,
    0.10495983809232712,
    0.112969771027565,
    0.10701540112495422,
    0.12714159488677979,
    0.0893976017832756,
    0.06709714978933334,
    0.059505853801965714,
    0.11881591379642487,
    0.10837583243846893,
    0.07018743455410004,
    0.11601877957582474,
    0.10622610151767731,
    0.05720805749297142,
    0.056894414126873016,
    0.09856199473142624,
    0.11602147668600082,
    0.11805263161659241
  ],
  "reg_term": [
    3.287841796875,
    -0.14537285268306732,
    -0.21588201820850372,
    -0.1687016859650612,
    -0.2011539489030838,
    -0.1856319159269333,
    -0.2007635310292244,
    -0.11267831176519394,
    -0.16784418374300003,
    -0.14827844873070717,
    -0.22007335722446442,
    -0.14137189090251923,
    -0.16539056599140167,
    -0.22220761328935623,
    -0.1851247102022171,
    -0.1693304143846035,
    -0.16865191608667374,
    -0.19170334190130234,
    -0.23450776934623718,
    -0.19825811684131622
  ],
  "log_Z": [
    -0.0009999996982514858,
    -0.12809379398822784,
    -0.11366383731365204,
    -0.09742140024900436,
    -0.0848638191819191,
    -0.0793871134519577,
    -0.07191986590623856,
    -0.06876766681671143,
    -0.07197427749633789,
    -0.06423519551753998,
    -0.05565836653113365,
    -0.052131447941064835,
    -0.05065649747848511,
    -0.04690755903720856,
    -0.047434575855731964,
    -0.04827225208282471,
    -0.04507085308432579,
    -0.044936466962099075,
    -0.04072665795683861,
    -0.04697718471288681
  ],
  "iteration": [
    1,
    501,
    1001,
    1501,
    2001,
    2501,
    3001,
    3501,
    4001,
    4501,
    5001,
    5501,
    6001,
    6501,
    7001,
    7501,
    8001,
    8501,
    9001,
    9501
  ]
}