{
  "hypervolume": 1.1821556871035772,
  "r2_indicator": -0.2690777251327956,
  "avg_pairwise_distance": 0.10806687774171801,
  "spacing": 0.09463736414909363,
  "spread": 1.726552688369547,
  "tds": 0.3830877297056801,
  "mpd": 1.1717273551210823,
  "mce": 0.19186162869501397,
  "num_modes": 3,
  "pmd": 0.0,
  "pfs": 1.563513914255479e-12,
  "pas": 0.09833962500448833,
  "rbd": 0.38326309492976224,
  "fci": 0.4820884146341464,
  "qds": 0.5178757928216388,
  "der": 0.40528010025678274,
  "num_parameters": 269319,
  "training_time": 3564.288355,
  "final_loss": 0.006421947851777077,
  "seed": 1011,
  "exp_name": "xlarge_film_seed1011",
  "capacity": "xlarge",
  "hidden_dim": 256,
  "num_layers": 4,
  "conditioning": "film",
  "alpha": 1.5,
  "preference_sampling": "dirichlet",
  "loss": "trajectory_balance"
}