{
  "loss": [
    13.746599197387695,
    0.007746575400233269,
    0.005724742542952299,
    0.0238347128033638,
    0.011506762355566025,
    0.0057940189726650715,
    0.019854526966810226,
    0.006421947851777077
  ],
  "log_Z": [
    -0.0009999999310821295,
    -0.02023530937731266,
    -0.023668203502893448,
    -0.026101525872945786,
    -0.027895385399460793,
    -0.03019292652606964,
    -0.031657472252845764,
    -0.03392516449093819
  ],
  "iteration": [
    1,
    501,
    1001,
    1501,
    2001,
    2501,
    3001,
    3501
  ]
}