{
  "hypervolume": 0.030705160241169396,
  "r2_indicator": -0.10837261957973393,
  "avg_pairwise_distance": 0.5658892551725431,
  "spacing": 0.11208615452051163,
  "spread": 1.1953842088618865,
  "tds": 0.9144765574823378,
  "mpd": 0.6931471805599453,
  "mce": 0.18985917261914875,
  "num_modes": 52,
  "pmd": 0.0,
  "pfs": 0.06770308948903887,
  "pas": 0.5658892551725431,
  "rbd": 0.9086988936988942,
  "fci": 0.2691752873869364,
  "qds": 0.6485074153660839,
  "der": 135.1829043077802,
  "num_parameters": 3745,
  "training_time": 4024.022069,
  "final_loss": -0.049673035740852356,
  "seed": 264,
  "exp_name": "small_high_seed264",
  "condition_name": "small_high"
}