{
  "loss": [
    18.61925506591797,
    0.11743876338005066,
    0.0784701257944107,
    0.003391578793525696,
    0.053869232535362244,
    -0.029386892914772034,
    -0.0234973281621933,
    -0.04944004863500595,
    0.08831894397735596,
    -0.02971683442592621,
    -0.026891008019447327,
    -0.0939352810382843,
    -0.09512641280889511,
    -0.08864858746528625,
    -0.06587456166744232,
    -0.06755921244621277,
    -0.08293892443180084,
    -0.05705896019935608,
    -0.10061752796173096,
    -0.049673035740852356
  ],
  "base_loss": [
    16.423633575439453,
    0.27388083934783936,
    0.2395726442337036,
    0.2036513090133667,
    0.11346810311079025,
    0.20032887160778046,
    0.14115694165229797,
    0.15767040848731995,
    0.22242727875709534,
    0.0936126783490181,
    0.10980680584907532,
    0.0737437829375267,
    0.0834929570555687,
    0.08515162020921707,
    0.13856497406959534,
    0.11120668053627014,
    0.12206332385540009,
    0.12325077503919601,
    0.09662659466266632,
    0.2149026095867157
  ],
  "reg_term": [
    2.1956214904785156,
    -0.1564420759677887,
    -0.1611025184392929,
    -0.200259730219841,
    -0.05959887057542801,
    -0.2297157645225525,
    -0.16465426981449127,
    -0.2071104571223259,
    -0.13410833477973938,
    -0.1233295127749443,
    -0.13669781386852264,
    -0.167679063975811,
    -0.1786193698644638,
    -0.17380020767450333,
    -0.20443953573703766,
    -0.1787658929824829,
    -0.20500224828720093,
    -0.1803097352385521,
    -0.19724412262439728,
    -0.26457564532756805
  ],
  "log_Z": [
    -0.0009999998146668077,
    -0.13878095149993896,
    -0.125274196267128,
    -0.11194829642772675,
    -0.10896893590688705,
    -0.08612828701734543,
    -0.08429579436779022,
    -0.07647093385457993,
    -0.07981044799089432,
    -0.089056596159935,
    -0.08844377100467682,
    -0.10293251276016235,
    -0.10711545497179031,
    -0.11724379658699036,
    -0.11125127226114273,
    -0.11797080934047699,
    -0.12427844852209091,
    -0.12279803305864334,
    -0.12308751791715622,
    -0.1202157512307167
  ],
  "iteration": [
    1,
    501,
    1001,
    1501,
    2001,
    2501,
    3001,
    3501,
    4001,
    4501,
    5001,
    5501,
    6001,
    6501,
    7001,
    7501,
    8001,
    8501,
    9001,
    9501
  ]
}