{
  "hypervolume": 1.1734945536488595,
  "r2_indicator": -0.2680909681331855,
  "avg_pairwise_distance": 0.1093024221169546,
  "spacing": 0.08397436141967773,
  "spread": 1.7912095224598594,
  "tds": 0.414237562356748,
  "mpd": 1.4610376430786076,
  "mce": 0.0893179483965367,
  "num_modes": 3,
  "pmd": 0.0,
  "pfs": 0.027722602025039657,
  "pas": 0.10660883398426654,
  "rbd": 0.4143945078490591,
  "fci": 0.4319390287132223,
  "qds": 0.5182729118244509,
  "der": 1.7676458132967894,
  "num_parameters": 68103,
  "training_time": 3268.667872,
  "final_loss": 0.013654571026563644,
  "seed": 1011,
  "exp_name": "large_concat_seed1011",
  "capacity": "large",
  "hidden_dim": 128,
  "num_layers": 4,
  "conditioning": "concat",
  "alpha": 1.5,
  "preference_sampling": "dirichlet",
  "loss": "trajectory_balance",
  "pfs_metadata": {
    "recalculated": true,
    "recalculation_date": "2025-12-01T16:10:29.003784",
    "old_value": 0.0,
    "method": "extended_pfs_with_manifold_projection"
  }
}