{
  "hypervolume": 1.1692031143482569,
  "r2_indicator": -0.2680909681331855,
  "avg_pairwise_distance": 0.1093024221169546,
  "spacing": 0.08397436141967773,
  "spread": 1.7912095224598594,
  "tds": 0.414237562356748,
  "mpd": 1.4610376430786076,
  "mce": 0.21290978134013955,
  "num_modes": 2,
  "pmd": 0.0,
  "pfs": 0.0,
  "pas": 0.0,
  "rbd": 0.4143945078490591,
  "fci": 0.4319390287132223,
  "qds": 0.5182729118244509,
  "der": 1.6758294425481053,
  "num_parameters": 68103,
  "training_time": 3447.753651,
  "final_loss": 0.013654571026563644,
  "seed": 1011,
  "exp_name": "large_concat_seed1011",
  "capacity": "large",
  "hidden_dim": 128,
  "num_layers": 4,
  "conditioning": "concat",
  "alpha": 1.5,
  "preference_sampling": "dirichlet",
  "loss": "trajectory_balance"
}