{
  "hypervolume": 1.1909430055728751,
  "r2_indicator": -0.2700896814515758,
  "avg_pairwise_distance": 0.4872117856068602,
  "spacing": 0.18728028237819672,
  "spread": 1.604492537395518,
  "tds": 0.55301514718491,
  "mpd": 0.9442129396374439,
  "mce": 0.6867025747066068,
  "num_modes": 2,
  "pmd": 0.0,
  "pfs": 0.0014319069801876378,
  "pas": 0.4872117856068602,
  "rbd": 0.5505180156543825,
  "fci": 0.42300961767299916,
  "qds": 0.6397375816415436,
  "der": 9.061212373833808,
  "num_parameters": 68103,
  "training_time": 2842.285721,
  "final_loss": 0.003491236362606287,
  "seed": 264,
  "exp_name": "none_seed264",
  "capacity": "medium",
  "hidden_dim": 128,
  "num_layers": 4
}