{
  "hypervolume": 1.1871816072905503,
  "r2_indicator": -0.26966219859417867,
  "avg_pairwise_distance": 0.46392240086356284,
  "spacing": 0.18477147817611694,
  "spread": 1.5536901398964638,
  "tds": 0.49459666132825464,
  "mpd": 1.0378507647123754,
  "mce": 0.40568814224892535,
  "num_modes": 37,
  "pmd": 0.0,
  "pfs": 0.07349784452645979,
  "pas": 0.46392240086356284,
  "rbd": 0.49738926449533083,
  "fci": 0.4246582031249999,
  "qds": 0.6322520898771582,
  "der": 12.199846432002973,
  "num_parameters": 68103,
  "training_time": 2010.144309,
  "final_loss": 0.0007540286751464009,
  "seed": 264,
  "exp_name": "none_seed264",
  "capacity": "medium",
  "hidden_dim": 128,
  "num_layers": 4,
  "pfs_metadata": {
    "recalculated": true,
    "recalculation_date": "2025-12-01T16:14:34.698151",
    "old_value": 0.0005318582213185932,
    "method": "extended_pfs_with_manifold_projection"
  }
}