{
  "loss": [
    12.053409576416016,
    0.003192703705281019,
    0.0019987639971077442,
    0.018467143177986145,
    0.0017548503819853067,
    0.001697929808869958,
    0.0009098655427806079,
    0.0007540286751464009
  ],
  "base_loss": [
    11.902681350708008,
    0.012826555408537388,
    0.001391450990922749,
    0.013817821629345417,
    0.0010605078423395753,
    0.004672626033425331,
    0.0005993829108774662,
    0.0008292825659736991
  ],
  "reg_term": [
    0.1507282257080078,
    -0.009633851703256369,
    0.0006073130061849952,
    0.004649321548640728,
    0.0006943425396457314,
    -0.002974696224555373,
    0.00031048263190314174,
    -7.525389082729816e-05
  ],
  "log_Z": [
    -0.0009999999310821295,
    -0.025271007791161537,
    -0.022705765441060066,
    -0.02013363689184189,
    -0.017571087926626205,
    -0.014551321975886822,
    -0.011562486179172993,
    -0.008583386428654194
  ],
  "iteration": [
    1,
    501,
    1001,
    1501,
    2001,
    2501,
    3001,
    3501
  ]
}