{
  "hypervolume": 1.1940922993881329,
  "r2_indicator": -0.2704561490660364,
  "avg_pairwise_distance": 0.473307713968819,
  "spacing": 0.18579396605491638,
  "spread": 1.5045487169107603,
  "tds": 0.48944805194805197,
  "mpd": 0.9512648650664643,
  "mce": 0.5634429227209875,
  "num_modes": 3,
  "pmd": 0.0,
  "pfs": 0.0020812735851507523,
  "pas": 0.473307713968819,
  "rbd": 0.49258592025259273,
  "fci": 0.43410741590214075,
  "qds": 0.6352686437591062,
  "der": 10.653933003480281,
  "num_parameters": 68103,
  "training_time": 2348.388141,
  "final_loss": 0.001704121008515358,
  "seed": 264,
  "exp_name": "subtrajectory_balance_095_seed264",
  "capacity": "medium",
  "hidden_dim": 128,
  "num_layers": 4
}