{
  "loss": [
    12.720663070678711,
    0.005946381017565727,
    0.002673981012776494,
    0.004045492969453335,
    0.0022286889143288136,
    0.0008214318077079952,
    0.00516936369240284,
    0.001704121008515358
  ],
  "base_loss": [
    12.247696876525879,
    0.009963897988200188,
    0.0028434032574295998,
    0.004149076994508505,
    0.0018963197944685817,
    0.0009022590820677578,
    0.004698122385889292,
    0.0018544696504250169
  ],
  "reg_term": [
    0.47296619415283203,
    -0.0040175169706344604,
    -0.00016942224465310574,
    -0.00010358402505517006,
    0.0003323691198602319,
    -8.082727435976267e-05,
    0.0004712413065135479,
    -0.0001503486419096589
  ],
  "log_Z": [
    -0.0009999998146668077,
    -0.02375829592347145,
    -0.021154066547751427,
    -0.0184406116604805,
    -0.01671081781387329,
    -0.014999858103692532,
    -0.014614189974963665,
    -0.012452734634280205
  ],
  "iteration": [
    1,
    501,
    1001,
    1501,
    2001,
    2501,
    3001,
    3501
  ]
}