{
  "hypervolume": 1.4641000000000006,
  "r2_indicator": -0.07028279757740775,
  "avg_pairwise_distance": 0.2888011605806976,
  "spacing": 0.0005917040398344398,
  "spread": 0.39947190261928306,
  "tds": 0.654419191919192,
  "mpd": 0.6931471805599453,
  "mce": 0.5766283672545977,
  "num_modes": 92,
  "pmd": 0.0,
  "pfs": 0.7196747086944574,
  "pas": 0.2888011605806976,
  "rbd": 0.654419191919192,
  "fci": 0.3757387057387058,
  "qds": 0.565636627404704,
  "der": 4.147790473492731,
  "num_parameters": 70923,
  "training_time": 3534.252122,
  "final_loss": 0.16920781135559082,
  "seed": 42,
  "exp_name": "low_subtb_seed42",
  "condition_name": "low_subtb",
  "pfs_metadata": {
    "recalculated": true,
    "recalculation_date": "2025-12-02T00:02:11.740073",
    "old_value": 0.0,
    "method": "extended_pfs_with_manifold_projection"
  }
}