{
  "loss": [
    91.50163269042969,
    3.3837409019470215,
    4.901775360107422,
    2.0515270233154297,
    0.6836209297180176,
    1.0682469606399536,
    2.3955581188201904,
    1.5828559398651123,
    0.4086434841156006,
    1.3530454635620117,
    1.149916410446167,
    1.1899454593658447,
    1.439321756362915,
    0.276166170835495,
    1.1226837635040283,
    0.16920781135559082
  ],
  "base_loss": [
    94.54339599609375,
    2.3050410747528076,
    5.585026741027832,
    1.5925438404083252,
    0.4485514760017395,
    2.031182050704956,
    0.796509325504303,
    0.5795689821243286,
    0.4241989850997925,
    0.8159118890762329,
    1.3972280025482178,
    1.0270838737487793,
    1.1394286155700684,
    0.15917955338954926,
    0.6624245643615723,
    0.18699362874031067
  ],
  "reg_term": [
    -3.0417633056640625,
    1.0786998271942139,
    -0.6832513809204102,
    0.4589831829071045,
    0.23506945371627808,
    -0.9629350900650024,
    1.5990487933158875,
    1.0032869577407837,
    -0.015555500984191895,
    0.5371335744857788,
    -0.24731159210205078,
    0.16286158561706543,
    0.2998931407928467,
    0.11698661744594574,
    0.46025919914245605,
    -0.01778581738471985
  ],
  "log_Z": [
    -0.0009999999310821295,
    -0.012394493445754051,
    -0.01196312066167593,
    -0.0035118150990456343,
    0.00177523004822433,
    -0.006455130875110626,
    -0.012896672822535038,
    -0.01565948873758316,
    -0.01494348794221878,
    -0.011713128536939621,
    -0.014865470118820667,
    -0.009546884335577488,
    -0.005743054673075676,
    -0.005012184381484985,
    -0.001819342141970992,
    0.0063512553460896015
  ],
  "iteration": [
    1,
    501,
    1001,
    1501,
    2001,
    2501,
    3001,
    3501,
    4001,
    4501,
    5001,
    5501,
    6001,
    6501,
    7001,
    7501
  ]
}