{
  "hypervolume": 1.1692031143482569,
  "r2_indicator": -0.2688443101773961,
  "avg_pairwise_distance": 0.10572717484344428,
  "spacing": 0.08817942440509796,
  "spread": 1.7587538726977399,
  "tds": 0.41202879792913766,
  "mpd": 1.4544796785140093,
  "mce": 0.16169288267058873,
  "num_modes": 3,
  "pmd": 0.0,
  "pfs": 0.0002761484207227654,
  "pas": 0.10629977114419306,
  "rbd": 0.4122530062530136,
  "fci": 0.44007910889770163,
  "qds": 0.5171237838283064,
  "der": 0.22969464789835978,
  "num_parameters": 267271,
  "training_time": 6199.924685,
  "final_loss": 0.00607151398435235,
  "seed": 1011,
  "exp_name": "xlarge_concat_seed1011",
  "capacity": "xlarge",
  "hidden_dim": 256,
  "num_layers": 4,
  "conditioning": "concat",
  "alpha": 1.5,
  "preference_sampling": "dirichlet",
  "loss": "trajectory_balance"
}