{
  "loss": [
    13.603371620178223,
    0.02116633765399456,
    0.0019520813366398215,
    0.023965178057551384,
    0.0017962622223421931,
    0.001707154791802168,
    0.011539541184902191,
    0.00607151398435235
  ],
  "log_Z": [
    -0.0009999999310821295,
    -0.021541329100728035,
    -0.029825745150446892,
    -0.037909142673015594,
    -0.04467863216996193,
    -0.0525829903781414,
    -0.05994211882352829,
    -0.06741489470005035
  ],
  "iteration": [
    1,
    501,
    1001,
    1501,
    2001,
    2501,
    3001,
    3501
  ]
}