{
  "hypervolume": 1.1910353079549256,
  "r2_indicator": -0.27010749323730066,
  "avg_pairwise_distance": 0.5012025593917573,
  "spacing": 0.18542839586734772,
  "spread": 1.5414777629461116,
  "tds": 0.3875016835016835,
  "mpd": 4.553876891600541,
  "mce": 0.4657568830046821,
  "num_modes": 44,
  "pmd": 0.0,
  "pfs": 0.0009984437857269342,
  "pas": 0.5012025593917573,
  "rbd": 0.38750168350168906,
  "fci": 0.42701171875,
  "qds": 0.6442343866494289,
  "der": 14.182435730204386,
  "num_parameters": 68103,
  "training_time": 1868.093947,
  "final_loss": 0.0015441798605024815,
  "seed": 789,
  "exp_name": "diverse_sampling_seed789",
  "hidden_dim": 128,
  "num_layers": 4,
  "conditioning": "concat"
}