{
  "loss": [
    13.962663650512695,
    0.03882415592670441,
    0.03200017288327217,
    0.022867130115628242,
    0.00489099370315671,
    0.007661908399313688,
    0.02204524166882038,
    0.0015441798605024815
  ],
  "log_Z": [
    -0.0009999999310821295,
    -0.023308418691158295,
    -0.026671769097447395,
    -0.030995387583971024,
    -0.03636455908417702,
    -0.04300834983587265,
    -0.04686305671930313,
    -0.050638601183891296
  ],
  "iteration": [
    1,
    501,
    1001,
    1501,
    2001,
    2501,
    3001,
    3501
  ]
}